{"type": "FeatureCollection", "source": "FHWA NBI 2025 via BTS NTAD (public domain) + OSM bridge decks (ODbL)", "crs_note": "WGS84 lon/lat (EPSG:4326)", "features": [{"type": "Feature", "properties": {"layer": "nbi", "id": "3221", "carries": "CR 120", "over": "GARVIN BROOK", "year_built": 1920, "material": "concrete", "design": "slab", "spans": 1, "max_span_m": 6.1, "length_m": 6.7, "deck_width_m": 6.5, "roadway_width_m": 6.4, "lanes": "2"}, "geometry": {"type": "Point", "coordinates": [-91.813042, 44.001317]}}, {"type": "Feature", "properties": {"layer": "nbi", "id": "3225", "carries": "US 14", "over": "STREAM", "year_built": 1920, "material": "concrete", "design": "culvert", "spans": 2, "max_span_m": 5.3, "length_m": 12.1, "deck_width_m": 0, "roadway_width_m": 0, "lanes": "2"}, "geometry": {"type": "Point", "coordinates": [-91.826283, 43.995489]}}, {"type": "Feature", "properties": {"layer": "nbi", "id": "4260", "carries": "M 154", "over": "N CHANNEL MISS RIVER", "year_built": 1916, "material": "concrete continuous", "design": "deck arch", "spans": 13, "max_span_m": 21.9, "length_m": 371.9, "deck_width_m": 7.5, "roadway_width_m": 5.3, "lanes": "1"}, "geometry": {"type": "Point", "coordinates": [-91.6337081, 44.059283]}}, {"type": "Feature", "properties": {"layer": "nbi", "id": "5194", "carries": "US 14", "over": "TWP 322", "year_built": 1932, "material": "concrete", "design": "girder-floorbeam", "spans": 1, "max_span_m": 10, "length_m": 11.1, "deck_width_m": 17.4, "roadway_width_m": 11.3, "lanes": "2"}, "geometry": {"type": "Point", "coordinates": [-91.8085859, 44.008011]}}, {"type": "Feature", "properties": {"layer": "nbi", "id": "5234", "carries": "US 14", "over": "STREAM", "year_built": 1932, "material": "concrete", "design": "girder-floorbeam", "spans": 1, "max_span_m": 12.4, "length_m": 14, "deck_width_m": 12.2, "roadway_width_m": 11.6, "lanes": "2"}, "geometry": {"type": "Point", "coordinates": [-91.8139969, 44.001922]}}, {"type": "Feature", "properties": {"layer": "nbi", "id": "5900", "carries": "MN 43", "over": "MISS RVR  RR  STREETS", "year_built": 1941, "material": "steel continuous", "design": "thru truss", "spans": 3, "max_span_m": 137.2, "length_m": 698.5, "deck_width_m": 10.1, "roadway_width_m": 8.9, "lanes": "2", "osm_decks": [355113629]}, "geometry": {"type": "Point", "coordinates": [-91.6404, 44.056572]}}, {"type": "Feature", "properties": {"layer": "nbi", "id": "5930", "carries": "MN 43", "over": "MISSISSIPPI RIVER", "year_built": 1943, "material": "prestressed concrete", "design": "stringer/girder", "spans": 10, "max_span_m": 30.6, "length_m": 307.3, "deck_width_m": 18.6, "roadway_width_m": 14.4, "lanes": "2"}, "geometry": {"type": "Point", "coordinates": [-91.637672, 44.061731]}}, {"type": "Feature", "properties": {"layer": "nbi", "id": "5954", "carries": "M 9", "over": "SPELTZ CREEK", "year_built": 1941, "material": "steel", "design": "stringer/girder", "spans": 1, "max_span_m": 12.2, "length_m": 13.1, "deck_width_m": 9.4, "roadway_width_m": 8.2, "lanes": "2"}, "geometry": {"type": "Point", "coordinates": [-91.810014, 44.099514]}}, {"type": "Feature", "properties": {"layer": "nbi", "id": "6024", "carries": "US 14", "over": "STREAM", "year_built": 1931, "material": "concrete", "design": "culvert", "spans": 2, "max_span_m": 3.5, "length_m": 7.8, "deck_width_m": 0, "roadway_width_m": 0, "lanes": "3", "osm_decks": [1197753227]}, "geometry": {"type": "Point", "coordinates": [-91.700181, 44.044653]}}, {"type": "Feature", "properties": {"layer": "nbi", "id": "6025", "carries": "US 14", "over": "STREAM", "year_built": 1932, "material": "concrete", "design": "culvert", "spans": 3, "max_span_m": 3.7, "length_m": 12.2, "deck_width_m": 0, "roadway_width_m": 0, "lanes": "2"}, "geometry": {"type": "Point", "coordinates": [-91.786617, 44.024836]}}, {"type": "Feature", "properties": {"layer": "nbi", "id": "6026", "carries": "US 14", "over": "STREAM", "year_built": 1932, "material": "concrete", "design": "culvert", "spans": 2, "max_span_m": 3, "length_m": 6.7, "deck_width_m": 0, "roadway_width_m": 0, "lanes": "2"}, "geometry": {"type": "Point", "coordinates": [-91.807775, 44.008408]}}, {"type": "Feature", "properties": {"layer": "nbi", "id": "85005", "carries": "US 61", "over": "BIG TROUT CREEK", "year_built": 1992, "material": "concrete continuous", "design": "slab", "spans": 3, "max_span_m": 9.9, "length_m": 30.8, "deck_width_m": 13.4, "roadway_width_m": 12.4, "lanes": "2", "osm_decks": [315702389]}, "geometry": {"type": "Point", "coordinates": [-91.460547, 43.996536]}}, {"type": "Feature", "properties": {"layer": "nbi", "id": "85009", "carries": "M 12", "over": "GARVIN BROOK", "year_built": 2008, "material": "prestressed concrete", "design": "stringer/girder", "spans": 2, "max_span_m": 30.6, "length_m": 64.7, "deck_width_m": 14.9, "roadway_width_m": 9.8, "lanes": "2", "osm_decks": [105684178]}, "geometry": {"type": "Point", "coordinates": [-91.747994, 44.092719]}}, {"type": "Feature", "properties": {"layer": "nbi", "id": "85011", "carries": "MN 248", "over": "ROLLINGSTONE CREEK", "year_built": 1972, "material": "prestressed concrete", "design": "stringer/girder", "spans": 3, "max_span_m": 15.4, "length_m": 40.4, "deck_width_m": 14.6, "roadway_width_m": 13.4, "lanes": "2", "osm_decks": [180201246]}, "geometry": {"type": "Point", "coordinates": [-91.812358, 44.095061]}}, {"type": "Feature", "properties": {"layer": "nbi", "id": "85012", "carries": "MN 248", "over": "ROLLINGSTONE CREEK", "year_built": 1972, "material": "prestressed concrete", "design": "stringer/girder", "spans": 3, "max_span_m": 25.3, "length_m": 77.1, "deck_width_m": 14.6, "roadway_width_m": 13.4, "lanes": "2"}, "geometry": {"type": "Point", "coordinates": [-91.799694, 44.097394]}}, {"type": "Feature", "properties": {"layer": "nbi", "id": "85015", "carries": "US 61", "over": "GARVIN BR; DME RR", "year_built": 1978, "material": "steel continuous", "design": "stringer/girder", "spans": 5, "max_span_m": 27.7, "length_m": 120.7, "deck_width_m": 13.5, "roadway_width_m": 12.3, "lanes": "2", "osm_decks": [105681834]}, "geometry": {"type": "Point", "coordinates": [-91.752897, 44.090931]}}, {"type": "Feature", "properties": {"layer": "nbi", "id": "85016", "carries": "US 61", "over": "GARVIN BR; DME RR", "year_built": 1978, "material": "steel continuous", "design": "stringer/girder", "spans": 5, "max_span_m": 27.4, "length_m": 119.8, "deck_width_m": 13.5, "roadway_width_m": 12.3, "lanes": "2", "osm_decks": [105683868]}, "geometry": {"type": "Point", "coordinates": [-91.752617, 44.091081]}}, {"type": "Feature", "properties": {"layer": "nbi", "id": "85017", "carries": "MN 43", "over": "WEST BURNS VALLEY CREEK", "year_built": 1979, "material": "prestressed concrete", "design": "stringer/girder", "spans": 1, "max_span_m": 27.7, "length_m": 28.7, "deck_width_m": 13.5, "roadway_width_m": 12.4, "lanes": "2"}, "geometry": {"type": "Point", "coordinates": [-91.663742, 44.012103]}}, {"type": "Feature", "properties": {"layer": "nbi", "id": "85020", "carries": "US 14", "over": "GARVIN BROOK", "year_built": 1988, "material": "concrete continuous", "design": "slab", "spans": 3, "max_span_m": 17.4, "length_m": 50, "deck_width_m": 15.3, "roadway_width_m": 14.2, "lanes": "2", "osm_decks": [105032986]}, "geometry": {"type": "Point", "coordinates": [-91.762167, 44.027319]}}, {"type": "Feature", "properties": {"layer": "nbi", "id": "85023", "carries": "US 14", "over": "DME RR", "year_built": 1982, "material": "steel continuous", "design": "stringer/girder", "spans": 3, "max_span_m": 27.4, "length_m": 73, "deck_width_m": 15.3, "roadway_width_m": 14.3, "lanes": "2"}, "geometry": {"type": "Point", "coordinates": [-91.782758, 44.024611]}}, {"type": "Feature", "properties": {"layer": "nbi", "id": "85025", "carries": "CR 129", "over": "GILMORE CREEK", "year_built": 2002, "material": "prestressed concrete", "design": "stringer/girder", "spans": 3, "max_span_m": 12.4, "length_m": 37.2, "deck_width_m": 13.2, "roadway_width_m": 12.2, "lanes": "2", "osm_decks": [497578763]}, "geometry": {"type": "Point", "coordinates": [-91.705406, 44.0578]}}, {"type": "Feature", "properties": {"layer": "nbi", "id": "85028", "carries": "US 61", "over": "TROUT CREEK", "year_built": 2017, "material": "concrete continuous", "design": "slab", "spans": 3, "max_span_m": 9.9, "length_m": 31, "deck_width_m": 13.8, "roadway_width_m": 12.8, "lanes": "2", "osm_decks": [160309713]}, "geometry": {"type": "Point", "coordinates": [-91.460694, 43.996361]}}, {"type": "Feature", "properties": {"layer": "nbi", "id": "85519", "carries": "CSAH 9", "over": "CEDAR CREEK", "year_built": 1978, "material": "concrete continuous", "design": "slab", "spans": 3, "max_span_m": 9.1, "length_m": 24.9, "deck_width_m": 10.9, "roadway_width_m": 9.8, "lanes": "2"}, "geometry": {"type": "Point", "coordinates": [-91.516492, 43.987503]}}, {"type": "Feature", "properties": {"layer": "nbi", "id": "85523", "carries": "T 22", "over": "SPELTZ CREEK", "year_built": 1979, "material": "prestressed concrete", "design": "tee beam", "spans": 1, "max_span_m": 19.8, "length_m": 20.6, "deck_width_m": 9.8, "roadway_width_m": 8.7, "lanes": "2", "osm_decks": [18285862]}, "geometry": {"type": "Point", "coordinates": [-91.827261, 44.108125]}}, {"type": "Feature", "properties": {"layer": "nbi", "id": "85528", "carries": "CR 105", "over": "EAST BURNS CREEK", "year_built": 1986, "material": "concrete continuous", "design": "slab", "spans": 3, "max_span_m": 14.6, "length_m": 38.7, "deck_width_m": 10.8, "roadway_width_m": 9.8, "lanes": "2"}, "geometry": {"type": "Point", "coordinates": [-91.643514, 44.003378]}}, {"type": "Feature", "properties": {"layer": "nbi", "id": "85539", "carries": "M 24", "over": "Garvin Brook", "year_built": 2000, "material": "concrete continuous", "design": "slab", "spans": 3, "max_span_m": 13.4, "length_m": 36.3, "deck_width_m": 12.5, "roadway_width_m": 9.8, "lanes": "2", "osm_decks": [18286690]}, "geometry": {"type": "Point", "coordinates": [-91.7653969, 44.025814]}}, {"type": "Feature", "properties": {"layer": "nbi", "id": "85540", "carries": "T 129", "over": "STOCKTON VALLEY CREEK", "year_built": 1999, "material": "concrete continuous", "design": "slab", "spans": 3, "max_span_m": 9.3, "length_m": 25.1, "deck_width_m": 10.5, "roadway_width_m": 9.6, "lanes": "2"}, "geometry": {"type": "Point", "coordinates": [-91.7621249, 44.005317]}}, {"type": "Feature", "properties": {"layer": "nbi", "id": "85543", "carries": "T 663", "over": "E BURNS VALLEY CREEK", "year_built": 1968, "material": "steel", "design": "stringer/girder", "spans": 1, "max_span_m": 7.5, "length_m": 7.6, "deck_width_m": 6.1, "roadway_width_m": 6.1, "lanes": "2"}, "geometry": {"type": "Point", "coordinates": [-91.652442, 43.982186]}}, {"type": "Feature", "properties": {"layer": "nbi", "id": "85550", "carries": "T 37", "over": "ROLLINGSTONE CREEK", "year_built": 2005, "material": "concrete continuous", "design": "slab", "spans": 3, "max_span_m": 10.4, "length_m": 27.6, "deck_width_m": 10.8, "roadway_width_m": 9.8, "lanes": "2", "osm_decks": [180201793]}, "geometry": {"type": "Point", "coordinates": [-91.7784421, 44.097897]}}, {"type": "Feature", "properties": {"layer": "nbi", "id": "85554", "carries": "T 341", "over": "GARVIN BROOK", "year_built": 2006, "material": "concrete continuous", "design": "slab", "spans": 3, "max_span_m": 13.4, "length_m": 35.8, "deck_width_m": 9.5, "roadway_width_m": 8.5, "lanes": "2"}, "geometry": {"type": "Point", "coordinates": [-91.758886, 44.041142]}}, {"type": "Feature", "properties": {"layer": "nbi", "id": "85555", "carries": "MSAS 125", "over": "CP RAIL", "year_built": 2007, "material": "prestressed concrete", "design": "stringer/girder", "spans": 2, "max_span_m": 30.6, "length_m": 48.6, "deck_width_m": 27.5, "roadway_width_m": 18.3, "lanes": "4", "osm_decks": [105079911, 236154619, 236244379]}, "geometry": {"type": "Point", "coordinates": [-91.683608, 44.060519]}}, {"type": "Feature", "properties": {"layer": "nbi", "id": "85557", "carries": "T 340", "over": "ROLLINGSTONE CREEK", "year_built": 2006, "material": "concrete continuous", "design": "slab", "spans": 3, "max_span_m": 9.4, "length_m": 25.5, "deck_width_m": 10.8, "roadway_width_m": 9.8, "lanes": "2", "osm_decks": [180201251]}, "geometry": {"type": "Point", "coordinates": [-91.820275, 44.095214]}}, {"type": "Feature", "properties": {"layer": "nbi", "id": "85560", "carries": "M 12", "over": "GARVIN BROOK", "year_built": 2011, "material": "concrete continuous", "design": "slab", "spans": 3, "max_span_m": 11, "length_m": 29.4, "deck_width_m": 11.2, "roadway_width_m": 8.5, "lanes": "2", "osm_decks": [139445425]}, "geometry": {"type": "Point", "coordinates": [-91.765403, 44.030339]}}, {"type": "Feature", "properties": {"layer": "nbi", "id": "85563", "carries": "CSAH 7", "over": "BIG TROUT CREEK", "year_built": 2009, "material": "concrete continuous", "design": "slab", "spans": 1, "max_span_m": 13, "length_m": 13.7, "deck_width_m": 10.5, "roadway_width_m": 9.8, "lanes": "2"}, "geometry": {"type": "Point", "coordinates": [-91.496353, 43.980136]}}, {"type": "Feature", "properties": {"layer": "nbi", "id": "85564", "carries": "CSAH 15", "over": "STREAM", "year_built": 2012, "material": "prestressed concrete", "design": "stringer/girder", "spans": 1, "max_span_m": 23.4, "length_m": 25.2, "deck_width_m": 13, "roadway_width_m": 12.2, "lanes": "2"}, "geometry": {"type": "Point", "coordinates": [-91.5602329, 44.022308]}}, {"type": "Feature", "properties": {"layer": "nbi", "id": "85567", "carries": "T 131", "over": "EAST BURNS CREEK", "year_built": 2010, "material": "concrete continuous", "design": "slab", "spans": 3, "max_span_m": 9.4, "length_m": 25.6, "deck_width_m": 8.9, "roadway_width_m": 7.9, "lanes": "2", "osm_decks": [763969696]}, "geometry": {"type": "Point", "coordinates": [-91.645858, 43.992594]}}, {"type": "Feature", "properties": {"layer": "nbi", "id": "85570", "carries": "T 62", "over": "GARVIN BROOK", "year_built": 2008, "material": "prestressed concrete", "design": "stringer/girder", "spans": 1, "max_span_m": 37.8, "length_m": 39.3, "deck_width_m": 7.1, "roadway_width_m": 6.1, "lanes": "2", "osm_decks": [139425285]}, "geometry": {"type": "Point", "coordinates": [-91.7477, 44.0559]}}, {"type": "Feature", "properties": {"layer": "nbi", "id": "85573", "carries": "CSAH 23", "over": "GARVIN BROOK", "year_built": 2011, "material": "prestressed concrete", "design": "stringer/girder", "spans": 3, "max_span_m": 24.4, "length_m": 55.4, "deck_width_m": 13.2, "roadway_width_m": 12.2, "lanes": "2", "osm_decks": [139425311]}, "geometry": {"type": "Point", "coordinates": [-91.764161, 44.071247]}}, {"type": "Feature", "properties": {"layer": "nbi", "id": "85576", "carries": "T 58", "over": "ROLLINGSTONE CREEK", "year_built": 2015, "material": "concrete continuous", "design": "slab", "spans": 3, "max_span_m": 8.5, "length_m": 21.8, "deck_width_m": 7, "roadway_width_m": 6.1, "lanes": "2", "osm_decks": [929553965]}, "geometry": {"type": "Point", "coordinates": [-91.844278, 44.062092]}}, {"type": "Feature", "properties": {"layer": "nbi", "id": "85579", "carries": "CSAH 7", "over": "BIG TROUT CREEK", "year_built": 2022, "material": "prestressed concrete", "design": "stringer/girder", "spans": 1, "max_span_m": 26.1, "length_m": 27.6, "deck_width_m": 9.1, "roadway_width_m": 8.5, "lanes": "2"}, "geometry": {"type": "Point", "coordinates": [-91.495233, 43.980906]}}, {"type": "Feature", "properties": {"layer": "nbi", "id": "85580", "carries": "CR 120", "over": "GARVIN BROOK", "year_built": 2019, "material": "concrete", "design": "slab", "spans": 1, "max_span_m": 12.2, "length_m": 12.7, "deck_width_m": 9.5, "roadway_width_m": 8.5, "lanes": "2"}, "geometry": {"type": "Point", "coordinates": [-91.808917, 44.004889]}}, {"type": "Feature", "properties": {"layer": "nbi", "id": "85851", "carries": "MN 43", "over": "STREETS; MISS RVR; RR", "year_built": 2014, "material": "prestressed concrete", "design": "box beam single", "spans": 3, "max_span_m": 137.2, "length_m": 699.5, "deck_width_m": 15.3, "roadway_width_m": 10.4, "lanes": "2"}, "geometry": {"type": "Point", "coordinates": [-91.640183, 44.05775]}}, {"type": "Feature", "properties": {"layer": "nbi", "id": "85J08", "carries": "T 823", "over": "STREAM", "year_built": 1997, "material": "concrete", "design": "culvert", "spans": 2, "max_span_m": 3.7, "length_m": 9, "deck_width_m": 0, "roadway_width_m": 0, "lanes": "2"}, "geometry": {"type": "Point", "coordinates": [-91.793811, 44.026389]}}, {"type": "Feature", "properties": {"layer": "nbi", "id": "85J10", "carries": "CSAH 17", "over": "TRIB TO PLEASANT VALLEY", "year_built": 1999, "material": "concrete", "design": "culvert", "spans": 2, "max_span_m": 2.4, "length_m": 6.6, "deck_width_m": 0, "roadway_width_m": 0, "lanes": "2"}, "geometry": {"type": "Point", "coordinates": [-91.603722, 44.001322]}}, {"type": "Feature", "properties": {"layer": "nbi", "id": "85J13", "carries": "T 127", "over": "Stream", "year_built": 2001, "material": "concrete", "design": "culvert", "spans": 2, "max_span_m": 4.2, "length_m": 9.5, "deck_width_m": 0, "roadway_width_m": 0, "lanes": "2"}, "geometry": {"type": "Point", "coordinates": [-91.751411, 43.999561]}}, {"type": "Feature", "properties": {"layer": "nbi", "id": "85J15", "carries": "T 108", "over": "Peterson Creek", "year_built": 2002, "material": "concrete", "design": "culvert", "spans": 2, "max_span_m": 3.7, "length_m": 8.3, "deck_width_m": 0, "roadway_width_m": 0, "lanes": "2"}, "geometry": {"type": "Point", "coordinates": [-91.837539, 43.999497]}}, {"type": "Feature", "properties": {"layer": "nbi", "id": "85J29", "carries": "T 127", "over": "STREAM", "year_built": 2013, "material": "concrete", "design": "culvert", "spans": 2, "max_span_m": 3, "length_m": 6.5, "deck_width_m": 0, "roadway_width_m": 0, "lanes": "2"}, "geometry": {"type": "Point", "coordinates": [-91.745108, 43.986897]}}, {"type": "Feature", "properties": {"layer": "nbi", "id": "85J44", "carries": "CSAH 25", "over": "STREAM", "year_built": 2019, "material": "concrete", "design": "culvert", "spans": 2, "max_span_m": 5, "length_m": 10.8, "deck_width_m": 0, "roadway_width_m": 0, "lanes": "2"}, "geometry": {"type": "Point", "coordinates": [-91.844239, 44.118856]}}, {"type": "Feature", "properties": {"layer": "nbi", "id": "85J49", "carries": "CSAH 15", "over": "UNNAMED STREAM", "year_built": 2024, "material": "concrete", "design": "culvert", "spans": 2, "max_span_m": 4.9, "length_m": 11.2, "deck_width_m": 0, "roadway_width_m": 0, "lanes": "2"}, "geometry": {"type": "Point", "coordinates": [-91.5881809, 44.023369]}}, {"type": "Feature", "properties": {"layer": "nbi", "id": "8907", "carries": "US 61", "over": "GILMORE CREEK", "year_built": 1957, "material": "concrete", "design": "culvert", "spans": 2, "max_span_m": 4.3, "length_m": 9.6, "deck_width_m": 0, "roadway_width_m": 0, "lanes": "6"}, "geometry": {"type": "Point", "coordinates": [-91.689028, 44.054328]}}, {"type": "Feature", "properties": {"layer": "nbi", "id": "8923", "carries": "US 61", "over": "HOMER CREEK", "year_built": 1956, "material": "concrete", "design": "culvert", "spans": 2, "max_span_m": 5.4, "length_m": 11.5, "deck_width_m": 0, "roadway_width_m": 0, "lanes": "5"}, "geometry": {"type": "Point", "coordinates": [-91.5533439, 44.021225]}}, {"type": "Feature", "properties": {"layer": "nbi", "id": "9018", "carries": "M 29", "over": "GILMORE CREEK", "year_built": 1957, "material": "concrete", "design": "culvert", "spans": 2, "max_span_m": 4.4, "length_m": 9.8, "deck_width_m": 0, "roadway_width_m": 0, "lanes": "2"}, "geometry": {"type": "Point", "coordinates": [-91.6843721, 44.052392]}}, {"type": "Feature", "properties": {"layer": "nbi", "id": "9045", "carries": "US 61", "over": "BURNS CREEK", "year_built": 1956, "material": "steel", "design": "stringer/girder", "spans": 3, "max_span_m": 13.6, "length_m": 40.2, "deck_width_m": 11.7, "roadway_width_m": 9.8, "lanes": "2"}, "geometry": {"type": "Point", "coordinates": [-91.616217, 44.028075]}}, {"type": "Feature", "properties": {"layer": "nbi", "id": "9046", "carries": "US 61", "over": "BURNS CREEK", "year_built": 1956, "material": "steel", "design": "stringer/girder", "spans": 3, "max_span_m": 13.6, "length_m": 40.2, "deck_width_m": 11.7, "roadway_width_m": 9.8, "lanes": "2", "osm_decks": [315703816, 315703817]}, "geometry": {"type": "Point", "coordinates": [-91.616472, 44.0279]}}, {"type": "Feature", "properties": {"layer": "nbi", "id": "9049", "carries": "US 14", "over": "GILMORE CREEK", "year_built": 1971, "material": "prestressed concrete", "design": "stringer/girder", "spans": 3, "max_span_m": 24.8, "length_m": 75.9, "deck_width_m": 15.3, "roadway_width_m": 14.2, "lanes": "2", "osm_decks": [105071424]}, "geometry": {"type": "Point", "coordinates": [-91.693589, 44.050053]}}, {"type": "Feature", "properties": {"layer": "nbi", "id": "9062", "carries": "US 61", "over": "CEDAR CREEK", "year_built": 1957, "material": "prestressed concrete", "design": "stringer/girder", "spans": 2, "max_span_m": 22.9, "length_m": 46, "deck_width_m": 10.9, "roadway_width_m": 9.1, "lanes": "2"}, "geometry": {"type": "Point", "coordinates": [-91.4960971, 44.006772]}}, {"type": "Feature", "properties": {"layer": "nbi", "id": "9063", "carries": "US 61", "over": "CEDAR CREEK", "year_built": 1957, "material": "prestressed concrete", "design": "stringer/girder", "spans": 2, "max_span_m": 22.7, "length_m": 46.3, "deck_width_m": 10.9, "roadway_width_m": 9.1, "lanes": "2", "osm_decks": [160309715, 315702390]}, "geometry": {"type": "Point", "coordinates": [-91.495889, 44.006944]}}, {"type": "Feature", "properties": {"layer": "nbi", "id": "9092", "carries": "US 61", "over": "PLEASANT VALLEY CREEK", "year_built": 1956, "material": "steel", "design": "stringer/girder", "spans": 3, "max_span_m": 17.5, "length_m": 52.7, "deck_width_m": 10.5, "roadway_width_m": 9.1, "lanes": "2", "osm_decks": [315703814]}, "geometry": {"type": "Point", "coordinates": [-91.588747, 44.024528]}}, {"type": "Feature", "properties": {"layer": "nbi", "id": "9093", "carries": "US 61", "over": "PLEASANT VALLEY CREEK", "year_built": 1956, "material": "steel", "design": "stringer/girder", "spans": 3, "max_span_m": 17.5, "length_m": 52.7, "deck_width_m": 10.5, "roadway_width_m": 9.1, "lanes": "2", "osm_decks": [315703815]}, "geometry": {"type": "Point", "coordinates": [-91.5887109, 44.024744]}}, {"type": "Feature", "properties": {"layer": "nbi", "id": "91007", "carries": "US 61", "over": "STREAM", "year_built": 1963, "material": "concrete", "design": "culvert", "spans": 3, "max_span_m": 4.4, "length_m": 12.3, "deck_width_m": 0, "roadway_width_m": 0, "lanes": "4"}, "geometry": {"type": "Point", "coordinates": [-91.785094, 44.134214]}}, {"type": "Feature", "properties": {"layer": "nbi", "id": "91067", "carries": "US 61", "over": "STREAM", "year_built": 1963, "material": "steel", "design": "culvert", "spans": 3, "max_span_m": 3, "length_m": 11.8, "deck_width_m": 0, "roadway_width_m": 0, "lanes": "5"}, "geometry": {"type": "Point", "coordinates": [-91.8409331, 44.175058]}}, {"type": "Feature", "properties": {"layer": "nbi", "id": "91119", "carries": "US 14", "over": "STREAM", "year_built": 1920, "material": "concrete", "design": "culvert", "spans": 2, "max_span_m": 5.2, "length_m": 11.8, "deck_width_m": 0, "roadway_width_m": 0, "lanes": "2"}, "geometry": {"type": "Point", "coordinates": [-91.827233, 43.993853]}}, {"type": "Feature", "properties": {"layer": "nbi", "id": "91120", "carries": "US 14", "over": "STREAM", "year_built": 1930, "material": "concrete", "design": "culvert", "spans": 2, "max_span_m": 4.2, "length_m": 9.6, "deck_width_m": 0, "roadway_width_m": 0, "lanes": "2"}, "geometry": {"type": "Point", "coordinates": [-91.828267, 43.99235]}}, {"type": "Feature", "properties": {"layer": "nbi", "id": "91589", "carries": "T 133", "over": "PLEASANT VALLEY CREEK", "year_built": 1978, "material": "concrete", "design": "culvert", "spans": 4, "max_span_m": 4.3, "length_m": 19.9, "deck_width_m": 0, "roadway_width_m": 0, "lanes": "2"}, "geometry": {"type": "Point", "coordinates": [-91.602275, 43.999781]}}, {"type": "Feature", "properties": {"layer": "nbi", "id": "91757", "carries": "CSAH 15", "over": "HOMER CREEK", "year_built": 1978, "material": "concrete", "design": "culvert", "spans": 2, "max_span_m": 4.1, "length_m": 8.7, "deck_width_m": 0, "roadway_width_m": 0, "lanes": "2"}, "geometry": {"type": "Point", "coordinates": [-91.5553189, 43.999953]}}, {"type": "Feature", "properties": {"layer": "nbi", "id": "91758", "carries": "CSAH 20", "over": "STREAM", "year_built": 1979, "material": "concrete", "design": "culvert", "spans": 4, "max_span_m": 2.6, "length_m": 13.5, "deck_width_m": 0, "roadway_width_m": 0, "lanes": "2"}, "geometry": {"type": "Point", "coordinates": [-91.803408, 44.0239]}}, {"type": "Feature", "properties": {"layer": "nbi", "id": "91792", "carries": "CSAH 17", "over": "STREAM", "year_built": 1978, "material": "concrete", "design": "culvert", "spans": 2, "max_span_m": 3.5, "length_m": 8.4, "deck_width_m": 0, "roadway_width_m": 0, "lanes": "2"}, "geometry": {"type": "Point", "coordinates": [-91.600197, 43.991222]}}, {"type": "Feature", "properties": {"layer": "nbi", "id": "92670", "carries": "CSAH 15", "over": "PLEASANT VALLEY CREEK", "year_built": 1970, "material": "concrete", "design": "culvert", "spans": 2, "max_span_m": 5.3, "length_m": 11.3, "deck_width_m": 0, "roadway_width_m": 0, "lanes": "2"}, "geometry": {"type": "Point", "coordinates": [-91.602742, 44.020003]}}, {"type": "Feature", "properties": {"layer": "nbi", "id": "95441", "carries": "CSAH 27", "over": "STRAIGHT VALLEY CREEK", "year_built": 1986, "material": "concrete", "design": "culvert", "spans": 3, "max_span_m": 3.7, "length_m": 14, "deck_width_m": 0, "roadway_width_m": 0, "lanes": "2"}, "geometry": {"type": "Point", "coordinates": [-91.8425921, 44.086406]}}, {"type": "Feature", "properties": {"layer": "nbi", "id": "95859", "carries": "CSAH 17", "over": "BURNS VALLEY CREEK", "year_built": 1985, "material": "concrete continuous", "design": "slab", "spans": 3, "max_span_m": 16.5, "length_m": 43.7, "deck_width_m": 26.6, "roadway_width_m": 17.7, "lanes": "4", "osm_decks": [315702383, 315702384, 682193807]}, "geometry": {"type": "Point", "coordinates": [-91.6205359, 44.024928]}}, {"type": "Feature", "properties": {"layer": "nbi", "id": "96025", "carries": "T 37", "over": "STREAM", "year_built": 1990, "material": "concrete", "design": "culvert", "spans": 3, "max_span_m": 3.5, "length_m": 8.5, "deck_width_m": 0, "roadway_width_m": 0, "lanes": "2"}, "geometry": {"type": "Point", "coordinates": [-91.7921721, 44.082586]}}, {"type": "Feature", "properties": {"layer": "nbi", "id": "96368", "carries": "CSAH 25", "over": "SPELTZ CREEK", "year_built": 1986, "material": "concrete", "design": "culvert", "spans": 2, "max_span_m": 3.5, "length_m": 7.9, "deck_width_m": 0, "roadway_width_m": 0, "lanes": "2"}, "geometry": {"type": "Point", "coordinates": [-91.8415139, 44.111186]}}, {"type": "Feature", "properties": {"layer": "nbi", "id": "97189", "carries": "T 126", "over": "SCHOENIGER VALLEY CREEK", "year_built": 1991, "material": "concrete", "design": "culvert", "spans": 2, "max_span_m": 3.1, "length_m": 7.9, "deck_width_m": 0, "roadway_width_m": 0, "lanes": "2"}, "geometry": {"type": "Point", "coordinates": [-91.771186, 43.999994]}}, {"type": "Feature", "properties": {"layer": "nbi", "id": "97304", "carries": "T 151", "over": "BIG TROUT CREEK OVERFLOW", "year_built": 1988, "material": "concrete", "design": "culvert", "spans": 2, "max_span_m": 3, "length_m": 6.9, "deck_width_m": 0, "roadway_width_m": 0, "lanes": "2", "osm_decks": [547274296]}, "geometry": {"type": "Point", "coordinates": [-91.4963531, 43.9801]}}, {"type": "Feature", "properties": {"layer": "nbi", "id": "97399", "carries": "T 165", "over": "STOCKTON VALLEY CREEK", "year_built": 1993, "material": "concrete", "design": "culvert", "spans": 2, "max_span_m": 3, "length_m": 7.8, "deck_width_m": 0, "roadway_width_m": 0, "lanes": "2"}, "geometry": {"type": "Point", "coordinates": [-91.7451581, 43.986639]}}, {"type": "Feature", "properties": {"layer": "nbi", "id": "L1386", "carries": "M 109", "over": "EAST BURNS CREEK", "year_built": 1939, "material": "steel", "design": "stringer/girder", "spans": 2, "max_span_m": 9.3, "length_m": 19.6, "deck_width_m": 6.7, "roadway_width_m": 6.1, "lanes": "2", "osm_decks": [682193804]}, "geometry": {"type": "Point", "coordinates": [-91.622461, 44.023942]}}, {"type": "Feature", "properties": {"layer": "nbi", "id": "L1438", "carries": "T 131", "over": "STREAM", "year_built": 1918, "material": "concrete", "design": "slab", "spans": 1, "max_span_m": 3.5, "length_m": 6.6, "deck_width_m": 6.6, "roadway_width_m": 5.9, "lanes": "1"}, "geometry": {"type": "Point", "coordinates": [-91.634803, 43.976081]}}, {"type": "Feature", "properties": {"layer": "nbi", "id": "L1490", "carries": "T 315", "over": "STREAM", "year_built": 1915, "material": "wood/timber", "design": "stringer/girder", "spans": 1, "max_span_m": 4.6, "length_m": 6.2, "deck_width_m": 5.3, "roadway_width_m": 4.7, "lanes": "1"}, "geometry": {"type": "Point", "coordinates": [-91.5611251, 44.019544]}}, {"type": "Feature", "properties": {"layer": "nbi", "id": "L3029", "carries": "T 150", "over": "CEDAR CREEK", "year_built": 1980, "material": "steel", "design": "stringer/girder", "spans": 1, "max_span_m": 8.4, "length_m": 9.1, "deck_width_m": 6.1, "roadway_width_m": 5.8, "lanes": "2"}, "geometry": {"type": "Point", "coordinates": [-91.521347, 43.984125]}}, {"type": "Feature", "properties": {"layer": "nbi", "id": "L5952", "carries": "M 332", "over": "GILMORE CREEK", "year_built": 1974, "material": "prestressed concrete", "design": "channel beam", "spans": 1, "max_span_m": 8.7, "length_m": 14.3, "deck_width_m": 8.7, "roadway_width_m": 8.2, "lanes": "2"}, "geometry": {"type": "Point", "coordinates": [-91.703747, 44.029411]}}, {"type": "Feature", "properties": {"layer": "nbi", "id": "L9225", "carries": "CSAH 23", "over": "GARVIN BROOK", "year_built": 1969, "material": "concrete", "design": "culvert", "spans": 2, "max_span_m": 4.3, "length_m": 9.8, "deck_width_m": 0, "roadway_width_m": 0, "lanes": "2", "osm_decks": [105032987]}, "geometry": {"type": "Point", "coordinates": [-91.769697, 44.024767]}}, {"type": "Feature", "properties": {"layer": "nbi", "id": "000032578-00043", "carries": "ENTRANCE ROAD", "over": "TREMPEALEAU RIVER", "year_built": 1994, "material": "prestressed concrete", "design": "tee beam", "spans": 3, "max_span_m": 13.4, "length_m": 41.5, "deck_width_m": 9.1, "roadway_width_m": 8.1, "lanes": "2", "osm_decks": [1094354702]}, "geometry": {"type": "Point", "coordinates": [-91.519242, 44.051064]}}, {"type": "Feature", "properties": {"layer": "nbi", "id": "B06000200000000", "carries": "STH 88", "over": "BUFFALO RIVER", "year_built": 1949, "material": "steel continuous", "design": "stringer/girder", "spans": 3, "max_span_m": 22.9, "length_m": 61, "deck_width_m": 7.7, "roadway_width_m": 7.3, "lanes": "2", "osm_decks": [432391025]}, "geometry": {"type": "Point", "coordinates": [-91.695869, 44.5263]}}, {"type": "Feature", "properties": {"layer": "nbi", "id": "B06000700000000", "carries": "STH 88", "over": "SCREECH OWL CREEK", "year_built": 1953, "material": "concrete continuous", "design": "culvert", "spans": 2, "max_span_m": 3, "length_m": 7.7, "deck_width_m": 0, "roadway_width_m": 0, "lanes": "2"}, "geometry": {"type": "Point", "coordinates": [-91.764278, 44.24475]}}, {"type": "Feature", "properties": {"layer": "nbi", "id": "B06000800000000", "carries": "CTH A", "over": "FARRINGTON CREEK", "year_built": 1954, "material": "steel", "design": "stringer/girder", "spans": 1, "max_span_m": 7.9, "length_m": 8.2, "deck_width_m": 8.1, "roadway_width_m": 7.3, "lanes": "2"}, "geometry": {"type": "Point", "coordinates": [-91.768889, 44.569444]}}, {"type": "Feature", "properties": {"layer": "nbi", "id": "B06002200000000", "carries": "CTH P", "over": "TREMPEALEAU RIVER", "year_built": 1955, "material": "steel continuous", "design": "stringer/girder", "spans": 3, "max_span_m": 14, "length_m": 36.9, "deck_width_m": 8.1, "roadway_width_m": 7.3, "lanes": "2", "osm_decks": [191914340]}, "geometry": {"type": "Point", "coordinates": [-91.552778, 44.131944]}}, {"type": "Feature", "properties": {"layer": "nbi", "id": "B06002500000000", "carries": "CTH J", "over": "BUFFALO RIVER", "year_built": 1956, "material": "concrete continuous", "design": "slab", "spans": 4, "max_span_m": 13.7, "length_m": 49.8, "deck_width_m": 8.1, "roadway_width_m": 7.3, "lanes": "2", "osm_decks": [241736464]}, "geometry": {"type": "Point", "coordinates": [-91.7761109, 44.444167]}}, {"type": "Feature", "properties": {"layer": "nbi", "id": "B06002700000000", "carries": "CTH E", "over": "WAUMANDEE CREEK", "year_built": 1957, "material": "concrete", "design": "stringer/girder", "spans": 1, "max_span_m": 15.6, "length_m": 16, "deck_width_m": 8.6, "roadway_width_m": 7.3, "lanes": "2", "osm_decks": [1101547874]}, "geometry": {"type": "Point", "coordinates": [-91.704444, 44.298333]}}, {"type": "Feature", "properties": {"layer": "nbi", "id": "B06003100000000", "carries": "USH 10", "over": "SESSION VALLEY CREEK", "year_built": 1960, "material": "steel continuous", "design": "stringer/girder", "spans": 2, "max_span_m": 12.8, "length_m": 26.9, "deck_width_m": 10.1, "roadway_width_m": 9.1, "lanes": "2", "osm_decks": [363227519, 363227537]}, "geometry": {"type": "Point", "coordinates": [-91.549986, 44.578567]}}, {"type": "Feature", "properties": {"layer": "nbi", "id": "B06003300000000", "carries": "CTH U", "over": "WAUMANDEE CREEK", "year_built": 1962, "material": "concrete continuous", "design": "slab", "spans": 3, "max_span_m": 12.2, "length_m": 31.8, "deck_width_m": 9.6, "roadway_width_m": 8.1, "lanes": "2"}, "geometry": {"type": "Point", "coordinates": [-91.690278, 44.323611]}}, {"type": "Feature", "properties": {"layer": "nbi", "id": "B06003400000000", "carries": "STH 37", "over": "BR BUFFALO RIVER", "year_built": 1963, "material": "concrete continuous", "design": "culvert", "spans": 2, "max_span_m": 3, "length_m": 7.3, "deck_width_m": 0, "roadway_width_m": 0, "lanes": "2"}, "geometry": {"type": "Point", "coordinates": [-91.816714, 44.389536]}}, {"type": "Feature", "properties": {"layer": "nbi", "id": "B06003500000000", "carries": "LRD PARK ROAD (DNR", "over": "BN RR", "year_built": 1963, "material": "steel continuous", "design": "stringer/girder", "spans": 3, "max_span_m": 17.4, "length_m": 44.7, "deck_width_m": 9.4, "roadway_width_m": 7.9, "lanes": "2", "osm_decks": [89674439]}, "geometry": {"type": "Point", "coordinates": [-91.760753, 44.160692]}}, {"type": "Feature", "properties": {"layer": "nbi", "id": "B06003600000000", "carries": "CTH B", "over": "BUFFALO RIVER", "year_built": 1967, "material": "prestressed concrete continuous", "design": "stringer/girder", "spans": 4, "max_span_m": 20.4, "length_m": 81.7, "deck_width_m": 10.6, "roadway_width_m": 9.8, "lanes": "2"}, "geometry": {"type": "Point", "coordinates": [-91.724722, 44.471111]}}, {"type": "Feature", "properties": {"layer": "nbi", "id": "B06003700000000", "carries": "STH 37-ALMA RD", "over": "HARVEY CREEK", "year_built": 1967, "material": "concrete continuous", "design": "slab", "spans": 2, "max_span_m": 13.7, "length_m": 27.5, "deck_width_m": 14, "roadway_width_m": 13.1, "lanes": "2", "osm_decks": [241736484]}, "geometry": {"type": "Point", "coordinates": [-91.688528, 44.557678]}}, {"type": "Feature", "properties": {"layer": "nbi", "id": "B06003800000000", "carries": "CTH E", "over": "LITTLE WAUMANDEE CREEK", "year_built": 1968, "material": "concrete continuous", "design": "slab", "spans": 3, "max_span_m": 13.1, "length_m": 32.1, "deck_width_m": 11.3, "roadway_width_m": 10.4, "lanes": "2", "osm_decks": [1101547873]}, "geometry": {"type": "Point", "coordinates": [-91.7400001, 44.272778]}}, {"type": "Feature", "properties": {"layer": "nbi", "id": "B06003900000000", "carries": "CTH BB", "over": "BUFFALO RIVER", "year_built": 1969, "material": "prestressed concrete continuous", "design": "stringer/girder", "spans": 3, "max_span_m": 17.4, "length_m": 52.2, "deck_width_m": 10.6, "roadway_width_m": 9.8, "lanes": "2"}, "geometry": {"type": "Point", "coordinates": [-91.593611, 44.570278]}}, {"type": "Feature", "properties": {"layer": "nbi", "id": "B06004000000000", "carries": "STH 88", "over": "JOHNS VALLEY CREEK", "year_built": 1970, "material": "prestressed concrete", "design": "stringer/girder", "spans": 1, "max_span_m": 19.8, "length_m": 20, "deck_width_m": 11.3, "roadway_width_m": 10.4, "lanes": "2"}, "geometry": {"type": "Point", "coordinates": [-91.771064, 44.331903]}}, {"type": "Feature", "properties": {"layer": "nbi", "id": "B06004100000000", "carries": "CTH H   EAU CLAIRE", "over": "BUFFALO RIVER", "year_built": 1974, "material": "prestressed concrete", "design": "stringer/girder", "spans": 3, "max_span_m": 20.1, "length_m": 60.6, "deck_width_m": 11.5, "roadway_width_m": 9.2, "lanes": "2", "osm_decks": [241736471]}, "geometry": {"type": "Point", "coordinates": [-91.670833, 44.5625]}}, {"type": "Feature", "properties": {"layer": "nbi", "id": "B06004900000000", "carries": "STH 95", "over": "BR TREMPEALEAU RIVER", "year_built": 1982, "material": "concrete continuous", "design": "culvert", "spans": 3, "max_span_m": 3, "length_m": 10.3, "deck_width_m": 0, "roadway_width_m": 0, "lanes": "2"}, "geometry": {"type": "Point", "coordinates": [-91.565097, 44.253572]}}, {"type": "Feature", "properties": {"layer": "nbi", "id": "B06005000000000", "carries": "STH 121", "over": "S FK ELK CREEK", "year_built": 1986, "material": "prestressed concrete", "design": "stringer/girder", "spans": 1, "max_span_m": 21, "length_m": 21.8, "deck_width_m": 11.1, "roadway_width_m": 10.4, "lanes": "2"}, "geometry": {"type": "Point", "coordinates": [-91.583231, 44.458058]}}, {"type": "Feature", "properties": {"layer": "nbi", "id": "B06005100000000", "carries": "STH 121", "over": "THREE MILE CREEK", "year_built": 1986, "material": "concrete", "design": "culvert", "spans": 2, "max_span_m": 3, "length_m": 7, "deck_width_m": 0, "roadway_width_m": 0, "lanes": "2"}, "geometry": {"type": "Point", "coordinates": [-91.626656, 44.465394]}}, {"type": "Feature", "properties": {"layer": "nbi", "id": "B06005300000000", "carries": "CTH KK", "over": "BUFFALO RIVER", "year_built": 1981, "material": "concrete continuous", "design": "slab", "spans": 3, "max_span_m": 19.8, "length_m": 50.9, "deck_width_m": 9.1, "roadway_width_m": 8.5, "lanes": "2", "osm_decks": [419032823]}, "geometry": {"type": "Point", "coordinates": [-91.806111, 44.424722]}}, {"type": "Feature", "properties": {"layer": "nbi", "id": "B06005400000000", "carries": "CTH HH", "over": "WASTE VALLEY CREEK", "year_built": 1982, "material": "concrete continuous", "design": "culvert", "spans": 2, "max_span_m": 3, "length_m": 6.8, "deck_width_m": 0, "roadway_width_m": 0, "lanes": "2"}, "geometry": {"type": "Point", "coordinates": [-91.658056, 44.553333]}}, {"type": "Feature", "properties": {"layer": "nbi", "id": "B06005500000000", "carries": "STH 35-STH 54", "over": "CHICKEN VALLEY CREEK", "year_built": 1980, "material": "steel", "design": "culvert", "spans": 3, "max_span_m": 2.1, "length_m": 8.5, "deck_width_m": 0, "roadway_width_m": 0, "lanes": "2"}, "geometry": {"type": "Point", "coordinates": [-91.601958, 44.070036]}}, {"type": "Feature", "properties": {"layer": "nbi", "id": "B06005600000000", "carries": "LRD TURNER VALLEY", "over": "TURNER VALLEY CREEK", "year_built": 1998, "material": "prestressed concrete", "design": "stringer/girder", "spans": 1, "max_span_m": 20, "length_m": 20.9, "deck_width_m": 7.8, "roadway_width_m": 7.2, "lanes": "2"}, "geometry": {"type": "Point", "coordinates": [-91.660278, 44.482056]}}, {"type": "Feature", "properties": {"layer": "nbi", "id": "B06005700000000", "carries": "LRD N. WASHINGTON", "over": "PESSO CREEK", "year_built": 1982, "material": "concrete", "design": "slab", "spans": 1, "max_span_m": 8.8, "length_m": 9.4, "deck_width_m": 9.1, "roadway_width_m": 8.5, "lanes": "2", "osm_decks": [876235129]}, "geometry": {"type": "Point", "coordinates": [-91.653333, 44.578611]}}, {"type": "Feature", "properties": {"layer": "nbi", "id": "B06005800000000", "carries": "LRD SEGERSTROM ROA", "over": "BUFFALO RIVER", "year_built": 1983, "material": "wood/timber", "design": "slab", "spans": 3, "max_span_m": 7.9, "length_m": 23.9, "deck_width_m": 8, "roadway_width_m": 7.4, "lanes": "2", "osm_decks": [1106933462]}, "geometry": {"type": "Point", "coordinates": [-91.544175, 44.575581]}}, {"type": "Feature", "properties": {"layer": "nbi", "id": "B06005900000000", "carries": "STH 35", "over": "WAUMANDEE CREEK", "year_built": 1985, "material": "prestressed concrete continuous", "design": "stringer/girder", "spans": 2, "max_span_m": 29.4, "length_m": 60, "deck_width_m": 13.1, "roadway_width_m": 12.2, "lanes": "2", "osm_decks": [305935044]}, "geometry": {"type": "Point", "coordinates": [-91.7408361, 44.151311]}}, {"type": "Feature", "properties": {"layer": "nbi", "id": "B06006000000000", "carries": "CTH G", "over": "EAGLE CREEK", "year_built": 1985, "material": "concrete", "design": "slab", "spans": 1, "max_span_m": 6.7, "length_m": 7.3, "deck_width_m": 7.9, "roadway_width_m": 7.3, "lanes": "2", "osm_decks": [302658437]}, "geometry": {"type": "Point", "coordinates": [-91.687222, 44.190833]}}, {"type": "Feature", "properties": {"layer": "nbi", "id": "B06006100000000", "carries": "CTH P", "over": "BOHRIS VALLEY CREEK", "year_built": 1985, "material": "prestressed concrete", "design": "stringer/girder", "spans": 1, "max_span_m": 19.2, "length_m": 19.9, "deck_width_m": 7.9, "roadway_width_m": 7.3, "lanes": "2", "osm_decks": [300728590]}, "geometry": {"type": "Point", "coordinates": [-91.5973889, 44.1455]}}, {"type": "Feature", "properties": {"layer": "nbi", "id": "B06006300000000", "carries": "CTH B", "over": "HADLEY CREEK", "year_built": 1985, "material": "concrete", "design": "slab", "spans": 1, "max_span_m": 10.7, "length_m": 11.2, "deck_width_m": 9.1, "roadway_width_m": 8.5, "lanes": "2"}, "geometry": {"type": "Point", "coordinates": [-91.6875, 44.471889]}}, {"type": "Feature", "properties": {"layer": "nbi", "id": "B06006400000000", "carries": "CTH BB", "over": "ELK CREEK", "year_built": 1986, "material": "concrete", "design": "slab", "spans": 1, "max_span_m": 9.1, "length_m": 9.7, "deck_width_m": 7.9, "roadway_width_m": 7.3, "lanes": "2"}, "geometry": {"type": "Point", "coordinates": [-91.553639, 44.499611]}}, {"type": "Feature", "properties": {"layer": "nbi", "id": "B06006700000000", "carries": "LRD ROTERING RIDGE", "over": "KNECHT VALLEY CREEK", "year_built": 1986, "material": "concrete", "design": "culvert", "spans": 2, "max_span_m": 3, "length_m": 6.7, "deck_width_m": 0, "roadway_width_m": 0, "lanes": "2"}, "geometry": {"type": "Point", "coordinates": [-91.7, 44.291389]}}, {"type": "Feature", "properties": {"layer": "nbi", "id": "B06006800000000", "carries": "LRD HEZBERG RD/GEN", "over": "BR WAUMANDEE CREEK", "year_built": 1986, "material": "concrete", "design": "culvert", "spans": 2, "max_span_m": 3, "length_m": 7, "deck_width_m": 0, "roadway_width_m": 0, "lanes": "2"}, "geometry": {"type": "Point", "coordinates": [-91.7441669, 44.194722]}}, {"type": "Feature", "properties": {"layer": "nbi", "id": "B06006900000000", "carries": "LRD NELSON RD", "over": "ARMOUR VALLEY CREEK", "year_built": 1986, "material": "concrete", "design": "slab", "spans": 1, "max_span_m": 11, "length_m": 11.6, "deck_width_m": 7.9, "roadway_width_m": 7.3, "lanes": "2", "osm_decks": [1090777501]}, "geometry": {"type": "Point", "coordinates": [-91.640556, 44.548056]}}, {"type": "Feature", "properties": {"layer": "nbi", "id": "B06007000000000", "carries": "LRD WATER ST", "over": "BROWNLEE CREEK", "year_built": 1987, "material": "concrete continuous", "design": "slab", "spans": 2, "max_span_m": 12.6, "length_m": 25.8, "deck_width_m": 13.1, "roadway_width_m": 11, "lanes": "2", "osm_decks": [241736474, 876240516]}, "geometry": {"type": "Point", "coordinates": [-91.669167, 44.565556]}}, {"type": "Feature", "properties": {"layer": "nbi", "id": "B06007300000000", "carries": "STH 37", "over": "PEESO CREEK", "year_built": 1987, "material": "prestressed concrete", "design": "box beam multiple", "spans": 1, "max_span_m": 15.1, "length_m": 15.7, "deck_width_m": 11.3, "roadway_width_m": 11.1, "lanes": "2", "osm_decks": [241736482]}, "geometry": {"type": "Point", "coordinates": [-91.636933, 44.591781]}}, {"type": "Feature", "properties": {"layer": "nbi", "id": "B06007500000000", "carries": "LRD N GOLF COURSE", "over": "PEESO CREEK", "year_built": 1987, "material": "concrete", "design": "slab", "spans": 1, "max_span_m": 12.2, "length_m": 12.8, "deck_width_m": 7.9, "roadway_width_m": 7.3, "lanes": "2", "osm_decks": [876264630]}, "geometry": {"type": "Point", "coordinates": [-91.641944, 44.585278]}}, {"type": "Feature", "properties": {"layer": "nbi", "id": "B06007600000000", "carries": "CTH C", "over": "SWINNS VALLEY CREEK", "year_built": 1989, "material": "prestressed concrete", "design": "stringer/girder", "spans": 1, "max_span_m": 13, "length_m": 13.6, "deck_width_m": 9.1, "roadway_width_m": 8.5, "lanes": "2", "osm_decks": [1120164063]}, "geometry": {"type": "Point", "coordinates": [-91.554444, 44.3025]}}, {"type": "Feature", "properties": {"layer": "nbi", "id": "B06007700000000", "carries": "LRD LOWER RIVER RD", "over": "TREMPEALEAU RIVER", "year_built": 1982, "material": "prestressed concrete continuous", "design": "stringer/girder", "spans": 3, "max_span_m": 18.3, "length_m": 52.5, "deck_width_m": 9.1, "roadway_width_m": 8.5, "lanes": "2", "osm_decks": [258551026]}, "geometry": {"type": "Point", "coordinates": [-91.556667, 44.225556]}}, {"type": "Feature", "properties": {"layer": "nbi", "id": "B06007800000000", "carries": "LRD BRANDHORST RD", "over": "BR TREMPEALEAU RIVER", "year_built": 1987, "material": "prestressed concrete", "design": "stringer/girder", "spans": 1, "max_span_m": 12.5, "length_m": 13.1, "deck_width_m": 7.9, "roadway_width_m": 7.3, "lanes": "2"}, "geometry": {"type": "Point", "coordinates": [-91.611361, 44.143389]}}, {"type": "Feature", "properties": {"layer": "nbi", "id": "B06008000000000", "carries": "LRD BUEHLER VALLEY", "over": "BR TREMPEALEAU RIVER", "year_built": 1987, "material": "concrete", "design": "slab", "spans": 1, "max_span_m": 11, "length_m": 11.7, "deck_width_m": 7.9, "roadway_width_m": 7.3, "lanes": "2"}, "geometry": {"type": "Point", "coordinates": [-91.621306, 44.159944]}}, {"type": "Feature", "properties": {"layer": "nbi", "id": "B06008100000000", "carries": "LRD E SAUER MILL R", "over": "SWINNS VALLEY CREEK", "year_built": 1987, "material": "concrete", "design": "slab", "spans": 1, "max_span_m": 11.6, "length_m": 12.2, "deck_width_m": 7.9, "roadway_width_m": 7.3, "lanes": "2"}, "geometry": {"type": "Point", "coordinates": [-91.546667, 44.249167]}}, {"type": "Feature", "properties": {"layer": "nbi", "id": "B06008200000000", "carries": "CTH A", "over": "HARVEY CREEK", "year_built": 1989, "material": "prestressed concrete", "design": "stringer/girder", "spans": 1, "max_span_m": 17.1, "length_m": 17.6, "deck_width_m": 9.1, "roadway_width_m": 8.5, "lanes": "2", "osm_decks": [802719101]}, "geometry": {"type": "Point", "coordinates": [-91.691667, 44.567778]}}, {"type": "Feature", "properties": {"layer": "nbi", "id": "B06008300000000", "carries": "LRD FIMIAN ROAD (D", "over": "WAUMANDEE CREEK", "year_built": 1989, "material": "concrete continuous", "design": "slab", "spans": 2, "max_span_m": 7.6, "length_m": 15.8, "deck_width_m": 7.9, "roadway_width_m": 7.3, "lanes": "2", "osm_decks": [1089328274]}, "geometry": {"type": "Point", "coordinates": [-91.740278, 44.270556]}}, {"type": "Feature", "properties": {"layer": "nbi", "id": "B06008400000000", "carries": "CTH NN", "over": "HUTCHINSON CREEK", "year_built": 1988, "material": "concrete", "design": "slab", "spans": 1, "max_span_m": 9.1, "length_m": 9.8, "deck_width_m": 8.5, "roadway_width_m": 7.9, "lanes": "2", "osm_decks": [1466297204]}, "geometry": {"type": "Point", "coordinates": [-91.751111, 44.423889]}}, {"type": "Feature", "properties": {"layer": "nbi", "id": "B06008600000000", "carries": "CTH J", "over": "TAMARACK CREEK", "year_built": 1990, "material": "concrete", "design": "slab", "spans": 1, "max_span_m": 12.8, "length_m": 13.4, "deck_width_m": 8.5, "roadway_width_m": 7.9, "lanes": "2", "osm_decks": [567237469]}, "geometry": {"type": "Point", "coordinates": [-91.797222, 44.460278]}}, {"type": "Feature", "properties": {"layer": "nbi", "id": "B06009000000000", "carries": "CTH P", "over": "BR TREMPEALEAU RIVER", "year_built": 1990, "material": "concrete", "design": "slab", "spans": 1, "max_span_m": 10.4, "length_m": 10.9, "deck_width_m": 9.8, "roadway_width_m": 9.1, "lanes": "2"}, "geometry": {"type": "Point", "coordinates": [-91.54625, 44.084222]}}, {"type": "Feature", "properties": {"layer": "nbi", "id": "B06009100000000", "carries": "LRD DUTTER RD", "over": "SESSIONS VALLEY CREEK", "year_built": 1991, "material": "wood/timber", "design": "slab", "spans": 1, "max_span_m": 7.6, "length_m": 7.9, "deck_width_m": 7.9, "roadway_width_m": 7.3, "lanes": "2"}, "geometry": {"type": "Point", "coordinates": [-91.546781, 44.589256]}}, {"type": "Feature", "properties": {"layer": "nbi", "id": "B06009200000000", "carries": "CTH A", "over": "TIFFANY CREEK", "year_built": 1990, "material": "concrete", "design": "slab", "spans": 1, "max_span_m": 12.2, "length_m": 12.8, "deck_width_m": 9.8, "roadway_width_m": 9.1, "lanes": "2", "osm_decks": [483049853]}, "geometry": {"type": "Point", "coordinates": [-91.832778, 44.593889]}}, {"type": "Feature", "properties": {"layer": "nbi", "id": "B06009300000000", "carries": "LRD SIEBENALER ROA", "over": "BR EAGLE CREEK", "year_built": 1991, "material": "concrete continuous", "design": "culvert", "spans": 2, "max_span_m": 3, "length_m": 6.8, "deck_width_m": 0, "roadway_width_m": 0, "lanes": "2"}, "geometry": {"type": "Point", "coordinates": [-91.633611, 44.233056]}}, {"type": "Feature", "properties": {"layer": "nbi", "id": "B06009400000000", "carries": "CTH X", "over": "TRAVERSE VALLEY CREEK", "year_built": 1991, "material": "concrete continuous", "design": "culvert", "spans": 2, "max_span_m": 3.7, "length_m": 11.3, "deck_width_m": 0, "roadway_width_m": 0, "lanes": "2"}, "geometry": {"type": "Point", "coordinates": [-91.529167, 44.386944]}}, {"type": "Feature", "properties": {"layer": "nbi", "id": "B06009600000000", "carries": "USH 10-STH 37-MAIN", "over": "BROWN LEE CREEK", "year_built": 1991, "material": "prestressed concrete", "design": "stringer/girder", "spans": 1, "max_span_m": 33.5, "length_m": 34.6, "deck_width_m": 17.1, "roadway_width_m": 13.4, "lanes": "2", "osm_decks": [773653106, 802719104, 802995751]}, "geometry": {"type": "Point", "coordinates": [-91.6681469, 44.567814]}}, {"type": "Feature", "properties": {"layer": "nbi", "id": "B06009700000000", "carries": "CTH H", "over": "ELK CREEK", "year_built": 1991, "material": "prestressed concrete", "design": "stringer/girder", "spans": 1, "max_span_m": 16.8, "length_m": 17.3, "deck_width_m": 8.5, "roadway_width_m": 7.9, "lanes": "2", "osm_decks": [275770719]}, "geometry": {"type": "Point", "coordinates": [-91.62, 44.488333]}}, {"type": "Feature", "properties": {"layer": "nbi", "id": "B06009900000000", "carries": "LRD HESCH RD (DEAD", "over": "WAUMANDEE CREEK", "year_built": 1991, "material": "concrete", "design": "slab", "spans": 1, "max_span_m": 13.4, "length_m": 14, "deck_width_m": 7.9, "roadway_width_m": 7.3, "lanes": "2", "osm_decks": [362746728]}, "geometry": {"type": "Point", "coordinates": [-91.6735969, 44.337856]}}, {"type": "Feature", "properties": {"layer": "nbi", "id": "B06010000000000", "carries": "CTH J", "over": "BR TAMARACK CREEK", "year_built": 1992, "material": "concrete", "design": "slab", "spans": 1, "max_span_m": 8.5, "length_m": 9.1, "deck_width_m": 9.1, "roadway_width_m": 8.5, "lanes": "2"}, "geometry": {"type": "Point", "coordinates": [-91.821722, 44.497333]}}, {"type": "Feature", "properties": {"layer": "nbi", "id": "B06010300000000", "carries": "STH 88", "over": "TRIB.-WAUMANDEE CREEK", "year_built": 1997, "material": "concrete", "design": "culvert", "spans": 2, "max_span_m": 3, "length_m": 7.8, "deck_width_m": 0, "roadway_width_m": 0, "lanes": "2"}, "geometry": {"type": "Point", "coordinates": [-91.768067, 44.257214]}}, {"type": "Feature", "properties": {"layer": "nbi", "id": "B06010400000000", "carries": "CTH X", "over": "BOHLINGER VALLEY CREEK", "year_built": 1993, "material": "concrete", "design": "slab", "spans": 1, "max_span_m": 10.4, "length_m": 10.9, "deck_width_m": 9.1, "roadway_width_m": 8.5, "lanes": "2"}, "geometry": {"type": "Point", "coordinates": [-91.6514939, 44.376708]}}, {"type": "Feature", "properties": {"layer": "nbi", "id": "B06010500000000", "carries": "CTH J", "over": "TAMARACK CREEK", "year_built": 1994, "material": "concrete", "design": "slab", "spans": 1, "max_span_m": 14, "length_m": 14.6, "deck_width_m": 9.8, "roadway_width_m": 9.1, "lanes": "2", "osm_decks": [567240969]}, "geometry": {"type": "Point", "coordinates": [-91.797222, 44.454167]}}, {"type": "Feature", "properties": {"layer": "nbi", "id": "B06010600000000", "carries": "CTH CC", "over": "BR OF DANUSER CREEK", "year_built": 1994, "material": "concrete", "design": "slab", "spans": 1, "max_span_m": 9.8, "length_m": 10.5, "deck_width_m": 8.5, "roadway_width_m": 7.9, "lanes": "2", "osm_decks": [299129667]}, "geometry": {"type": "Point", "coordinates": [-91.588056, 44.352222]}}, {"type": "Feature", "properties": {"layer": "nbi", "id": "B06010700000000", "carries": "CTH G", "over": "EAGLE CREEK", "year_built": 1993, "material": "concrete", "design": "slab", "spans": 1, "max_span_m": 10.4, "length_m": 10.9, "deck_width_m": 8.5, "roadway_width_m": 7.9, "lanes": "2", "osm_decks": [1120164069]}, "geometry": {"type": "Point", "coordinates": [-91.678333, 44.209444]}}, {"type": "Feature", "properties": {"layer": "nbi", "id": "B06010900000000", "carries": "LRD CTH WW", "over": "SESSIONS VALLEY CREEK", "year_built": 1995, "material": "concrete", "design": "slab", "spans": 1, "max_span_m": 8.2, "length_m": 8.8, "deck_width_m": 8.5, "roadway_width_m": 7.9, "lanes": "2", "osm_decks": [1149756593]}, "geometry": {"type": "Point", "coordinates": [-91.544233, 44.59415]}}, {"type": "Feature", "properties": {"layer": "nbi", "id": "B06011100000000", "carries": "USH 10", "over": "HARVEY CREEK", "year_built": 1936, "material": "steel", "design": "stringer/girder", "spans": 1, "max_span_m": 10.7, "length_m": 11.2, "deck_width_m": 13.7, "roadway_width_m": 13.1, "lanes": "2", "osm_decks": [929917126]}, "geometry": {"type": "Point", "coordinates": [-91.744567, 44.587894]}}, {"type": "Feature", "properties": {"layer": "nbi", "id": "B06011300000000", "carries": "STH 35", "over": "BR ROSE VALLEY CREEK", "year_built": 1999, "material": "concrete continuous", "design": "culvert", "spans": 2, "max_span_m": 3.7, "length_m": 7.7, "deck_width_m": 0, "roadway_width_m": 0, "lanes": "2"}, "geometry": {"type": "Point", "coordinates": [-91.8261279, 44.220719]}}, {"type": "Feature", "properties": {"layer": "nbi", "id": "B06011500000000", "carries": "STH 37", "over": "BR BUFFALO RIVER", "year_built": 2000, "material": "concrete continuous", "design": "culvert", "spans": 2, "max_span_m": 3.7, "length_m": 7.6, "deck_width_m": 0, "roadway_width_m": 0, "lanes": "2", "osm_decks": [241736481]}, "geometry": {"type": "Point", "coordinates": [-91.7752531, 44.445692]}}, {"type": "Feature", "properties": {"layer": "nbi", "id": "B06011600000000", "carries": "STH 37", "over": "BR BUFFALO RIVER", "year_built": 2000, "material": "concrete", "design": "culvert", "spans": 3, "max_span_m": 1.8, "length_m": 7, "deck_width_m": 0, "roadway_width_m": 0, "lanes": "2", "osm_decks": [241736485]}, "geometry": {"type": "Point", "coordinates": [-91.754075, 44.46095]}}, {"type": "Feature", "properties": {"layer": "nbi", "id": "B06011700000000", "carries": "STH 37", "over": "BUFFALO RIVER", "year_built": 2000, "material": "concrete continuous", "design": "slab", "spans": 5, "max_span_m": 18, "length_m": 80.8, "deck_width_m": 11.4, "roadway_width_m": 10.8, "lanes": "2", "osm_decks": [241736486]}, "geometry": {"type": "Point", "coordinates": [-91.745422, 44.4625]}}, {"type": "Feature", "properties": {"layer": "nbi", "id": "B06011800000000", "carries": "CTH XX", "over": "JAHNS VALLEY CREEK", "year_built": 1998, "material": "concrete", "design": "slab", "spans": 1, "max_span_m": 10.5, "length_m": 11.3, "deck_width_m": 9.2, "roadway_width_m": 8.6, "lanes": "2"}, "geometry": {"type": "Point", "coordinates": [-91.732222, 44.348611]}}, {"type": "Feature", "properties": {"layer": "nbi", "id": "B06011900000000", "carries": "LRD WHELAN RD", "over": "TRIB BUFFALO RIVER", "year_built": 1998, "material": "wood/timber", "design": "slab", "spans": 1, "max_span_m": 7, "length_m": 7.3, "deck_width_m": 7.7, "roadway_width_m": 7.3, "lanes": "2"}, "geometry": {"type": "Point", "coordinates": [-91.670708, 44.586153]}}, {"type": "Feature", "properties": {"layer": "nbi", "id": "B06012000000000", "carries": "CTH C", "over": "BR WAUMANDEE CREEK", "year_built": 1998, "material": "concrete", "design": "slab", "spans": 1, "max_span_m": 7.9, "length_m": 8.7, "deck_width_m": 8.5, "roadway_width_m": 7.9, "lanes": "2"}, "geometry": {"type": "Point", "coordinates": [-91.631389, 44.343056]}}, {"type": "Feature", "properties": {"layer": "nbi", "id": "B06012100000000", "carries": "STH 95", "over": "SWINNS VALLEY CREEK", "year_built": 2001, "material": "prestressed concrete", "design": "stringer/girder", "spans": 1, "max_span_m": 25, "length_m": 26.3, "deck_width_m": 11.6, "roadway_width_m": 10.9, "lanes": "2", "osm_decks": [225638655]}, "geometry": {"type": "Point", "coordinates": [-91.545444, 44.253892]}}, {"type": "Feature", "properties": {"layer": "nbi", "id": "B06012300000000", "carries": "CTH T", "over": "LITTLE WAUMANDEE CREEK", "year_built": 2000, "material": "concrete", "design": "slab", "spans": 1, "max_span_m": 11.6, "length_m": 12.4, "deck_width_m": 9.1, "roadway_width_m": 8.5, "lanes": "2"}, "geometry": {"type": "Point", "coordinates": [-91.760278, 44.367222]}}, {"type": "Feature", "properties": {"layer": "nbi", "id": "B06012400000000", "carries": "LRD TURNER VALLEY", "over": "TURNER VALLEY CREEK", "year_built": 2001, "material": "concrete", "design": "slab", "spans": 1, "max_span_m": 14.3, "length_m": 15.1, "deck_width_m": 7.9, "roadway_width_m": 7.3, "lanes": "2"}, "geometry": {"type": "Point", "coordinates": [-91.659556, 44.485056]}}, {"type": "Feature", "properties": {"layer": "nbi", "id": "B06012500000000", "carries": "STH 88", "over": "HADLEY CREEK", "year_built": 2003, "material": "concrete continuous", "design": "culvert", "spans": 2, "max_span_m": 3, "length_m": 6.7, "deck_width_m": 0, "roadway_width_m": 0, "lanes": "2", "osm_decks": [1006825185]}, "geometry": {"type": "Point", "coordinates": [-91.685278, 44.502583]}}, {"type": "Feature", "properties": {"layer": "nbi", "id": "B06012600000000", "carries": "LRD BOLAND VALLEY", "over": "BOLAND VALLEY CREEK", "year_built": 2001, "material": "prestressed concrete", "design": "stringer/girder", "spans": 1, "max_span_m": 13.4, "length_m": 14.2, "deck_width_m": 7.9, "roadway_width_m": 7.3, "lanes": "2"}, "geometry": {"type": "Point", "coordinates": [-91.571667, 44.266667]}}, {"type": "Feature", "properties": {"layer": "nbi", "id": "B06012800000000", "carries": "LRD BAUER RD", "over": "HOLMES CR", "year_built": 2003, "material": "concrete continuous", "design": "slab", "spans": 1, "max_span_m": 14, "length_m": 14.9, "deck_width_m": 7.9, "roadway_width_m": 7.3, "lanes": "2"}, "geometry": {"type": "Point", "coordinates": [-91.706111, 44.579722]}}, {"type": "Feature", "properties": {"layer": "nbi", "id": "B06012900000000", "carries": "LRD WOLFE RD", "over": "WAUMANDEE CREEK", "year_built": 2001, "material": "concrete", "design": "slab", "spans": 1, "max_span_m": 11.6, "length_m": 12.3, "deck_width_m": 7.9, "roadway_width_m": 7.3, "lanes": "2"}, "geometry": {"type": "Point", "coordinates": [-91.689722, 44.326389]}}, {"type": "Feature", "properties": {"layer": "nbi", "id": "B06013000000000", "carries": "LRD CROSS RD", "over": "TURNER VALLEY CREEK", "year_built": 2001, "material": "concrete", "design": "slab", "spans": 1, "max_span_m": 14.3, "length_m": 15.1, "deck_width_m": 7.9, "roadway_width_m": 7.3, "lanes": "2"}, "geometry": {"type": "Point", "coordinates": [-91.660556, 44.484194]}}, {"type": "Feature", "properties": {"layer": "nbi", "id": "B06013100000000", "carries": "LRD BOLAND VALLEY", "over": "BOLAND VALLEY CREEK", "year_built": 2001, "material": "prestressed concrete", "design": "stringer/girder", "spans": 1, "max_span_m": 12.8, "length_m": 13.6, "deck_width_m": 7.9, "roadway_width_m": 7.3, "lanes": "2"}, "geometry": {"type": "Point", "coordinates": [-91.566944, 44.256389]}}, {"type": "Feature", "properties": {"layer": "nbi", "id": "B06013500000000", "carries": "LRD BRANDHORST RD", "over": "BR TREMPEALEAU RIVER", "year_built": 2002, "material": "concrete", "design": "slab", "spans": 1, "max_span_m": 9.8, "length_m": 10.5, "deck_width_m": 7.9, "roadway_width_m": 7.3, "lanes": "2"}, "geometry": {"type": "Point", "coordinates": [-91.612, 44.129139]}}, {"type": "Feature", "properties": {"layer": "nbi", "id": "B06013600000000", "carries": "LRD CHICKEN VALLEY", "over": "CHICKEN VALLEY CREEK", "year_built": 2005, "material": "concrete", "design": "slab", "spans": 1, "max_span_m": 11.6, "length_m": 12.3, "deck_width_m": 9.1, "roadway_width_m": 8.5, "lanes": "2", "osm_decks": [962456871]}, "geometry": {"type": "Point", "coordinates": [-91.607667, 44.072]}}, {"type": "Feature", "properties": {"layer": "nbi", "id": "B06013900000000", "carries": "LRD BAECKER RD", "over": "WAUMANDEE CREEK", "year_built": 2002, "material": "concrete", "design": "slab", "spans": 1, "max_span_m": 11, "length_m": 11.7, "deck_width_m": 9.1, "roadway_width_m": 8.5, "lanes": "2"}, "geometry": {"type": "Point", "coordinates": [-91.6655561, 44.350278]}}, {"type": "Feature", "properties": {"layer": "nbi", "id": "B06014400000000", "carries": "STH 88", "over": "ELK CREEK", "year_built": 2004, "material": "prestressed concrete continuous", "design": "stringer/girder", "spans": 2, "max_span_m": 22.9, "length_m": 46.9, "deck_width_m": 13, "roadway_width_m": 10.4, "lanes": "2", "osm_decks": [277509166]}, "geometry": {"type": "Point", "coordinates": [-91.677008, 44.467881]}}, {"type": "Feature", "properties": {"layer": "nbi", "id": "B06014500000000", "carries": "CTH BB", "over": "BUFFALO RIVER TRIB.", "year_built": 2002, "material": "steel", "design": "culvert", "spans": 3, "max_span_m": 1.8, "length_m": 7, "deck_width_m": 0, "roadway_width_m": 0, "lanes": "2"}, "geometry": {"type": "Point", "coordinates": [-91.582778, 44.553333]}}, {"type": "Feature", "properties": {"layer": "nbi", "id": "B06014700000000", "carries": "CTH E", "over": "BR WAUMANDEE CREEK", "year_built": 2005, "material": "prestressed concrete", "design": "stringer/girder", "spans": 1, "max_span_m": 15.4, "length_m": 15.4, "deck_width_m": 9.8, "roadway_width_m": 9.1, "lanes": "2", "osm_decks": [1459900098]}, "geometry": {"type": "Point", "coordinates": [-91.679722, 44.295556]}}, {"type": "Feature", "properties": {"layer": "nbi", "id": "B06014800000000", "carries": "CTH E", "over": "BR WAUMANDEE CREEK", "year_built": 2005, "material": "prestressed concrete", "design": "stringer/girder", "spans": 1, "max_span_m": 16.7, "length_m": 16.8, "deck_width_m": 9.8, "roadway_width_m": 9.1, "lanes": "2", "osm_decks": [1120164073]}, "geometry": {"type": "Point", "coordinates": [-91.680556, 44.296944]}}, {"type": "Feature", "properties": {"layer": "nbi", "id": "B06014900000000", "carries": "LRD WAUMANDEE CR R", "over": "WAUMANDEE CR", "year_built": 2004, "material": "concrete", "design": "slab", "spans": 1, "max_span_m": 14.6, "length_m": 15.4, "deck_width_m": 7.9, "roadway_width_m": 7.3, "lanes": "2", "osm_decks": [1490651688]}, "geometry": {"type": "Point", "coordinates": [-91.758167, 44.191361]}}, {"type": "Feature", "properties": {"layer": "nbi", "id": "B06015100000000", "carries": "LRD PABST RD", "over": "TAMARACK CREEK", "year_built": 2004, "material": "concrete", "design": "slab", "spans": 1, "max_span_m": 11, "length_m": 11.7, "deck_width_m": 7.9, "roadway_width_m": 7.3, "lanes": "2"}, "geometry": {"type": "Point", "coordinates": [-91.824167, 44.498056]}}, {"type": "Feature", "properties": {"layer": "nbi", "id": "B06015200000000", "carries": "CTH J", "over": "TAMARACK CREEK", "year_built": 2005, "material": "concrete", "design": "slab", "spans": 1, "max_span_m": 7.3, "length_m": 8.1, "deck_width_m": 9.8, "roadway_width_m": 9.1, "lanes": "2"}, "geometry": {"type": "Point", "coordinates": [-91.812222, 44.474722]}}, {"type": "Feature", "properties": {"layer": "nbi", "id": "B06015300000000", "carries": "CTH J", "over": "BR BUFFALO RIVER", "year_built": 2005, "material": "concrete continuous", "design": "slab", "spans": 2, "max_span_m": 13.7, "length_m": 28.2, "deck_width_m": 9.1, "roadway_width_m": 8.5, "lanes": "2", "osm_decks": [433242396]}, "geometry": {"type": "Point", "coordinates": [-91.778333, 44.443889]}}, {"type": "Feature", "properties": {"layer": "nbi", "id": "B06015400000000", "carries": "LRD BUELLS VALLEY", "over": "WAUMANDEE CREEK", "year_built": 2005, "material": "concrete", "design": "slab", "spans": 1, "max_span_m": 11, "length_m": 11.9, "deck_width_m": 7.9, "roadway_width_m": 7.3, "lanes": "2"}, "geometry": {"type": "Point", "coordinates": [-91.601111, 44.410278]}}, {"type": "Feature", "properties": {"layer": "nbi", "id": "B06015500000000", "carries": "LRD ROSE VALLEY RO", "over": "ROSE VALLEY CREEK", "year_built": 2003, "material": "wood/timber", "design": "slab", "spans": 1, "max_span_m": 7.6, "length_m": 7.9, "deck_width_m": 8.5, "roadway_width_m": 7.9, "lanes": "2"}, "geometry": {"type": "Point", "coordinates": [-91.82, 44.260556]}}, {"type": "Feature", "properties": {"layer": "nbi", "id": "B06015600000000", "carries": "LRD BALK ROAD", "over": "LITTLE WAUMANDEE CREEK", "year_built": 2005, "material": "concrete", "design": "slab", "spans": 1, "max_span_m": 11, "length_m": 11.7, "deck_width_m": 7.9, "roadway_width_m": 7.3, "lanes": "2"}, "geometry": {"type": "Point", "coordinates": [-91.708333, 44.410833]}}, {"type": "Feature", "properties": {"layer": "nbi", "id": "B06016100000000", "carries": "LRD MOE RD", "over": "BR PESSO CREEK", "year_built": 2006, "material": "concrete continuous", "design": "slab", "spans": 1, "max_span_m": 10.4, "length_m": 11.2, "deck_width_m": 7.9, "roadway_width_m": 7.3, "lanes": "2", "osm_decks": [1435788996]}, "geometry": {"type": "Point", "coordinates": [-91.596111, 44.595278]}}, {"type": "Feature", "properties": {"layer": "nbi", "id": "B06016200000000", "carries": "LRD PLANK RD", "over": "LITTLE WAUMANDEE CREEK", "year_built": 2006, "material": "concrete", "design": "slab", "spans": 1, "max_span_m": 11.3, "length_m": 12, "deck_width_m": 7.9, "roadway_width_m": 7.3, "lanes": "2", "osm_decks": [461832348]}, "geometry": {"type": "Point", "coordinates": [-91.757222, 44.279722]}}, {"type": "Feature", "properties": {"layer": "nbi", "id": "B06016300000000", "carries": "LRD CTH Z", "over": "DRY RUN", "year_built": 2004, "material": "steel", "design": "culvert", "spans": 3, "max_span_m": 1.5, "length_m": 6.5, "deck_width_m": 0, "roadway_width_m": 0, "lanes": "2"}, "geometry": {"type": "Point", "coordinates": [-91.646111, 44.476944]}}, {"type": "Feature", "properties": {"layer": "nbi", "id": "B06016400000000", "carries": "CTH XX", "over": "JOHNS VALLEY CREEK", "year_built": 2004, "material": "steel", "design": "culvert", "spans": 3, "max_span_m": 1.8, "length_m": 7.6, "deck_width_m": 0, "roadway_width_m": 0, "lanes": "2"}, "geometry": {"type": "Point", "coordinates": [-91.7499999, 44.337222]}}, {"type": "Feature", "properties": {"layer": "nbi", "id": "B06016500000000", "carries": "STH 88", "over": "LITTLE WAUMANDEE CREEK", "year_built": 2008, "material": "concrete continuous", "design": "slab", "spans": 3, "max_span_m": 18.9, "length_m": 45.9, "deck_width_m": 9.9, "roadway_width_m": 9.1, "lanes": "2", "osm_decks": [461832344]}, "geometry": {"type": "Point", "coordinates": [-91.754822, 44.278486]}}, {"type": "Feature", "properties": {"layer": "nbi", "id": "B06016600000000", "carries": "LRD OAK VALLEY RD", "over": "BR WAUMANDEE CREEK", "year_built": 2009, "material": "concrete", "design": "slab", "spans": 1, "max_span_m": 11.6, "length_m": 12.4, "deck_width_m": 8.1, "roadway_width_m": 7.3, "lanes": "2"}, "geometry": {"type": "Point", "coordinates": [-91.732778, 44.222778]}}, {"type": "Feature", "properties": {"layer": "nbi", "id": "B06016700000000", "carries": "LRD OAK VALLEY RD", "over": "WAUMANDEE CREEK", "year_built": 2008, "material": "concrete", "design": "slab", "spans": 2, "max_span_m": 9.1, "length_m": 19.1, "deck_width_m": 8.1, "roadway_width_m": 7.3, "lanes": "2"}, "geometry": {"type": "Point", "coordinates": [-91.752222, 44.218333]}}, {"type": "Feature", "properties": {"layer": "nbi", "id": "B06016800000000", "carries": "CTH P", "over": "BR TREMPEALEAU RIVER", "year_built": 2009, "material": "concrete", "design": "slab", "spans": 1, "max_span_m": 10.4, "length_m": 11.1, "deck_width_m": 9.8, "roadway_width_m": 9.1, "lanes": "2"}, "geometry": {"type": "Point", "coordinates": [-91.564611, 44.116972]}}, {"type": "Feature", "properties": {"layer": "nbi", "id": "B06016900000000", "carries": "LRD WOJCHIK VALLEY", "over": "BR LITTLE WAUMANDEE CR", "year_built": 2009, "material": "concrete", "design": "slab", "spans": 1, "max_span_m": 9.8, "length_m": 10.6, "deck_width_m": 8.1, "roadway_width_m": 7.3, "lanes": "2"}, "geometry": {"type": "Point", "coordinates": [-91.74, 44.282778]}}, {"type": "Feature", "properties": {"layer": "nbi", "id": "B06017000000000", "carries": "CTH HH", "over": "ROSSMAN CREEK", "year_built": 2009, "material": "concrete", "design": "slab", "spans": 1, "max_span_m": 9.8, "length_m": 10.5, "deck_width_m": 9.9, "roadway_width_m": 9.1, "lanes": "2", "osm_decks": [1149760241]}, "geometry": {"type": "Point", "coordinates": [-91.542778, 44.553056]}}, {"type": "Feature", "properties": {"layer": "nbi", "id": "B06017100000000", "carries": "LRD GONTY RD", "over": "ROSSMAN CREEK", "year_built": 2009, "material": "concrete", "design": "slab", "spans": 1, "max_span_m": 14, "length_m": 14.8, "deck_width_m": 8.2, "roadway_width_m": 7.4, "lanes": "2", "osm_decks": [887653948]}, "geometry": {"type": "Point", "coordinates": [-91.5579971, 44.567811]}}, {"type": "Feature", "properties": {"layer": "nbi", "id": "B06017200000000", "carries": "LRD WHITWORTH RD", "over": "PESSO CREEK", "year_built": 2012, "material": "concrete", "design": "slab", "spans": 1, "max_span_m": 11, "length_m": 11.7, "deck_width_m": 8.7, "roadway_width_m": 7.9, "lanes": "2", "osm_decks": [876264627]}, "geometry": {"type": "Point", "coordinates": [-91.636111, 44.589167]}}, {"type": "Feature", "properties": {"layer": "nbi", "id": "B06017400000000", "carries": "LRD TREE FARM ROAD", "over": "JAHNS VALLEY CREEK", "year_built": 2009, "material": "concrete", "design": "slab", "spans": 1, "max_span_m": 9.1, "length_m": 9.9, "deck_width_m": 7.9, "roadway_width_m": 7.3, "lanes": "2"}, "geometry": {"type": "Point", "coordinates": [-91.744167, 44.343611]}}, {"type": "Feature", "properties": {"layer": "nbi", "id": "B06017500000000", "carries": "CTH U", "over": "WAUMANDEE CREEK", "year_built": 2009, "material": "concrete", "design": "slab", "spans": 1, "max_span_m": 11, "length_m": 11.7, "deck_width_m": 9.9, "roadway_width_m": 9.1, "lanes": "2", "osm_decks": [1120164095]}, "geometry": {"type": "Point", "coordinates": [-91.6652781, 44.354444]}}, {"type": "Feature", "properties": {"layer": "nbi", "id": "B06017700000000", "carries": "LRD WAUMANDEE CREE", "over": "EAGLE CREEK", "year_built": 2008, "material": "concrete", "design": "slab", "spans": 1, "max_span_m": 12.2, "length_m": 13, "deck_width_m": 7.9, "roadway_width_m": 7.3, "lanes": "2"}, "geometry": {"type": "Point", "coordinates": [-91.741667, 44.166389]}}, {"type": "Feature", "properties": {"layer": "nbi", "id": "B06017800000000", "carries": "STH 37", "over": "BR BUFFALO R", "year_built": 2011, "material": "concrete", "design": "slab", "spans": 1, "max_span_m": 11.6, "length_m": 12.3, "deck_width_m": 11.8, "roadway_width_m": 11, "lanes": "2"}, "geometry": {"type": "Point", "coordinates": [-91.8064, 44.3998]}}, {"type": "Feature", "properties": {"layer": "nbi", "id": "B06017900000000", "carries": "STH 37", "over": "HUTCHINSON CREEK", "year_built": 2011, "material": "prestressed concrete", "design": "stringer/girder", "spans": 1, "max_span_m": 30.5, "length_m": 31.7, "deck_width_m": 11.7, "roadway_width_m": 11, "lanes": "2", "osm_decks": [1113323840]}, "geometry": {"type": "Point", "coordinates": [-91.803886, 44.403939]}}, {"type": "Feature", "properties": {"layer": "nbi", "id": "B06018100000000", "carries": "LRD PAPE VALLEY RO", "over": "TRAVERSE VALLEY CREEK", "year_built": 2007, "material": "wood/timber", "design": "slab", "spans": 1, "max_span_m": 7.3, "length_m": 7.3, "deck_width_m": 7.9, "roadway_width_m": 7.3, "lanes": "2", "osm_decks": [282987386]}, "geometry": {"type": "Point", "coordinates": [-91.5402781, 44.388056]}}, {"type": "Feature", "properties": {"layer": "nbi", "id": "B06018200000000", "carries": "CTH EE", "over": "WAUMANDEE CREEK", "year_built": 2012, "material": "concrete continuous", "design": "slab", "spans": 2, "max_span_m": 10.4, "length_m": 21.5, "deck_width_m": 9.9, "roadway_width_m": 9.1, "lanes": "2", "osm_decks": [303985974]}, "geometry": {"type": "Point", "coordinates": [-91.6825, 44.333333]}}, {"type": "Feature", "properties": {"layer": "nbi", "id": "B06018300000000", "carries": "CTH H", "over": "S FK ELK CREEK", "year_built": 2012, "material": "concrete", "design": "slab", "spans": 1, "max_span_m": 14, "length_m": 14.8, "deck_width_m": 9.9, "roadway_width_m": 9.1, "lanes": "2", "osm_decks": [276084807]}, "geometry": {"type": "Point", "coordinates": [-91.61, 44.466667]}}, {"type": "Feature", "properties": {"layer": "nbi", "id": "B06018400000000", "carries": "LRD HANSON BLUFF R", "over": "LEE VALLEY CREEK", "year_built": 2022, "material": "concrete", "design": "slab", "spans": 1, "max_span_m": 11, "length_m": 11.7, "deck_width_m": 8.1, "roadway_width_m": 7.3, "lanes": "2"}, "geometry": {"type": "Point", "coordinates": [-91.835106, 44.436775]}}, {"type": "Feature", "properties": {"layer": "nbi", "id": "B06018700000000", "carries": "LRD SCHOEPPS VALLE", "over": "BRANCH WAUMANDEE CREEK", "year_built": 2015, "material": "prestressed concrete", "design": "stringer/girder", "spans": 1, "max_span_m": 14.6, "length_m": 15.5, "deck_width_m": 8.2, "roadway_width_m": 7.5, "lanes": "2", "osm_decks": [1457670981]}, "geometry": {"type": "Point", "coordinates": [-91.716111, 44.256111]}}, {"type": "Feature", "properties": {"layer": "nbi", "id": "B06018800000000", "carries": "LRD SEGERSTROM ROA", "over": "ROSSMAN CREEK", "year_built": 2015, "material": "concrete", "design": "slab", "spans": 1, "max_span_m": 10.4, "length_m": 11.2, "deck_width_m": 8.1, "roadway_width_m": 7.3, "lanes": "2", "osm_decks": [1149760236]}, "geometry": {"type": "Point", "coordinates": [-91.550889, 44.560194]}}, {"type": "Feature", "properties": {"layer": "nbi", "id": "B06018900000000", "carries": "CTH C NB & SB", "over": "SWINNS VALLEY CREEK", "year_built": 2016, "material": "concrete continuous", "design": "slab", "spans": 2, "max_span_m": 10.7, "length_m": 22.2, "deck_width_m": 9.9, "roadway_width_m": 9.1, "lanes": "2", "osm_decks": [1120164057]}, "geometry": {"type": "Point", "coordinates": [-91.555278, 44.304722]}}, {"type": "Feature", "properties": {"layer": "nbi", "id": "B06019000000000", "carries": "CTH A", "over": "TIFFANY CREEK", "year_built": 2012, "material": "concrete", "design": "slab", "spans": 1, "max_span_m": 11.6, "length_m": 12.4, "deck_width_m": 9.8, "roadway_width_m": 9.1, "lanes": "2"}, "geometry": {"type": "Point", "coordinates": [-91.824444, 44.585]}}, {"type": "Feature", "properties": {"layer": "nbi", "id": "B06019200000000", "carries": "LRD WASHINGTON STR", "over": "PESSO CREEK", "year_built": 2014, "material": "concrete", "design": "culvert", "spans": 2, "max_span_m": 4.3, "length_m": 8.8, "deck_width_m": 0, "roadway_width_m": 0, "lanes": "2", "osm_decks": [800113743]}, "geometry": {"type": "Point", "coordinates": [-91.662089, 44.574425]}}, {"type": "Feature", "properties": {"layer": "nbi", "id": "B06019300000000", "carries": "CTH D", "over": "TAMARACK CREEK", "year_built": 2022, "material": "concrete", "design": "slab", "spans": 1, "max_span_m": 10.4, "length_m": 11.2, "deck_width_m": 9.3, "roadway_width_m": 8.5, "lanes": "2", "osm_decks": [567244325]}, "geometry": {"type": "Point", "coordinates": [-91.801147, 44.465778]}}, {"type": "Feature", "properties": {"layer": "nbi", "id": "B06019400000000", "carries": "CTH G", "over": "EAGLE CREEK", "year_built": 2022, "material": "concrete", "design": "slab", "spans": 1, "max_span_m": 14.6, "length_m": 15.5, "deck_width_m": 8.7, "roadway_width_m": 7.9, "lanes": "2", "osm_decks": [302658435]}, "geometry": {"type": "Point", "coordinates": [-91.707781, 44.163489]}}, {"type": "Feature", "properties": {"layer": "nbi", "id": "B06019600000000", "carries": "CTH HH", "over": "BRANCH OF BUFFALO RIVER", "year_built": 2022, "material": "concrete", "design": "slab", "spans": 1, "max_span_m": 10.4, "length_m": 11.1, "deck_width_m": 10.1, "roadway_width_m": 9.1, "lanes": "2", "osm_decks": [286964569]}, "geometry": {"type": "Point", "coordinates": [-91.6036001, 44.5533]}}, {"type": "Feature", "properties": {"layer": "nbi", "id": "B06019700000000", "carries": "CTH OO", "over": "ROSE VALLEY CREEK", "year_built": 2022, "material": "concrete continuous", "design": "culvert", "spans": 2, "max_span_m": 3.7, "length_m": 8, "deck_width_m": 9.1, "roadway_width_m": 8.5, "lanes": "2", "osm_decks": [160502766]}, "geometry": {"type": "Point", "coordinates": [-91.828056, 44.219722]}}, {"type": "Feature", "properties": {"layer": "nbi", "id": "B06019800000000", "carries": "LRD PRONSCHINSKE D", "over": "SWINNS VALLEY CREEK", "year_built": 2022, "material": "concrete", "design": "slab", "spans": 1, "max_span_m": 13.4, "length_m": 14.2, "deck_width_m": 8.1, "roadway_width_m": 7.3, "lanes": "2"}, "geometry": {"type": "Point", "coordinates": [-91.550833, 44.260278]}}, {"type": "Feature", "properties": {"layer": "nbi", "id": "B06020000000000", "carries": "LRD BUELLS VALLEY", "over": "BR WAUMANDEE CREEK", "year_built": 2010, "material": "concrete", "design": "slab", "spans": 1, "max_span_m": 9.1, "length_m": 9.9, "deck_width_m": 9.6, "roadway_width_m": 8.8, "lanes": "2"}, "geometry": {"type": "Point", "coordinates": [-91.613333, 44.397222]}}, {"type": "Feature", "properties": {"layer": "nbi", "id": "B06020100000000", "carries": "STH 35", "over": "MISSISSIPPI RIVER TRIBUT", "year_built": 2023, "material": "prestressed concrete", "design": "stringer/girder", "spans": 1, "max_span_m": 14.9, "length_m": 16.3, "deck_width_m": 13.1, "roadway_width_m": 12.2, "lanes": "2", "osm_decks": [160420692]}, "geometry": {"type": "Point", "coordinates": [-91.647931, 44.079686]}}, {"type": "Feature", "properties": {"layer": "nbi", "id": "B06020200000000", "carries": "STH 35", "over": "MISSISSIPPI RIVER TRIB", "year_built": 2019, "material": "prestressed concrete", "design": "stringer/girder", "spans": 1, "max_span_m": 17.7, "length_m": 19.4, "deck_width_m": 13, "roadway_width_m": 12.2, "lanes": "2", "osm_decks": [160420693]}, "geometry": {"type": "Point", "coordinates": [-91.654331, 44.083239]}}, {"type": "Feature", "properties": {"layer": "nbi", "id": "B06020300000000", "carries": "STH 35", "over": "MISSISSIPPI RIVER TRIB", "year_built": 2019, "material": "prestressed concrete", "design": "stringer/girder", "spans": 1, "max_span_m": 20.7, "length_m": 22.1, "deck_width_m": 13, "roadway_width_m": 12.3, "lanes": "2", "osm_decks": [305935048]}, "geometry": {"type": "Point", "coordinates": [-91.6705439, 44.094044]}}, {"type": "Feature", "properties": {"layer": "nbi", "id": "B06020400000000", "carries": "STH 35-MAIN ST", "over": "MISSISSIPPI RIVER TRIBUT", "year_built": 2023, "material": "prestressed concrete", "design": "stringer/girder", "spans": 1, "max_span_m": 11.9, "length_m": 13.3, "deck_width_m": 13.1, "roadway_width_m": 12.2, "lanes": "2"}, "geometry": {"type": "Point", "coordinates": [-91.680589, 44.099844]}}, {"type": "Feature", "properties": {"layer": "nbi", "id": "B06020500000000", "carries": "STH 35-MAIN ST", "over": "MISSISSIPPI RIVER TRIB", "year_built": 2019, "material": "prestressed concrete", "design": "stringer/girder", "spans": 1, "max_span_m": 20.7, "length_m": 22.1, "deck_width_m": 13.1, "roadway_width_m": 12.3, "lanes": "2"}, "geometry": {"type": "Point", "coordinates": [-91.693336, 44.116217]}}, {"type": "Feature", "properties": {"layer": "nbi", "id": "B06020600000000", "carries": "STH 35-MAIN ST", "over": "MISSISSIPPI RIVER TRIBUT", "year_built": 2023, "material": "prestressed concrete", "design": "stringer/girder", "spans": 1, "max_span_m": 12.8, "length_m": 14.2, "deck_width_m": 13.1, "roadway_width_m": 12.2, "lanes": "2"}, "geometry": {"type": "Point", "coordinates": [-91.7049639, 44.121931]}}, {"type": "Feature", "properties": {"layer": "nbi", "id": "B06020800000000", "carries": "CTH E", "over": "BRANCH WAUMANDEE CREEK", "year_built": 2022, "material": "concrete", "design": "slab", "spans": 1, "max_span_m": 12.2, "length_m": 13, "deck_width_m": 9.3, "roadway_width_m": 8.5, "lanes": "2", "osm_decks": [1459900096]}, "geometry": {"type": "Point", "coordinates": [-91.670833, 44.29]}}, {"type": "Feature", "properties": {"layer": "nbi", "id": "B06023600000000", "carries": "LRD SCHOEPP VALLEY", "over": "WAUMANDEE CREEK", "year_built": 2017, "material": "steel", "design": "stringer/girder", "spans": 3, "max_span_m": 14.6, "length_m": 43.9, "deck_width_m": 7.9, "roadway_width_m": 7.3, "lanes": "2", "osm_decks": [1457670983]}, "geometry": {"type": "Point", "coordinates": [-91.748056, 44.245833]}}, {"type": "Feature", "properties": {"layer": "nbi", "id": "B06023700000000", "carries": "CTH U", "over": "HESCH VALLEY CREEK", "year_built": 2017, "material": "prestressed concrete", "design": "stringer/girder", "spans": 1, "max_span_m": 14, "length_m": 14.8, "deck_width_m": 9.9, "roadway_width_m": 9.1, "lanes": "2", "osm_decks": [1120164077]}, "geometry": {"type": "Point", "coordinates": [-91.680278, 44.330278]}}, {"type": "Feature", "properties": {"layer": "nbi", "id": "B06024000000000", "carries": "LRD PALKOWSKI ROAD", "over": "BR WAUMANDEE CREEK", "year_built": 2022, "material": "wood/timber", "design": "slab", "spans": 1, "max_span_m": 9.4, "length_m": 9.8, "deck_width_m": 7.9, "roadway_width_m": 7.3, "lanes": "2"}, "geometry": {"type": "Point", "coordinates": [-91.634753, 44.346428]}}, {"type": "Feature", "properties": {"layer": "nbi", "id": "B06024100000000", "carries": "LRD SCHAUB RD (DEA", "over": "LITTLE WAUMANDEE CREEK", "year_built": 2023, "material": "concrete", "design": "slab", "spans": 1, "max_span_m": 11, "length_m": 11.9, "deck_width_m": 8.1, "roadway_width_m": 7.3, "lanes": "2"}, "geometry": {"type": "Point", "coordinates": [-91.754, 44.3779]}}, {"type": "Feature", "properties": {"layer": "nbi", "id": "B06024800000000", "carries": "LRD MUN154-OLD DUK", "over": "N CHANNEL MISSISSIPPI RI", "year_built": 1916, "material": "concrete", "design": "girder-floorbeam", "spans": 14, "max_span_m": 21.9, "length_m": 371.9, "deck_width_m": 7.5, "roadway_width_m": 5.3, "lanes": "1"}, "geometry": {"type": "Point", "coordinates": [-91.6325109, 44.059675]}}, {"type": "Feature", "properties": {"layer": "nbi", "id": "B06030100000000", "carries": "LRD ALLEMAN ROAD", "over": "BUFFALO RIVER", "year_built": 2021, "material": "concrete continuous", "design": "slab", "spans": 3, "max_span_m": 14, "length_m": 35.5, "deck_width_m": 8.7, "roadway_width_m": 7.9, "lanes": "2", "osm_decks": [327666585]}, "geometry": {"type": "Point", "coordinates": [-91.615672, 44.567533]}}, {"type": "Feature", "properties": {"layer": "nbi", "id": "B06038700000000", "carries": "USH 10", "over": "HOLMES CREEK", "year_built": 2022, "material": "concrete", "design": "slab", "spans": 1, "max_span_m": 11.6, "length_m": 12.6, "deck_width_m": 11.7, "roadway_width_m": 11, "lanes": "2", "osm_decks": [1124456393]}, "geometry": {"type": "Point", "coordinates": [-91.703539, 44.576747]}}, {"type": "Feature", "properties": {"layer": "nbi", "id": "B06040000000000", "carries": "LRD BOETTCHER RD (", "over": "JAHNS VALLEY CREEK", "year_built": 2018, "material": "concrete", "design": "slab", "spans": 1, "max_span_m": 8.5, "length_m": 9.3, "deck_width_m": 8.1, "roadway_width_m": 7.3, "lanes": "2"}, "geometry": {"type": "Point", "coordinates": [-91.720833, 44.352778]}}, {"type": "Feature", "properties": {"layer": "nbi", "id": "B06040100000000", "carries": "LRD ZITTEL ROAD", "over": "PRISSEL VALLEY CREEK", "year_built": 2018, "material": "steel", "design": "culvert", "spans": 2, "max_span_m": 3.1, "length_m": 7.2, "deck_width_m": 0, "roadway_width_m": 0, "lanes": "2"}, "geometry": {"type": "Point", "coordinates": [-91.822628, 44.594797]}}, {"type": "Feature", "properties": {"layer": "nbi", "id": "B06040200000000", "carries": "LRD ZIEGEWEID VALL", "over": "UNNAMED TRIBUTARY", "year_built": 2018, "material": "steel", "design": "culvert", "spans": 2, "max_span_m": 2.7, "length_m": 6.6, "deck_width_m": 0, "roadway_width_m": 0, "lanes": "2"}, "geometry": {"type": "Point", "coordinates": [-91.5797669, 44.258278]}}, {"type": "Feature", "properties": {"layer": "nbi", "id": "B06050200000000", "carries": "CTH Z", "over": "ELK CREEK", "year_built": 2017, "material": "steel", "design": "stringer/girder", "spans": 1, "max_span_m": 15.2, "length_m": 15.4, "deck_width_m": 9.1, "roadway_width_m": 8.5, "lanes": "2"}, "geometry": {"type": "Point", "coordinates": [-91.623056, 44.485556]}}, {"type": "Feature", "properties": {"layer": "nbi", "id": "B06075200000000", "carries": "STH 54", "over": "MISSISSIPPI RIVER   08", "year_built": 1942, "material": "prestressed concrete", "design": "stringer/girder", "spans": 10, "max_span_m": 30.7, "length_m": 307.2, "deck_width_m": 18.6, "roadway_width_m": 14.4, "lanes": "2", "osm_decks": [120018323, 762547225]}, "geometry": {"type": "Point", "coordinates": [-91.6366139, 44.063783]}}, {"type": "Feature", "properties": {"layer": "nbi", "id": "B06075400000000", "carries": "STH 54", "over": "BN RR", "year_built": 1941, "material": "steel continuous", "design": "stringer/girder", "spans": 3, "max_span_m": 19.5, "length_m": 50.6, "deck_width_m": 10.1, "roadway_width_m": 9.1, "lanes": "2", "osm_decks": [160420724]}, "geometry": {"type": "Point", "coordinates": [-91.632211, 44.072028]}}, {"type": "Feature", "properties": {"layer": "nbi", "id": "B06088500000000", "carries": "STH 37", "over": "PESSO CREEK", "year_built": 1932, "material": "steel", "design": "stringer/girder", "spans": 1, "max_span_m": 22.2, "length_m": 22.3, "deck_width_m": 11.3, "roadway_width_m": 10.7, "lanes": "2", "osm_decks": [802648451]}, "geometry": {"type": "Point", "coordinates": [-91.64505, 44.584772]}}, {"type": "Feature", "properties": {"layer": "nbi", "id": "B06088800000000", "carries": "LRD BLUFF SIDING F", "over": "CHICKEN VALLEY CREEK", "year_built": 1928, "material": "concrete", "design": "stringer/girder", "spans": 1, "max_span_m": 14.2, "length_m": 14.4, "deck_width_m": 9.1, "roadway_width_m": 8.2, "lanes": "2", "osm_decks": [962456856]}, "geometry": {"type": "Point", "coordinates": [-91.601611, 44.07]}}, {"type": "Feature", "properties": {"layer": "nbi", "id": "B10038900000000", "carries": "LRD FAIRVIEW AVENU", "over": "E FK HALLS CREEK", "year_built": 2021, "material": "concrete", "design": "slab", "spans": 1, "max_span_m": 15.2, "length_m": 16, "deck_width_m": 8.1, "roadway_width_m": 7.3, "lanes": "2"}, "geometry": {"type": "Point", "coordinates": [-90.9225529, 44.535608]}}, {"type": "Feature", "properties": {"layer": "nbi", "id": "B18006100000000", "carries": "USH 12-STH 27", "over": "UNION PACIFIC RR", "year_built": 1962, "material": "steel continuous", "design": "stringer/girder", "spans": 3, "max_span_m": 38.7, "length_m": 101.5, "deck_width_m": 10.7, "roadway_width_m": 9.1, "lanes": "2", "osm_decks": [203188273]}, "geometry": {"type": "Point", "coordinates": [-90.985997, 44.6161]}}, {"type": "Feature", "properties": {"layer": "nbi", "id": "B18006500000000", "carries": "LRD E ROBIN RD", "over": "IH 94", "year_built": 1966, "material": "steel continuous", "design": "stringer/girder", "spans": 2, "max_span_m": 32, "length_m": 63.2, "deck_width_m": 9.3, "roadway_width_m": 8.2, "lanes": "2", "osm_decks": [39381767]}, "geometry": {"type": "Point", "coordinates": [-91.278842, 44.626267]}}, {"type": "Feature", "properties": {"layer": "nbi", "id": "B18006600000000", "carries": "CTH K", "over": "IH 94", "year_built": 1966, "material": "steel continuous", "design": "stringer/girder", "spans": 2, "max_span_m": 29.3, "length_m": 59.8, "deck_width_m": 9.3, "roadway_width_m": 8.2, "lanes": "2", "osm_decks": [21467408]}, "geometry": {"type": "Point", "coordinates": [-91.256639, 44.620381]}}, {"type": "Feature", "properties": {"layer": "nbi", "id": "B18006700000000", "carries": "LRD RYDER RD", "over": "IH 94", "year_built": 1966, "material": "steel continuous", "design": "stringer/girder", "spans": 4, "max_span_m": 25.8, "length_m": 80.7, "deck_width_m": 8.4, "roadway_width_m": 7.3, "lanes": "2", "osm_decks": [78088733]}, "geometry": {"type": "Point", "coordinates": [-91.237253, 44.611736]}}, {"type": "Feature", "properties": {"layer": "nbi", "id": "B18011100000000", "carries": "LRD E MAIN STREET", "over": "SCHOOL HOUSE CREEK", "year_built": 1986, "material": "concrete", "design": "slab", "spans": 1, "max_span_m": 9.8, "length_m": 10.3, "deck_width_m": 9.1, "roadway_width_m": 8.5, "lanes": "2", "osm_decks": [203193499]}, "geometry": {"type": "Point", "coordinates": [-90.950528, 44.599889]}}, {"type": "Feature", "properties": {"layer": "nbi", "id": "B18014100000000", "carries": "LRD TIOGA RD", "over": "BLACK CREEK", "year_built": 1993, "material": "concrete", "design": "slab", "spans": 1, "max_span_m": 11, "length_m": 11.5, "deck_width_m": 7.9, "roadway_width_m": 7.3, "lanes": "2", "osm_decks": [857935845]}, "geometry": {"type": "Point", "coordinates": [-90.924583, 44.607056]}}, {"type": "Feature", "properties": {"layer": "nbi", "id": "B18014300000000", "carries": "LRD BRIDGE RD", "over": "HOYTS CREEK", "year_built": 1993, "material": "concrete", "design": "slab", "spans": 1, "max_span_m": 7.9, "length_m": 8.5, "deck_width_m": 7.9, "roadway_width_m": 7.3, "lanes": "2"}, "geometry": {"type": "Point", "coordinates": [-91.626639, 44.603722]}}, {"type": "Feature", "properties": {"layer": "nbi", "id": "B18015300000000", "carries": "STH 37", "over": "HOYTS CREEK", "year_built": 1999, "material": "prestressed concrete", "design": "stringer/girder", "spans": 1, "max_span_m": 12, "length_m": 13.2, "deck_width_m": 14.1, "roadway_width_m": 13.4, "lanes": "2", "osm_decks": [241736483]}, "geometry": {"type": "Point", "coordinates": [-91.605803, 44.612608]}}, {"type": "Feature", "properties": {"layer": "nbi", "id": "B18019300000000", "carries": "USH 10-USH 12-STH", "over": "SCHOOL HOUSE CREEK", "year_built": 2008, "material": "concrete", "design": "slab", "spans": 1, "max_span_m": 12.2, "length_m": 13, "deck_width_m": 14.2, "roadway_width_m": 13.4, "lanes": "2", "osm_decks": [203193508]}, "geometry": {"type": "Point", "coordinates": [-90.953358, 44.596558]}}, {"type": "Feature", "properties": {"layer": "nbi", "id": "B18024200000000", "carries": "LRD E BUNTING RD", "over": "PINE CREEK", "year_built": 2023, "material": "prestressed concrete", "design": "box beam multiple", "spans": 1, "max_span_m": 13.4, "length_m": 14.3, "deck_width_m": 8.9, "roadway_width_m": 7.9, "lanes": "2"}, "geometry": {"type": "Point", "coordinates": [-91.310119, 44.610811]}}, {"type": "Feature", "properties": {"layer": "nbi", "id": "B27001000000000", "carries": "STH 108", "over": "SAND CREEK", "year_built": 1992, "material": "prestressed concrete", "design": "stringer/girder", "spans": 1, "max_span_m": 21.3, "length_m": 21.5, "deck_width_m": 10.9, "roadway_width_m": 10.4, "lanes": "2", "osm_decks": [1423782643]}, "geometry": {"type": "Point", "coordinates": [-91.002308, 44.095997]}}, {"type": "Feature", "properties": {"layer": "nbi", "id": "B27001600000000", "carries": "STH 54", "over": "DOUGLAS CREEK", "year_built": 1955, "material": "steel continuous", "design": "stringer/girder", "spans": 3, "max_span_m": 16.8, "length_m": 44.8, "deck_width_m": 11.6, "roadway_width_m": 11, "lanes": "2", "osm_decks": [242672370]}, "geometry": {"type": "Point", "coordinates": [-90.9933749, 44.146781]}}, {"type": "Feature", "properties": {"layer": "nbi", "id": "B27001800000000", "carries": "STH 54", "over": "MILL CREEK", "year_built": 1959, "material": "steel", "design": "stringer/girder", "spans": 1, "max_span_m": 15.1, "length_m": 15.1, "deck_width_m": 11.9, "roadway_width_m": 9.8, "lanes": "2", "osm_decks": [1429092611]}, "geometry": {"type": "Point", "coordinates": [-91.116314, 44.091692]}}, {"type": "Feature", "properties": {"layer": "nbi", "id": "B27001900000000", "carries": "CTH H", "over": "TROUT RUN CREEK", "year_built": 1963, "material": "concrete continuous", "design": "culvert", "spans": 2, "max_span_m": 3.7, "length_m": 9.3, "deck_width_m": 0, "roadway_width_m": 0, "lanes": "2"}, "geometry": {"type": "Point", "coordinates": [-90.949461, 44.225264]}}, {"type": "Feature", "properties": {"layer": "nbi", "id": "B27002000000000", "carries": "CTH FF", "over": "IH 94", "year_built": 1966, "material": "steel continuous", "design": "stringer/girder", "spans": 2, "max_span_m": 34.7, "length_m": 70.9, "deck_width_m": 10.7, "roadway_width_m": 9.1, "lanes": "2"}, "geometry": {"type": "Point", "coordinates": [-91.0400249, 44.411133]}}, {"type": "Feature", "properties": {"layer": "nbi", "id": "B27002100000000", "carries": "IH 94 EB", "over": "TREMPEALEAU RIVER", "year_built": 1966, "material": "concrete continuous", "design": "slab", "spans": 3, "max_span_m": 16.8, "length_m": 41.8, "deck_width_m": 14, "roadway_width_m": 13.4, "lanes": "2", "osm_decks": [258584868]}, "geometry": {"type": "Point", "coordinates": [-91.006189, 44.388633]}}, {"type": "Feature", "properties": {"layer": "nbi", "id": "B27002200000000", "carries": "IH 94 WB", "over": "TREMPEALEAU RIVER", "year_built": 1966, "material": "concrete continuous", "design": "slab", "spans": 3, "max_span_m": 16.8, "length_m": 41.8, "deck_width_m": 16.6, "roadway_width_m": 15.7, "lanes": "3", "osm_decks": [258584869, 258584890]}, "geometry": {"type": "Point", "coordinates": [-91.005872, 44.388744]}}, {"type": "Feature", "properties": {"layer": "nbi", "id": "B27002300000000", "carries": "STH 95-INTERSTATE", "over": "TANK CREEK", "year_built": 1966, "material": "concrete continuous", "design": "culvert", "spans": 3, "max_span_m": 4.3, "length_m": 14.2, "deck_width_m": 0, "roadway_width_m": 0, "lanes": "3"}, "geometry": {"type": "Point", "coordinates": [-91.004828, 44.385669]}}, {"type": "Feature", "properties": {"layer": "nbi", "id": "B27002400000000", "carries": "IH 94 EB", "over": "STH 95", "year_built": 1966, "material": "steel continuous", "design": "stringer/girder", "spans": 4, "max_span_m": 23, "length_m": 77.3, "deck_width_m": 18.3, "roadway_width_m": 17.4, "lanes": "3"}, "geometry": {"type": "Point", "coordinates": [-91.002553, 44.386844]}}, {"type": "Feature", "properties": {"layer": "nbi", "id": "B27002500000000", "carries": "IH 94 WB", "over": "STH 95", "year_built": 1966, "material": "steel continuous", "design": "stringer/girder", "spans": 4, "max_span_m": 23, "length_m": 76.9, "deck_width_m": 14.4, "roadway_width_m": 13.5, "lanes": "2", "osm_decks": [51064117, 51064120, 258584888]}, "geometry": {"type": "Point", "coordinates": [-91.0022749, 44.386972]}}, {"type": "Feature", "properties": {"layer": "nbi", "id": "B27002600000000", "carries": "LRD S POLE GROVE R", "over": "IH 94", "year_built": 1966, "material": "steel continuous", "design": "stringer/girder", "spans": 2, "max_span_m": 35.4, "length_m": 72.3, "deck_width_m": 9.3, "roadway_width_m": 8.2, "lanes": "2"}, "geometry": {"type": "Point", "coordinates": [-90.963928, 44.361872]}}, {"type": "Feature", "properties": {"layer": "nbi", "id": "B27002700000000", "carries": "IH 94 EB", "over": "LRD CHARCOAL RD", "year_built": 1966, "material": "concrete continuous", "design": "slab", "spans": 3, "max_span_m": 14, "length_m": 34.8, "deck_width_m": 12.8, "roadway_width_m": 11.9, "lanes": "2", "osm_decks": [51064125]}, "geometry": {"type": "Point", "coordinates": [-90.923508, 44.345025]}}, {"type": "Feature", "properties": {"layer": "nbi", "id": "B27002800000000", "carries": "IH 94 WB", "over": "LRD CHARCOAL RD", "year_built": 1966, "material": "concrete continuous", "design": "slab", "spans": 3, "max_span_m": 14.9, "length_m": 36.9, "deck_width_m": 12.8, "roadway_width_m": 11.9, "lanes": "2", "osm_decks": [51064127]}, "geometry": {"type": "Point", "coordinates": [-90.923497, 44.345294]}}, {"type": "Feature", "properties": {"layer": "nbi", "id": "B27003500000000", "carries": "IH 94 EB", "over": "S FK BUFFALO RIVER", "year_built": 1966, "material": "steel continuous", "design": "stringer/girder", "spans": 2, "max_span_m": 18.7, "length_m": 39, "deck_width_m": 12.7, "roadway_width_m": 12, "lanes": "2", "osm_decks": [51063805]}, "geometry": {"type": "Point", "coordinates": [-91.163192, 44.546625]}}, {"type": "Feature", "properties": {"layer": "nbi", "id": "B27003600000000", "carries": "IH 94 WB", "over": "S FK BUFFALO RIVER", "year_built": 1966, "material": "steel continuous", "design": "stringer/girder", "spans": 2, "max_span_m": 17.2, "length_m": 35.9, "deck_width_m": 12.7, "roadway_width_m": 12, "lanes": "2", "osm_decks": [51063809]}, "geometry": {"type": "Point", "coordinates": [-91.161661, 44.546522]}}, {"type": "Feature", "properties": {"layer": "nbi", "id": "B27003700000000", "carries": "IH 94 EB", "over": "CTH B", "year_built": 1966, "material": "concrete continuous", "design": "slab", "spans": 3, "max_span_m": 14, "length_m": 34.5, "deck_width_m": 12.8, "roadway_width_m": 11.9, "lanes": "2", "osm_decks": [51063878]}, "geometry": {"type": "Point", "coordinates": [-91.155378, 44.535306]}}, {"type": "Feature", "properties": {"layer": "nbi", "id": "B27003800000000", "carries": "IH 94 WB", "over": "CTH B", "year_built": 1966, "material": "concrete continuous", "design": "slab", "spans": 3, "max_span_m": 14, "length_m": 34.5, "deck_width_m": 12.8, "roadway_width_m": 11.9, "lanes": "2", "osm_decks": [51063880]}, "geometry": {"type": "Point", "coordinates": [-91.155, 44.535322]}}, {"type": "Feature", "properties": {"layer": "nbi", "id": "B27004600000000", "carries": "STH 121", "over": "IH 94", "year_built": 1966, "material": "steel continuous", "design": "stringer/girder", "spans": 4, "max_span_m": 28.2, "length_m": 92.7, "deck_width_m": 10.7, "roadway_width_m": 9.1, "lanes": "2", "osm_decks": [39381595]}, "geometry": {"type": "Point", "coordinates": [-91.093139, 44.459122]}}, {"type": "Feature", "properties": {"layer": "nbi", "id": "B27004700000000", "carries": "LRD HAUGEN RD", "over": "IH 94", "year_built": 1966, "material": "steel continuous", "design": "stringer/girder", "spans": 2, "max_span_m": 31.9, "length_m": 65.1, "deck_width_m": 8.1, "roadway_width_m": 7.3, "lanes": "2"}, "geometry": {"type": "Point", "coordinates": [-91.106761, 44.477439]}}, {"type": "Feature", "properties": {"layer": "nbi", "id": "B27005200000000", "carries": "LRD GILBERTSON RD", "over": "IH 94", "year_built": 1966, "material": "steel continuous", "design": "stringer/girder", "spans": 2, "max_span_m": 29.7, "length_m": 61.1, "deck_width_m": 8.1, "roadway_width_m": 7.3, "lanes": "2", "osm_decks": [39381582]}, "geometry": {"type": "Point", "coordinates": [-91.123331, 44.495261]}}, {"type": "Feature", "properties": {"layer": "nbi", "id": "B27005800000000", "carries": "LRD SECHLERVILLE R", "over": "TREMPEALEAU RIVER", "year_built": 1979, "material": "concrete", "design": "slab", "spans": 2, "max_span_m": 14.6, "length_m": 29.8, "deck_width_m": 9.8, "roadway_width_m": 9.1, "lanes": "2", "osm_decks": [1071397512]}, "geometry": {"type": "Point", "coordinates": [-91.030708, 44.377681]}}, {"type": "Feature", "properties": {"layer": "nbi", "id": "B27006200000000", "carries": "LRD S POLE GROVE R", "over": "TANK CREEK", "year_built": 1966, "material": "concrete continuous", "design": "culvert", "spans": 2, "max_span_m": 3.7, "length_m": 8.9, "deck_width_m": 0, "roadway_width_m": 0, "lanes": "2"}, "geometry": {"type": "Point", "coordinates": [-90.963933, 44.360694]}}, {"type": "Feature", "properties": {"layer": "nbi", "id": "B27006500000000", "carries": "CTH VV", "over": "BLACK RIVER CHANNEL", "year_built": 1985, "material": "concrete", "design": "culvert", "spans": 2, "max_span_m": 3.7, "length_m": 8.3, "deck_width_m": 0, "roadway_width_m": 0, "lanes": "2", "osm_decks": [425624244]}, "geometry": {"type": "Point", "coordinates": [-91.122861, 44.078917]}}, {"type": "Feature", "properties": {"layer": "nbi", "id": "B27007100000000", "carries": "LRD LINCOLN ROAD", "over": "TREMPEALEAU RIVER", "year_built": 1978, "material": "concrete continuous", "design": "slab", "spans": 2, "max_span_m": 13.7, "length_m": 28, "deck_width_m": 9.8, "roadway_width_m": 9.1, "lanes": "2", "osm_decks": [425404671]}, "geometry": {"type": "Point", "coordinates": [-91.064703, 44.353342]}}, {"type": "Feature", "properties": {"layer": "nbi", "id": "B27007400000000", "carries": "STH 71-STH 108", "over": "BLACK RIVER", "year_built": 1985, "material": "prestressed concrete continuous", "design": "stringer/girder", "spans": 7, "max_span_m": 29.1, "length_m": 204.6, "deck_width_m": 13.1, "roadway_width_m": 12.2, "lanes": "2"}, "geometry": {"type": "Point", "coordinates": [-90.996161, 44.108269]}}, {"type": "Feature", "properties": {"layer": "nbi", "id": "B27007500000000", "carries": "LRD HUSKELHUS RD", "over": "PIGEON CREEK", "year_built": 1980, "material": "concrete continuous", "design": "slab", "spans": 2, "max_span_m": 9.1, "length_m": 18.8, "deck_width_m": 8.5, "roadway_width_m": 7.9, "lanes": "2"}, "geometry": {"type": "Point", "coordinates": [-91.1603529, 44.445136]}}, {"type": "Feature", "properties": {"layer": "nbi", "id": "B27007600000000", "carries": "STH 54", "over": "ROARING CREEK", "year_built": 1986, "material": "prestressed concrete", "design": "stringer/girder", "spans": 1, "max_span_m": 20.7, "length_m": 21.4, "deck_width_m": 12.1, "roadway_width_m": 11.6, "lanes": "2", "osm_decks": [226554142]}, "geometry": {"type": "Point", "coordinates": [-90.942864, 44.183225]}}, {"type": "Feature", "properties": {"layer": "nbi", "id": "B27007900000000", "carries": "CTH VV", "over": "BLACK RIVER", "year_built": 1985, "material": "steel continuous", "design": "stringer/girder", "spans": 3, "max_span_m": 50, "length_m": 126.2, "deck_width_m": 9.1, "roadway_width_m": 8.5, "lanes": "2", "osm_decks": [775783187]}, "geometry": {"type": "Point", "coordinates": [-91.125056, 44.083667]}}, {"type": "Feature", "properties": {"layer": "nbi", "id": "B27008400000000", "carries": "CTH FF", "over": "PIGEON CREEK", "year_built": 1988, "material": "concrete", "design": "slab", "spans": 1, "max_span_m": 12.2, "length_m": 12.7, "deck_width_m": 7.9, "roadway_width_m": 7.3, "lanes": "2", "osm_decks": [1452312403]}, "geometry": {"type": "Point", "coordinates": [-91.099667, 44.461861]}}, {"type": "Feature", "properties": {"layer": "nbi", "id": "B27008600000000", "carries": "LRD GREEN ACRES RD", "over": "TREMPEALEAU RIVER", "year_built": 1987, "material": "concrete continuous", "design": "slab", "spans": 2, "max_span_m": 9.1, "length_m": 18.9, "deck_width_m": 7.9, "roadway_width_m": 7.3, "lanes": "2"}, "geometry": {"type": "Point", "coordinates": [-91.0559331, 44.364297]}}, {"type": "Feature", "properties": {"layer": "nbi", "id": "B27008700000000", "carries": "LRD TAYLOR RD", "over": "PINE CREEK", "year_built": 1987, "material": "concrete", "design": "slab", "spans": 1, "max_span_m": 11.6, "length_m": 12.1, "deck_width_m": 7.9, "roadway_width_m": 7.3, "lanes": "2", "osm_decks": [258584883]}, "geometry": {"type": "Point", "coordinates": [-91.088644, 44.33525]}}, {"type": "Feature", "properties": {"layer": "nbi", "id": "B27008800000000", "carries": "LRD BLAIR RD", "over": "FRENCH CREEK", "year_built": 1988, "material": "concrete", "design": "slab", "spans": 1, "max_span_m": 9.8, "length_m": 10.3, "deck_width_m": 7.9, "roadway_width_m": 7.3, "lanes": "2"}, "geometry": {"type": "Point", "coordinates": [-91.1024719, 44.305486]}}, {"type": "Feature", "properties": {"layer": "nbi", "id": "B27008900000000", "carries": "LRD N BRANCH RD", "over": "N BR TREMPEALEAU RIVER", "year_built": 1989, "material": "concrete", "design": "slab", "spans": 1, "max_span_m": 13.4, "length_m": 14, "deck_width_m": 7.9, "roadway_width_m": 7.3, "lanes": "2"}, "geometry": {"type": "Point", "coordinates": [-90.992728, 44.420367]}}, {"type": "Feature", "properties": {"layer": "nbi", "id": "B27009100000000", "carries": "STH 95", "over": "S BR TREMPEALEAU RIVER", "year_built": 1989, "material": "prestressed concrete", "design": "stringer/girder", "spans": 1, "max_span_m": 17.7, "length_m": 18.2, "deck_width_m": 11.6, "roadway_width_m": 11, "lanes": "2", "osm_decks": [258585430]}, "geometry": {"type": "Point", "coordinates": [-90.973403, 44.403467]}}, {"type": "Feature", "properties": {"layer": "nbi", "id": "B27009400000000", "carries": "CTH W", "over": "VOSSE COULEE CREEK", "year_built": 1988, "material": "concrete", "design": "slab", "spans": 1, "max_span_m": 6.7, "length_m": 7.3, "deck_width_m": 7.9, "roadway_width_m": 7.3, "lanes": "2"}, "geometry": {"type": "Point", "coordinates": [-91.16625, 44.323472]}}, {"type": "Feature", "properties": {"layer": "nbi", "id": "B27009700000000", "carries": "LRD W INDIES RD", "over": "BR BLACK RIVER", "year_built": 1990, "material": "concrete continuous", "design": "culvert", "spans": 2, "max_span_m": 3, "length_m": 8.8, "deck_width_m": 0, "roadway_width_m": 0, "lanes": "2"}, "geometry": {"type": "Point", "coordinates": [-91.022075, 44.129072]}}, {"type": "Feature", "properties": {"layer": "nbi", "id": "B27009800000000", "carries": "LRD HOGG STREET", "over": "DOUGLAS CREEK", "year_built": 1991, "material": "prestressed concrete", "design": "stringer/girder", "spans": 1, "max_span_m": 41.8, "length_m": 42.8, "deck_width_m": 8.5, "roadway_width_m": 7.9, "lanes": "2", "osm_decks": [242672482]}, "geometry": {"type": "Point", "coordinates": [-90.9936221, 44.132406]}}, {"type": "Feature", "properties": {"layer": "nbi", "id": "B27009900000000", "carries": "USH 10-USH 12-STH", "over": "COON CREEK", "year_built": 1992, "material": "concrete", "design": "culvert", "spans": 3, "max_span_m": 3.7, "length_m": 11.8, "deck_width_m": 0, "roadway_width_m": 0, "lanes": "2"}, "geometry": {"type": "Point", "coordinates": [-90.959403, 44.595611]}}, {"type": "Feature", "properties": {"layer": "nbi", "id": "B27010200000000", "carries": "LRD ROARIN CREEK R", "over": "TROUT RUN CREEK", "year_built": 1991, "material": "prestressed concrete", "design": "stringer/girder", "spans": 1, "max_span_m": 27.4, "length_m": 28.1, "deck_width_m": 7.9, "roadway_width_m": 7.3, "lanes": "2"}, "geometry": {"type": "Point", "coordinates": [-90.9307189, 44.205367]}}, {"type": "Feature", "properties": {"layer": "nbi", "id": "B27010400000000", "carries": "CTH M", "over": "N FK BUFFALO RIVER", "year_built": 1990, "material": "concrete", "design": "slab", "spans": 1, "max_span_m": 12.2, "length_m": 12.7, "deck_width_m": 9.8, "roadway_width_m": 9.1, "lanes": "2"}, "geometry": {"type": "Point", "coordinates": [-91.12, 44.587583]}}, {"type": "Feature", "properties": {"layer": "nbi", "id": "B27010500000000", "carries": "LRD DAVIS RD", "over": "TREMPEALEAU RIVER", "year_built": 1990, "material": "concrete continuous", "design": "slab", "spans": 2, "max_span_m": 9.1, "length_m": 18.8, "deck_width_m": 7.9, "roadway_width_m": 7.3, "lanes": "2", "osm_decks": [258584872]}, "geometry": {"type": "Point", "coordinates": [-91.084936, 44.342686]}}, {"type": "Feature", "properties": {"layer": "nbi", "id": "B27010600000000", "carries": "STH 95", "over": "VOSSE COULEE CREEK", "year_built": 1996, "material": "prestressed concrete", "design": "stringer/girder", "spans": 1, "max_span_m": 15.8, "length_m": 17.1, "deck_width_m": 12.7, "roadway_width_m": 12.2, "lanes": "2"}, "geometry": {"type": "Point", "coordinates": [-91.160247, 44.312586]}}, {"type": "Feature", "properties": {"layer": "nbi", "id": "B27010700000000", "carries": "STH 95", "over": "JONAH COULEE CREEK", "year_built": 1996, "material": "prestressed concrete", "design": "stringer/girder", "spans": 1, "max_span_m": 12.2, "length_m": 13.4, "deck_width_m": 12.7, "roadway_width_m": 12.2, "lanes": "2", "osm_decks": [258583177]}, "geometry": {"type": "Point", "coordinates": [-91.117017, 44.333525]}}, {"type": "Feature", "properties": {"layer": "nbi", "id": "B27010800000000", "carries": "STH 95", "over": "CURRAN CREEK", "year_built": 1996, "material": "prestressed concrete", "design": "stringer/girder", "spans": 1, "max_span_m": 25.9, "length_m": 27.1, "deck_width_m": 12.7, "roadway_width_m": 12.2, "lanes": "2", "osm_decks": [258584880]}, "geometry": {"type": "Point", "coordinates": [-91.079536, 44.34905]}}, {"type": "Feature", "properties": {"layer": "nbi", "id": "B27010900000000", "carries": "CTH P", "over": "TREMPEALEAU RIVER", "year_built": 1992, "material": "concrete continuous", "design": "slab", "spans": 2, "max_span_m": 13.4, "length_m": 27.4, "deck_width_m": 11.6, "roadway_width_m": 11, "lanes": "2", "osm_decks": [258583175]}, "geometry": {"type": "Point", "coordinates": [-91.1253891, 44.327306]}}, {"type": "Feature", "properties": {"layer": "nbi", "id": "B27011000000000", "carries": "CTH G", "over": "N FORK BUFFALO RIVER", "year_built": 1991, "material": "concrete", "design": "slab", "spans": 1, "max_span_m": 12.8, "length_m": 13.4, "deck_width_m": 9.8, "roadway_width_m": 9.1, "lanes": "2"}, "geometry": {"type": "Point", "coordinates": [-91.145083, 44.588278]}}, {"type": "Feature", "properties": {"layer": "nbi", "id": "B27011100000000", "carries": "LRD MOE RD (WEST E", "over": "N FK BUFFALO RIVER", "year_built": 1992, "material": "concrete", "design": "slab", "spans": 1, "max_span_m": 11, "length_m": 11.5, "deck_width_m": 7.9, "roadway_width_m": 7.3, "lanes": "2"}, "geometry": {"type": "Point", "coordinates": [-91.094808, 44.585422]}}, {"type": "Feature", "properties": {"layer": "nbi", "id": "B27011200000000", "carries": "CTH V", "over": "WILSON CREEK", "year_built": 1992, "material": "concrete continuous", "design": "culvert", "spans": 2, "max_span_m": 3, "length_m": 7.5, "deck_width_m": 0, "roadway_width_m": 0, "lanes": "2"}, "geometry": {"type": "Point", "coordinates": [-91.1328889, 44.104278]}}, {"type": "Feature", "properties": {"layer": "nbi", "id": "B27011300000000", "carries": "LRD FALL COULEE RD", "over": "STONY CREEK", "year_built": 1996, "material": "concrete", "design": "slab", "spans": 1, "max_span_m": 10.4, "length_m": 11.1, "deck_width_m": 7.9, "roadway_width_m": 7.3, "lanes": "2", "osm_decks": [101532638]}, "geometry": {"type": "Point", "coordinates": [-91.0481, 44.40855]}}, {"type": "Feature", "properties": {"layer": "nbi", "id": "B27011400000000", "carries": "STH 95", "over": "STONY CREEK", "year_built": 1996, "material": "prestressed concrete", "design": "stringer/girder", "spans": 1, "max_span_m": 15.8, "length_m": 17, "deck_width_m": 12.7, "roadway_width_m": 12.2, "lanes": "2", "osm_decks": [1071397502]}, "geometry": {"type": "Point", "coordinates": [-91.029325, 44.380883]}}, {"type": "Feature", "properties": {"layer": "nbi", "id": "B27011500000000", "carries": "CTH VV", "over": "WILSON CREEK", "year_built": 1994, "material": "prestressed concrete", "design": "stringer/girder", "spans": 1, "max_span_m": 16.8, "length_m": 17.3, "deck_width_m": 9.1, "roadway_width_m": 8.5, "lanes": "2", "osm_decks": [775783185]}, "geometry": {"type": "Point", "coordinates": [-91.124722, 44.085694]}}, {"type": "Feature", "properties": {"layer": "nbi", "id": "B27012200000000", "carries": "CTH T", "over": "S FK BUFFALO RIVER", "year_built": 1993, "material": "wood/timber", "design": "slab", "spans": 1, "max_span_m": 7, "length_m": 7.3, "deck_width_m": 9, "roadway_width_m": 8.6, "lanes": "2"}, "geometry": {"type": "Point", "coordinates": [-91.0646, 44.539711]}}, {"type": "Feature", "properties": {"layer": "nbi", "id": "B27012300000000", "carries": "CTH B", "over": "BUFFALO CREEK", "year_built": 1994, "material": "wood/timber", "design": "slab", "spans": 1, "max_span_m": 7, "length_m": 7.3, "deck_width_m": 8.9, "roadway_width_m": 8.5, "lanes": "2"}, "geometry": {"type": "Point", "coordinates": [-91.0358919, 44.535339]}}, {"type": "Feature", "properties": {"layer": "nbi", "id": "B27012400000000", "carries": "LRD LINCOLN ROAD", "over": "PINE CREEK", "year_built": 1994, "material": "wood/timber", "design": "slab", "spans": 1, "max_span_m": 8.2, "length_m": 8.5, "deck_width_m": 7.8, "roadway_width_m": 7.4, "lanes": "2"}, "geometry": {"type": "Point", "coordinates": [-91.064967, 44.321089]}}, {"type": "Feature", "properties": {"layer": "nbi", "id": "B27012500000000", "carries": "LRD S SAND LANE RD", "over": "S FK BUFFALO RIVER", "year_built": 1997, "material": "concrete", "design": "slab", "spans": 1, "max_span_m": 10.4, "length_m": 11.1, "deck_width_m": 7.9, "roadway_width_m": 7.3, "lanes": "2"}, "geometry": {"type": "Point", "coordinates": [-91.085975, 44.540667]}}, {"type": "Feature", "properties": {"layer": "nbi", "id": "B27012800000000", "carries": "CTH C", "over": "N FK BEAVER CREEK", "year_built": 1997, "material": "concrete continuous", "design": "culvert", "spans": 2, "max_span_m": 3, "length_m": 7, "deck_width_m": 0, "roadway_width_m": 0, "lanes": "2"}, "geometry": {"type": "Point", "coordinates": [-91.0901111, 44.221472]}}, {"type": "Feature", "properties": {"layer": "nbi", "id": "B27012900000000", "carries": "CTH D", "over": "BR S FK BEAVER CREEK", "year_built": 1998, "material": "concrete", "design": "culvert", "spans": 1, "max_span_m": 4.3, "length_m": 7.3, "deck_width_m": 0, "roadway_width_m": 0, "lanes": "2"}, "geometry": {"type": "Point", "coordinates": [-91.1034439, 44.145583]}}, {"type": "Feature", "properties": {"layer": "nbi", "id": "B27013000000000", "carries": "CTH N", "over": "WHITE CREEK", "year_built": 1997, "material": "concrete continuous", "design": "culvert", "spans": 2, "max_span_m": 3, "length_m": 6.8, "deck_width_m": 9.8, "roadway_width_m": 9.1, "lanes": "2"}, "geometry": {"type": "Point", "coordinates": [-90.997111, 44.152917]}}, {"type": "Feature", "properties": {"layer": "nbi", "id": "B27013100000000", "carries": "CTH N", "over": "N FK BEAVER CREEK", "year_built": 1999, "material": "concrete", "design": "slab", "spans": 1, "max_span_m": 13, "length_m": 13.8, "deck_width_m": 9.6, "roadway_width_m": 9, "lanes": "2"}, "geometry": {"type": "Point", "coordinates": [-91.098111, 44.220878]}}, {"type": "Feature", "properties": {"layer": "nbi", "id": "B27013200000000", "carries": "LRD SANDBERG RD", "over": "MILL CREEK", "year_built": 1997, "material": "prestressed concrete", "design": "stringer/girder", "spans": 1, "max_span_m": 19.5, "length_m": 20.3, "deck_width_m": 7.8, "roadway_width_m": 7.2, "lanes": "2", "osm_decks": [1429092262]}, "geometry": {"type": "Point", "coordinates": [-91.1033499, 44.097161]}}, {"type": "Feature", "properties": {"layer": "nbi", "id": "B27013300000000", "carries": "LRD SPERBER RD", "over": "N FORK BUFFALO RIVER", "year_built": 1997, "material": "wood/timber", "design": "slab", "spans": 1, "max_span_m": 7.6, "length_m": 7.9, "deck_width_m": 7.7, "roadway_width_m": 7.3, "lanes": "2"}, "geometry": {"type": "Point", "coordinates": [-91.064847, 44.582314]}}, {"type": "Feature", "properties": {"layer": "nbi", "id": "B27013400000000", "carries": "LRD ERICKSON RD (D", "over": "S FK BEAVER CREEK", "year_built": 1999, "material": "concrete continuous", "design": "slab", "spans": 2, "max_span_m": 9, "length_m": 18.8, "deck_width_m": 6, "roadway_width_m": 5.4, "lanes": "2"}, "geometry": {"type": "Point", "coordinates": [-91.133231, 44.142342]}}, {"type": "Feature", "properties": {"layer": "nbi", "id": "B27013500000000", "carries": "LRD S DAVIS RD", "over": "PINE CREEK", "year_built": 1999, "material": "wood/timber", "design": "slab", "spans": 1, "max_span_m": 8.5, "length_m": 8.5, "deck_width_m": 7.7, "roadway_width_m": 7.3, "lanes": "2"}, "geometry": {"type": "Point", "coordinates": [-91.0849, 44.33315]}}, {"type": "Feature", "properties": {"layer": "nbi", "id": "B27013800000000", "carries": "LRD BLUFF VIEW RD", "over": "S FK BUFFALO RIVER", "year_built": 2002, "material": "concrete continuous", "design": "slab", "spans": 1, "max_span_m": 9.8, "length_m": 10.5, "deck_width_m": 7.9, "roadway_width_m": 7.3, "lanes": "2", "osm_decks": [1337579281]}, "geometry": {"type": "Point", "coordinates": [-91.135256, 44.536494]}}, {"type": "Feature", "properties": {"layer": "nbi", "id": "B27013900000000", "carries": "LRD N PRAIRIE RD (", "over": "S FK BUFFALO RIVER", "year_built": 2002, "material": "concrete continuous", "design": "slab", "spans": 1, "max_span_m": 11, "length_m": 11.8, "deck_width_m": 7.9, "roadway_width_m": 7.3, "lanes": "2"}, "geometry": {"type": "Point", "coordinates": [-91.124972, 44.537067]}}, {"type": "Feature", "properties": {"layer": "nbi", "id": "B27014000000000", "carries": "CTH A", "over": "TANK CREEK", "year_built": 2002, "material": "concrete", "design": "slab", "spans": 1, "max_span_m": 9.8, "length_m": 10.7, "deck_width_m": 9.1, "roadway_width_m": 8.5, "lanes": "2"}, "geometry": {"type": "Point", "coordinates": [-90.960472, 44.357272]}}, {"type": "Feature", "properties": {"layer": "nbi", "id": "B27014400000000", "carries": "CTH FF", "over": "BR BEAVER CREEK", "year_built": 2002, "material": "prestressed concrete", "design": "stringer/girder", "spans": 1, "max_span_m": 14.3, "length_m": 15.2, "deck_width_m": 9.7, "roadway_width_m": 9.1, "lanes": "2"}, "geometry": {"type": "Point", "coordinates": [-91.123472, 44.490944]}}, {"type": "Feature", "properties": {"layer": "nbi", "id": "B27014800000000", "carries": "IH 94 EB", "over": "PIGEON CREEK", "year_built": 2005, "material": "prestressed concrete", "design": "stringer/girder", "spans": 1, "max_span_m": 31.1, "length_m": 32.3, "deck_width_m": 17.8, "roadway_width_m": 17.1, "lanes": "2"}, "geometry": {"type": "Point", "coordinates": [-91.095833, 44.4625]}}, {"type": "Feature", "properties": {"layer": "nbi", "id": "B27014900000000", "carries": "IH 94 WB", "over": "PIGEON CREEK", "year_built": 2005, "material": "prestressed concrete", "design": "stringer/girder", "spans": 1, "max_span_m": 31.1, "length_m": 32.3, "deck_width_m": 17.8, "roadway_width_m": 17.1, "lanes": "2", "osm_decks": [383657959, 383657960]}, "geometry": {"type": "Point", "coordinates": [-91.095556, 44.4625]}}, {"type": "Feature", "properties": {"layer": "nbi", "id": "B27015100000000", "carries": "USH 10", "over": "COON CREEK", "year_built": 2008, "material": "prestressed concrete", "design": "stringer/girder", "spans": 1, "max_span_m": 20.1, "length_m": 21.3, "deck_width_m": 14.3, "roadway_width_m": 13.4, "lanes": "2", "osm_decks": [567121300]}, "geometry": {"type": "Point", "coordinates": [-90.970336, 44.592156]}}, {"type": "Feature", "properties": {"layer": "nbi", "id": "B27015300000000", "carries": "CTH X", "over": "FRENCH CREEK", "year_built": 2005, "material": "wood/timber", "design": "slab", "spans": 1, "max_span_m": 6.8, "length_m": 7.3, "deck_width_m": 11.6, "roadway_width_m": 11, "lanes": "2"}, "geometry": {"type": "Point", "coordinates": [-91.065203, 44.289053]}}, {"type": "Feature", "properties": {"layer": "nbi", "id": "B27015600000000", "carries": "LRD WEST HILLCREST", "over": "S.FORK OF BUFFALO RIVER", "year_built": 2007, "material": "wood/timber", "design": "slab", "spans": 1, "max_span_m": 7.3, "length_m": 8.2, "deck_width_m": 8.2, "roadway_width_m": 7.3, "lanes": "2"}, "geometry": {"type": "Point", "coordinates": [-91.104683, 44.541761]}}, {"type": "Feature", "properties": {"layer": "nbi", "id": "B27015700000000", "carries": "CTH X", "over": "FRENCH CREEK", "year_built": 2008, "material": "wood/timber", "design": "slab", "spans": 1, "max_span_m": 8.7, "length_m": 8.8, "deck_width_m": 11.6, "roadway_width_m": 11, "lanes": "2"}, "geometry": {"type": "Point", "coordinates": [-91.049022, 44.283492]}}, {"type": "Feature", "properties": {"layer": "nbi", "id": "B27015900000000", "carries": "LRD CUT OFF RD", "over": "BRANCH DOUGLAS CREEK", "year_built": 2015, "material": "concrete", "design": "slab", "spans": 1, "max_span_m": 11.6, "length_m": 12.5, "deck_width_m": 8.1, "roadway_width_m": 7.3, "lanes": "2"}, "geometry": {"type": "Point", "coordinates": [-90.987542, 44.150783]}}, {"type": "Feature", "properties": {"layer": "nbi", "id": "B27016000000000", "carries": "STH 95", "over": "TREMPEALEAU RIVER", "year_built": 2018, "material": "concrete continuous", "design": "slab", "spans": 3, "max_span_m": 18.3, "length_m": 46.8, "deck_width_m": 15.2, "roadway_width_m": 11, "lanes": "2", "osm_decks": [258584875]}, "geometry": {"type": "Point", "coordinates": [-91.013914, 44.385481]}}, {"type": "Feature", "properties": {"layer": "nbi", "id": "B27016100000000", "carries": "CTH N  NB /BRIDGE", "over": "FRENCH CREEK WB", "year_built": 2015, "material": "prestressed concrete", "design": "stringer/girder", "spans": 1, "max_span_m": 27.4, "length_m": 28.2, "deck_width_m": 10.5, "roadway_width_m": 9.8, "lanes": "2", "osm_decks": [299861241]}, "geometry": {"type": "Point", "coordinates": [-91.12555, 44.31905]}}, {"type": "Feature", "properties": {"layer": "nbi", "id": "B27016300000000", "carries": "CTH FF", "over": "BEAVER CREEK", "year_built": 2017, "material": "concrete", "design": "slab", "spans": 1, "max_span_m": 15.2, "length_m": 16.1, "deck_width_m": 9.9, "roadway_width_m": 9.1, "lanes": "2"}, "geometry": {"type": "Point", "coordinates": [-91.1207, 44.4821]}}, {"type": "Feature", "properties": {"layer": "nbi", "id": "B27016400000000", "carries": "CTH H", "over": "DOUGLAS CREEK", "year_built": 2018, "material": "concrete", "design": "slab", "spans": 1, "max_span_m": 11, "length_m": 11.8, "deck_width_m": 9.9, "roadway_width_m": 9.1, "lanes": "2", "osm_decks": [1195215651]}, "geometry": {"type": "Point", "coordinates": [-91.019167, 44.168139]}}, {"type": "Feature", "properties": {"layer": "nbi", "id": "B27016500000000", "carries": "CTH X", "over": "TROUT RUN CREEK", "year_built": 2020, "material": "prestressed concrete", "design": "stringer/girder", "spans": 1, "max_span_m": 16.5, "length_m": 17.2, "deck_width_m": 9.3, "roadway_width_m": 8.5, "lanes": "2"}, "geometry": {"type": "Point", "coordinates": [-90.960333, 44.230778]}}, {"type": "Feature", "properties": {"layer": "nbi", "id": "B27016600000000", "carries": "CTH G", "over": "S FK BUFFALO RIVER", "year_built": 2020, "material": "concrete", "design": "slab", "spans": 1, "max_span_m": 11, "length_m": 11.7, "deck_width_m": 8.7, "roadway_width_m": 7.9, "lanes": "2"}, "geometry": {"type": "Point", "coordinates": [-91.145806, 44.538694]}}, {"type": "Feature", "properties": {"layer": "nbi", "id": "B27016700000000", "carries": "IH 94", "over": "TANK CREEK", "year_built": 1966, "material": "concrete continuous", "design": "culvert", "spans": 2, "max_span_m": 2.7, "length_m": 6.2, "deck_width_m": 0, "roadway_width_m": 0, "lanes": "4"}, "geometry": {"type": "Point", "coordinates": [-90.957222, 44.358056]}}, {"type": "Feature", "properties": {"layer": "nbi", "id": "B27017400000000", "carries": "LRD MOE ROAD (EAST", "over": "NORTH FORK BUFFALO RIVER", "year_built": 2022, "material": "concrete", "design": "slab", "spans": 1, "max_span_m": 14, "length_m": 14.8, "deck_width_m": 8.1, "roadway_width_m": 7.3, "lanes": "2"}, "geometry": {"type": "Point", "coordinates": [-91.079694, 44.584189]}}, {"type": "Feature", "properties": {"layer": "nbi", "id": "B27017700000000", "carries": "CTH N", "over": "WOODWARD CREEK", "year_built": 2023, "material": "concrete", "design": "slab", "spans": 1, "max_span_m": 11, "length_m": 11.9, "deck_width_m": 9.9, "roadway_width_m": 9.1, "lanes": "2"}, "geometry": {"type": "Point", "coordinates": [-91.017639, 44.169003]}}, {"type": "Feature", "properties": {"layer": "nbi", "id": "B27023300000000", "carries": "STH 54", "over": "WILSON CREEK", "year_built": 1936, "material": "steel", "design": "stringer/girder", "spans": 3, "max_span_m": 18, "length_m": 50.1, "deck_width_m": 10.7, "roadway_width_m": 9.8, "lanes": "2", "osm_decks": [1429092730]}, "geometry": {"type": "Point", "coordinates": [-91.128528, 44.0951]}}, {"type": "Feature", "properties": {"layer": "nbi", "id": "B27023700000000", "carries": "CTH N", "over": "DOUGLAS CREEK", "year_built": 1936, "material": "concrete continuous", "design": "culvert", "spans": 2, "max_span_m": 3, "length_m": 8.1, "deck_width_m": 0, "roadway_width_m": 0, "lanes": "2"}, "geometry": {"type": "Point", "coordinates": [-91.023578, 44.1746]}}, {"type": "Feature", "properties": {"layer": "nbi", "id": "B27029400000000", "carries": "CTH G", "over": "CURRAN CREEK", "year_built": 1939, "material": "concrete continuous", "design": "culvert", "spans": 2, "max_span_m": 3, "length_m": 7, "deck_width_m": 0, "roadway_width_m": 0, "lanes": "2"}, "geometry": {"type": "Point", "coordinates": [-91.090806, 44.364139]}}, {"type": "Feature", "properties": {"layer": "nbi", "id": "B27075600000000", "carries": "CTH X", "over": "BR TROUT RUN CREEK", "year_built": 1940, "material": "concrete continuous", "design": "culvert", "spans": 2, "max_span_m": 3, "length_m": 7.6, "deck_width_m": 0, "roadway_width_m": 0, "lanes": "2"}, "geometry": {"type": "Point", "coordinates": [-90.929717, 44.206711]}}, {"type": "Feature", "properties": {"layer": "nbi", "id": "B27084600000000", "carries": "USH 12-STH 27", "over": "COON CREEK", "year_built": 1945, "material": "steel", "design": "stringer/girder", "spans": 1, "max_span_m": 9.6, "length_m": 9.6, "deck_width_m": 13.6, "roadway_width_m": 12.8, "lanes": "2", "osm_decks": [256120472]}, "geometry": {"type": "Point", "coordinates": [-90.9654081, 44.595822]}}, {"type": "Feature", "properties": {"layer": "nbi", "id": "B27094900000000", "carries": "STH 121", "over": "MAY COULEE CREEK", "year_built": 1947, "material": "concrete continuous", "design": "culvert", "spans": 2, "max_span_m": 3, "length_m": 7.1, "deck_width_m": 0, "roadway_width_m": 0, "lanes": "2"}, "geometry": {"type": "Point", "coordinates": [-91.118503, 44.450622]}}, {"type": "Feature", "properties": {"layer": "nbi", "id": "B27096400000000", "carries": "STH 121", "over": "N BR TREMPEALEAU RIVER", "year_built": 1936, "material": "concrete", "design": "slab", "spans": 1, "max_span_m": 9.6, "length_m": 10.1, "deck_width_m": 9.8, "roadway_width_m": 9.1, "lanes": "2", "osm_decks": [432596430]}, "geometry": {"type": "Point", "coordinates": [-91.0018001, 44.449119]}}, {"type": "Feature", "properties": {"layer": "nbi", "id": "B27097400000000", "carries": "CTH V", "over": "WILSON CREEK", "year_built": 1930, "material": "concrete", "design": "stringer/girder", "spans": 1, "max_span_m": 8, "length_m": 8.3, "deck_width_m": 8, "roadway_width_m": 7, "lanes": "2"}, "geometry": {"type": "Point", "coordinates": [-91.1386221, 44.116692]}}, {"type": "Feature", "properties": {"layer": "nbi", "id": "B32001600000000", "carries": "STH 35", "over": "E BLACK RIVER", "year_built": 1953, "material": "steel continuous", "design": "stringer/girder", "spans": 8, "max_span_m": 34.1, "length_m": 248.4, "deck_width_m": 9.3, "roadway_width_m": 8.5, "lanes": "2", "osm_decks": [419051030]}, "geometry": {"type": "Point", "coordinates": [-91.318244, 43.999533]}}, {"type": "Feature", "properties": {"layer": "nbi", "id": "B32001800000000", "carries": "STH 35", "over": "W BLACK RIVER", "year_built": 1953, "material": "steel", "design": "stringer/girder", "spans": 6, "max_span_m": 34.1, "length_m": 158.6, "deck_width_m": 9.3, "roadway_width_m": 8.5, "lanes": "2", "osm_decks": [419051029]}, "geometry": {"type": "Point", "coordinates": [-91.327478, 43.999931]}}, {"type": "Feature", "properties": {"layer": "nbi", "id": "B32002100000000", "carries": "CTH D", "over": "BR FLEMING CREEK", "year_built": 1957, "material": "concrete continuous", "design": "culvert", "spans": 2, "max_span_m": 2.9, "length_m": 6.7, "deck_width_m": 0, "roadway_width_m": 0, "lanes": "2"}, "geometry": {"type": "Point", "coordinates": [-91.1058, 44.021233]}}, {"type": "Feature", "properties": {"layer": "nbi", "id": "B32003100000000", "carries": "CTH DE", "over": "WET COULEE CREEK", "year_built": 1961, "material": "concrete", "design": "slab", "spans": 1, "max_span_m": 11.3, "length_m": 12.2, "deck_width_m": 9.3, "roadway_width_m": 8.5, "lanes": "2", "osm_decks": [1079319438]}, "geometry": {"type": "Point", "coordinates": [-91.052567, 44.011817]}}, {"type": "Feature", "properties": {"layer": "nbi", "id": "B32006600000000", "carries": "CTH V", "over": "LONG COULEE CREEK", "year_built": 1966, "material": "concrete continuous", "design": "culvert", "spans": 2, "max_span_m": 2.7, "length_m": 8.1, "deck_width_m": 0, "roadway_width_m": 0, "lanes": "2"}, "geometry": {"type": "Point", "coordinates": [-91.25585, 43.996483]}}, {"type": "Feature", "properties": {"layer": "nbi", "id": "B32007900000000", "carries": "USH 53", "over": "BLACK RIVER", "year_built": 1982, "material": "prestressed concrete continuous", "design": "stringer/girder", "spans": 5, "max_span_m": 35.1, "length_m": 176.8, "deck_width_m": 14.3, "roadway_width_m": 13.4, "lanes": "2", "osm_decks": [87326662]}, "geometry": {"type": "Point", "coordinates": [-91.291008, 44.060908]}}, {"type": "Feature", "properties": {"layer": "nbi", "id": "B32008100000000", "carries": "LRD NIEDFELDT RD", "over": "BURNS CREEK", "year_built": 1981, "material": "concrete", "design": "slab", "spans": 1, "max_span_m": 10.7, "length_m": 11.2, "deck_width_m": 8.5, "roadway_width_m": 7.9, "lanes": "2", "osm_decks": [152220638]}, "geometry": {"type": "Point", "coordinates": [-90.951833, 43.970683]}}, {"type": "Feature", "properties": {"layer": "nbi", "id": "B32012000000000", "carries": "STH 162", "over": "BURNS CREEK", "year_built": 1987, "material": "concrete continuous", "design": "culvert", "spans": 2, "max_span_m": 3.7, "length_m": 8, "deck_width_m": 0, "roadway_width_m": 0, "lanes": "2"}, "geometry": {"type": "Point", "coordinates": [-90.946417, 43.981361]}}, {"type": "Feature", "properties": {"layer": "nbi", "id": "B32014700000000", "carries": "USH 53 NB-STH 35 N", "over": "CTH MH", "year_built": 1992, "material": "prestressed concrete continuous", "design": "stringer/girder", "spans": 2, "max_span_m": 22.6, "length_m": 45.3, "deck_width_m": 16.3, "roadway_width_m": 15.4, "lanes": "3", "osm_decks": [87229305]}, "geometry": {"type": "Point", "coordinates": [-91.2858811, 43.969806]}}, {"type": "Feature", "properties": {"layer": "nbi", "id": "B32014800000000", "carries": "USH 53 SB-STH 35 S", "over": "CTH MH", "year_built": 1992, "material": "prestressed concrete continuous", "design": "stringer/girder", "spans": 2, "max_span_m": 22.6, "length_m": 45.3, "deck_width_m": 14.1, "roadway_width_m": 13.2, "lanes": "2", "osm_decks": [87229302]}, "geometry": {"type": "Point", "coordinates": [-91.286375, 43.970194]}}, {"type": "Feature", "properties": {"layer": "nbi", "id": "B32014900000000", "carries": "USH 53 NB-STH 35 N", "over": "LRD OLD CTH NA", "year_built": 1992, "material": "prestressed concrete continuous", "design": "stringer/girder", "spans": 3, "max_span_m": 14.9, "length_m": 34, "deck_width_m": 13.1, "roadway_width_m": 12.2, "lanes": "2", "osm_decks": [87230841]}, "geometry": {"type": "Point", "coordinates": [-91.285994, 43.984331]}}, {"type": "Feature", "properties": {"layer": "nbi", "id": "B32015000000000", "carries": "USH 53 SB-STH 35 S", "over": "LRD OLD CTH NA", "year_built": 1992, "material": "prestressed concrete continuous", "design": "stringer/girder", "spans": 3, "max_span_m": 14.9, "length_m": 34, "deck_width_m": 13.1, "roadway_width_m": 12.2, "lanes": "2", "osm_decks": [87230839]}, "geometry": {"type": "Point", "coordinates": [-91.286417, 43.984653]}}, {"type": "Feature", "properties": {"layer": "nbi", "id": "B32015100000000", "carries": "USH 53 NB", "over": "STH 35NB/CTH HD", "year_built": 1992, "material": "prestressed concrete continuous", "design": "stringer/girder", "spans": 2, "max_span_m": 29.1, "length_m": 59.6, "deck_width_m": 13.1, "roadway_width_m": 12.2, "lanes": "2", "osm_decks": [87230845]}, "geometry": {"type": "Point", "coordinates": [-91.286036, 43.995522]}}, {"type": "Feature", "properties": {"layer": "nbi", "id": "B32015200000000", "carries": "USH 53 SB", "over": "STH 35NB/CTH HD", "year_built": 1992, "material": "prestressed concrete continuous", "design": "stringer/girder", "spans": 2, "max_span_m": 29.1, "length_m": 59.6, "deck_width_m": 13.1, "roadway_width_m": 12.2, "lanes": "2", "osm_decks": [87230837]}, "geometry": {"type": "Point", "coordinates": [-91.286458, 43.996311]}}, {"type": "Feature", "properties": {"layer": "nbi", "id": "B32015300000000", "carries": "LRD HERMAN COULEE", "over": "HERMAN COULEE CREEK", "year_built": 1989, "material": "prestressed concrete", "design": "stringer/girder", "spans": 1, "max_span_m": 13.7, "length_m": 15.1, "deck_width_m": 7.9, "roadway_width_m": 7.3, "lanes": "2", "osm_decks": [1429092292]}, "geometry": {"type": "Point", "coordinates": [-91.0097331, 43.996067]}}, {"type": "Feature", "properties": {"layer": "nbi", "id": "B32016800000000", "carries": "CTH DE", "over": "BELL COULEE CREEK", "year_built": 1990, "material": "prestressed concrete", "design": "stringer/girder", "spans": 1, "max_span_m": 14, "length_m": 15.3, "deck_width_m": 9.1, "roadway_width_m": 8.5, "lanes": "2", "osm_decks": [1429092682]}, "geometry": {"type": "Point", "coordinates": [-91.02715, 43.997]}}, {"type": "Feature", "properties": {"layer": "nbi", "id": "B32017400000000", "carries": "LRD QUALL COULEE R", "over": "BURNS CREEK", "year_built": 1992, "material": "concrete", "design": "slab", "spans": 1, "max_span_m": 9.1, "length_m": 9.7, "deck_width_m": 7.9, "roadway_width_m": 7.3, "lanes": "2", "osm_decks": [1423782979]}, "geometry": {"type": "Point", "coordinates": [-90.9388001, 43.993483]}}, {"type": "Feature", "properties": {"layer": "nbi", "id": "B32017500000000", "carries": "CTH T", "over": "FLEMING CREEK", "year_built": 1992, "material": "prestressed concrete", "design": "stringer/girder", "spans": 1, "max_span_m": 15.4, "length_m": 16.8, "deck_width_m": 9.1, "roadway_width_m": 8.2, "lanes": "2", "osm_decks": [1429092562]}, "geometry": {"type": "Point", "coordinates": [-91.007767, 44.016817]}}, {"type": "Feature", "properties": {"layer": "nbi", "id": "B32018100000000", "carries": "STH 108", "over": "WET COULEE CREEK", "year_built": 1992, "material": "concrete continuous", "design": "culvert", "spans": 2, "max_span_m": 3.7, "length_m": 14.3, "deck_width_m": 0, "roadway_width_m": 0, "lanes": "2"}, "geometry": {"type": "Point", "coordinates": [-91.053278, 44.008017]}}, {"type": "Feature", "properties": {"layer": "nbi", "id": "B32018400000000", "carries": "LRD SOMMERS RD", "over": "SAND CREEK", "year_built": 1992, "material": "concrete", "design": "slab", "spans": 1, "max_span_m": 8.2, "length_m": 8.8, "deck_width_m": 7.9, "roadway_width_m": 7.3, "lanes": "2"}, "geometry": {"type": "Point", "coordinates": [-90.943183, 44.057517]}}, {"type": "Feature", "properties": {"layer": "nbi", "id": "B32019200000000", "carries": "LRD WANLASS RD", "over": "FLEMING CREEK", "year_built": 1998, "material": "concrete", "design": "slab", "spans": 1, "max_span_m": 9, "length_m": 9.8, "deck_width_m": 7.8, "roadway_width_m": 7.2, "lanes": "2", "osm_decks": [615996015]}, "geometry": {"type": "Point", "coordinates": [-90.96765, 44.022194]}}, {"type": "Feature", "properties": {"layer": "nbi", "id": "B32020300000000", "carries": "CTH C", "over": "FLEMING CREEK", "year_built": 2002, "material": "concrete continuous", "design": "slab", "spans": 2, "max_span_m": 8.5, "length_m": 17.8, "deck_width_m": 11.6, "roadway_width_m": 11, "lanes": "2", "osm_decks": [328104907]}, "geometry": {"type": "Point", "coordinates": [-91.101806, 44.024644]}}, {"type": "Feature", "properties": {"layer": "nbi", "id": "B32020900000000", "carries": "LRD BAKER RD", "over": "FLEMING CR", "year_built": 2004, "material": "prestressed concrete", "design": "stringer/girder", "spans": 1, "max_span_m": 21.9, "length_m": 22.6, "deck_width_m": 8.5, "roadway_width_m": 7.9, "lanes": "2", "osm_decks": [461756262]}, "geometry": {"type": "Point", "coordinates": [-91.1989001, 44.056733]}}, {"type": "Feature", "properties": {"layer": "nbi", "id": "B32021000000000", "carries": "STH 108", "over": "FLEMING CREEK", "year_built": 2005, "material": "concrete", "design": "slab", "spans": 1, "max_span_m": 10.1, "length_m": 11.1, "deck_width_m": 11, "roadway_width_m": 10.4, "lanes": "2", "osm_decks": [616129363]}, "geometry": {"type": "Point", "coordinates": [-91.052117, 44.012333]}}, {"type": "Feature", "properties": {"layer": "nbi", "id": "B32021600000000", "carries": "STH 162", "over": "LITTLE BURNS CR", "year_built": 2008, "material": "concrete", "design": "slab", "spans": 1, "max_span_m": 7, "length_m": 7.8, "deck_width_m": 9.8, "roadway_width_m": 9.1, "lanes": "2", "osm_decks": [1423782953]}, "geometry": {"type": "Point", "coordinates": [-90.964564, 43.964528]}}, {"type": "Feature", "properties": {"layer": "nbi", "id": "B32023400000000", "carries": "CTH A", "over": "SAND CREEK", "year_built": 2014, "material": "concrete", "design": "culvert", "spans": 1, "max_span_m": 6.1, "length_m": 6.5, "deck_width_m": 11.6, "roadway_width_m": 9.1, "lanes": "2"}, "geometry": {"type": "Point", "coordinates": [-90.997864, 44.047089]}}, {"type": "Feature", "properties": {"layer": "nbi", "id": "B32023700000000", "carries": "CTH V", "over": "LONG COULEE CREEK", "year_built": 2020, "material": "concrete", "design": "slab", "spans": 1, "max_span_m": 15.2, "length_m": 16.2, "deck_width_m": 13, "roadway_width_m": 12.2, "lanes": "2", "osm_decks": [1429092440]}, "geometry": {"type": "Point", "coordinates": [-91.255633, 43.9878]}}, {"type": "Feature", "properties": {"layer": "nbi", "id": "B32024000000000", "carries": "CTH D", "over": "HALFWAY CREEK", "year_built": 2024, "material": "concrete continuous", "design": "slab", "spans": 2, "max_span_m": 11.3, "length_m": 23.3, "deck_width_m": 11.2, "roadway_width_m": 10.4, "lanes": "2", "osm_decks": [1429092376]}, "geometry": {"type": "Point", "coordinates": [-91.210611, 43.972128]}}, {"type": "Feature", "properties": {"layer": "nbi", "id": "B32024100000000", "carries": "CTH M", "over": "HALFWAY CREEK", "year_built": 2021, "material": "concrete", "design": "slab", "spans": 1, "max_span_m": 12.8, "length_m": 13.7, "deck_width_m": 10, "roadway_width_m": 9.1, "lanes": "2", "osm_decks": [1429092544]}, "geometry": {"type": "Point", "coordinates": [-91.162033, 43.973933]}}, {"type": "Feature", "properties": {"layer": "nbi", "id": "B32024200000000", "carries": "CTH DE", "over": "BELL COULEE CREEK", "year_built": 2018, "material": "steel", "design": "culvert", "spans": 2, "max_span_m": 3.5, "length_m": 7.9, "deck_width_m": 0, "roadway_width_m": 0, "lanes": "2"}, "geometry": {"type": "Point", "coordinates": [-91.04575, 44.008861]}}, {"type": "Feature", "properties": {"layer": "nbi", "id": "B32025100000000", "carries": "LRD CASBERG COULEE", "over": "LONG COULEE CREEK", "year_built": 2024, "material": "concrete", "design": "slab", "spans": 1, "max_span_m": 14.6, "length_m": 15.4, "deck_width_m": 9.9, "roadway_width_m": 9.1, "lanes": "2"}, "geometry": {"type": "Point", "coordinates": [-91.252117, 43.981217]}}, {"type": "Feature", "properties": {"layer": "nbi", "id": "B32054800000000", "carries": "CTH M", "over": "FLEMING CREEK", "year_built": 1939, "material": "steel", "design": "thru truss", "spans": 1, "max_span_m": 39.9, "length_m": 41.3, "deck_width_m": 6.4, "roadway_width_m": 6.1, "lanes": "2", "osm_decks": [461756268]}, "geometry": {"type": "Point", "coordinates": [-91.1418669, 44.032131]}}, {"type": "Feature", "properties": {"layer": "nbi", "id": "B32057300000000", "carries": "CTH C", "over": "BURR OAK CREEK", "year_built": 1932, "material": "concrete continuous", "design": "culvert", "spans": 2, "max_span_m": 3, "length_m": 9.6, "deck_width_m": 0, "roadway_width_m": 0, "lanes": "2"}, "geometry": {"type": "Point", "coordinates": [-91.055128, 44.057319]}}, {"type": "Feature", "properties": {"layer": "nbi", "id": "B41031500000000", "carries": "LRD BACKTRAIL ROAD", "over": "UNNAMED STREAM", "year_built": 2018, "material": "wood/timber", "design": "slab", "spans": 1, "max_span_m": 8.5, "length_m": 8.5, "deck_width_m": 7.9, "roadway_width_m": 7.3, "lanes": "2"}, "geometry": {"type": "Point", "coordinates": [-90.9407, 44.117425]}}, {"type": "Feature", "properties": {"layer": "nbi", "id": "B46004200000000", "carries": "LRD KOTHBAUER RD", "over": "BEAR CREEK SWAMP INLET", "year_built": 1999, "material": "concrete", "design": "slab", "spans": 1, "max_span_m": 8, "length_m": 8.8, "deck_width_m": 7.8, "roadway_width_m": 7.2, "lanes": "2", "osm_decks": [929928451]}, "geometry": {"type": "Point", "coordinates": [-91.7795, 44.598733]}}, {"type": "Feature", "properties": {"layer": "nbi", "id": "B61000700000000", "carries": "USH 53-STH 121", "over": "JUGGERUD COULEE CREEK", "year_built": 1948, "material": "concrete continuous", "design": "culvert", "spans": 2, "max_span_m": 3, "length_m": 6.9, "deck_width_m": 0, "roadway_width_m": 0, "lanes": "2"}, "geometry": {"type": "Point", "coordinates": [-91.261247, 44.389872]}}, {"type": "Feature", "properties": {"layer": "nbi", "id": "B61001100000000", "carries": "USH 53", "over": "BR KING CREEK", "year_built": 1949, "material": "concrete continuous", "design": "culvert", "spans": 2, "max_span_m": 3, "length_m": 6.9, "deck_width_m": 0, "roadway_width_m": 0, "lanes": "2"}, "geometry": {"type": "Point", "coordinates": [-91.2279359, 44.546708]}}, {"type": "Feature", "properties": {"layer": "nbi", "id": "B61001300000000", "carries": "STH 54-STH 93", "over": "LITTLE TAMARACK CREEK", "year_built": 1951, "material": "concrete continuous", "design": "culvert", "spans": 2, "max_span_m": 3, "length_m": 6.8, "deck_width_m": 0, "roadway_width_m": 0, "lanes": "2"}, "geometry": {"type": "Point", "coordinates": [-91.421439, 44.070064]}}, {"type": "Feature", "properties": {"layer": "nbi", "id": "B61001400000000", "carries": "STH 95-SPRING RD", "over": "TREMPEALEAU RIVER", "year_built": 1952, "material": "steel continuous", "design": "stringer/girder", "spans": 3, "max_span_m": 22.9, "length_m": 61.2, "deck_width_m": 9.8, "roadway_width_m": 9.1, "lanes": "2"}, "geometry": {"type": "Point", "coordinates": [-91.232819, 44.299233]}}, {"type": "Feature", "properties": {"layer": "nbi", "id": "B61001600000000", "carries": "STH 121", "over": "MAULE COULEE CREEK", "year_built": 1952, "material": "concrete continuous", "design": "culvert", "spans": 2, "max_span_m": 4.3, "length_m": 9, "deck_width_m": 0, "roadway_width_m": 0, "lanes": "2"}, "geometry": {"type": "Point", "coordinates": [-91.3894251, 44.365017]}}, {"type": "Feature", "properties": {"layer": "nbi", "id": "B61001900000000", "carries": "STH 35", "over": "TANK CREEK", "year_built": 1953, "material": "steel continuous", "design": "stringer/girder", "spans": 3, "max_span_m": 15.2, "length_m": 40.7, "deck_width_m": 9.3, "roadway_width_m": 8.5, "lanes": "2", "osm_decks": [1096784374]}, "geometry": {"type": "Point", "coordinates": [-91.3532, 44.000961]}}, {"type": "Feature", "properties": {"layer": "nbi", "id": "B61002000000000", "carries": "LRD STATE PARK RD", "over": "DRY RUN PERROT PARK", "year_built": 1955, "material": "steel", "design": "stringer/girder", "spans": 1, "max_span_m": 11.1, "length_m": 11.1, "deck_width_m": 8.1, "roadway_width_m": 7.3, "lanes": "2", "osm_decks": [1217611586]}, "geometry": {"type": "Point", "coordinates": [-91.476778, 44.01575]}}, {"type": "Feature", "properties": {"layer": "nbi", "id": "B61002100000000", "carries": "CTH D", "over": "FRENCH CREEK", "year_built": 1955, "material": "steel continuous", "design": "stringer/girder", "spans": 3, "max_span_m": 11.4, "length_m": 31.2, "deck_width_m": 8, "roadway_width_m": 7.3, "lanes": "2"}, "geometry": {"type": "Point", "coordinates": [-91.312778, 44.184444]}}, {"type": "Feature", "properties": {"layer": "nbi", "id": "B61002300000000", "carries": "STH 93", "over": "BR ELK CREEK", "year_built": 1956, "material": "concrete continuous", "design": "culvert", "spans": 2, "max_span_m": 3.7, "length_m": 8.9, "deck_width_m": 0, "roadway_width_m": 0, "lanes": "2"}, "geometry": {"type": "Point", "coordinates": [-91.416344, 44.40805]}}, {"type": "Feature", "properties": {"layer": "nbi", "id": "B61003800000000", "carries": "CTH D", "over": "ELK CREEK", "year_built": 1958, "material": "concrete continuous", "design": "slab", "spans": 3, "max_span_m": 9.1, "length_m": 24.1, "deck_width_m": 8.5, "roadway_width_m": 7.3, "lanes": "2"}, "geometry": {"type": "Point", "coordinates": [-91.361333, 44.434417]}}, {"type": "Feature", "properties": {"layer": "nbi", "id": "B61004000000000", "carries": "CTH Q", "over": "TREMPEALEAU RIVER", "year_built": 1963, "material": "concrete continuous", "design": "slab", "spans": 5, "max_span_m": 15.8, "length_m": 70.7, "deck_width_m": 8.7, "roadway_width_m": 7.9, "lanes": "2"}, "geometry": {"type": "Point", "coordinates": [-91.419333, 44.349667]}}, {"type": "Feature", "properties": {"layer": "nbi", "id": "B61004600000000", "carries": "USH 53", "over": "BEAR CREEK", "year_built": 1966, "material": "concrete continuous", "design": "culvert", "spans": 3, "max_span_m": 3.7, "length_m": 13.7, "deck_width_m": 0, "roadway_width_m": 0, "lanes": "2", "osm_decks": [442212524]}, "geometry": {"type": "Point", "coordinates": [-91.239669, 44.216061]}}, {"type": "Feature", "properties": {"layer": "nbi", "id": "B61004700000000", "carries": "USH 53", "over": "N FK BEAVER CREEK", "year_built": 1966, "material": "concrete continuous", "design": "slab", "spans": 3, "max_span_m": 12.2, "length_m": 30.2, "deck_width_m": 14, "roadway_width_m": 13.1, "lanes": "2", "osm_decks": [442212523]}, "geometry": {"type": "Point", "coordinates": [-91.237531, 44.203047]}}, {"type": "Feature", "properties": {"layer": "nbi", "id": "B61004800000000", "carries": "STH 54-STH 93", "over": "BEAVER CREEK", "year_built": 1969, "material": "prestressed concrete continuous", "design": "stringer/girder", "spans": 3, "max_span_m": 20, "length_m": 60.4, "deck_width_m": 14.3, "roadway_width_m": 13.4, "lanes": "2", "osm_decks": [244382882]}, "geometry": {"type": "Point", "coordinates": [-91.358281, 44.076803]}}, {"type": "Feature", "properties": {"layer": "nbi", "id": "B61005000000000", "carries": "USH 53-STH 121-MAI", "over": "TREMPEALEAU RIVER", "year_built": 1969, "material": "prestressed concrete continuous", "design": "stringer/girder", "spans": 3, "max_span_m": 19, "length_m": 57.2, "deck_width_m": 16.9, "roadway_width_m": 14.4, "lanes": "2", "osm_decks": [232985016]}, "geometry": {"type": "Point", "coordinates": [-91.316078, 44.372297]}}, {"type": "Feature", "properties": {"layer": "nbi", "id": "B61005100000000", "carries": "STH 93", "over": "ELK CREEK", "year_built": 1971, "material": "prestressed concrete", "design": "stringer/girder", "spans": 1, "max_span_m": 31.1, "length_m": 31.3, "deck_width_m": 12.7, "roadway_width_m": 11.6, "lanes": "2", "osm_decks": [247887760]}, "geometry": {"type": "Point", "coordinates": [-91.400536, 44.428881]}}, {"type": "Feature", "properties": {"layer": "nbi", "id": "B61005200000000", "carries": "STH 93", "over": "CHIMNEY ROCK CREEK", "year_built": 1971, "material": "concrete continuous", "design": "slab", "spans": 3, "max_span_m": 14.3, "length_m": 36.2, "deck_width_m": 12.7, "roadway_width_m": 11.6, "lanes": "2"}, "geometry": {"type": "Point", "coordinates": [-91.414158, 44.461067]}}, {"type": "Feature", "properties": {"layer": "nbi", "id": "B61005300000000", "carries": "STH 93", "over": "CHIMNEY ROCK CREEK", "year_built": 1971, "material": "prestressed concrete", "design": "stringer/girder", "spans": 1, "max_span_m": 20.7, "length_m": 21.5, "deck_width_m": 12.7, "roadway_width_m": 11.6, "lanes": "2"}, "geometry": {"type": "Point", "coordinates": [-91.4191859, 44.477719]}}, {"type": "Feature", "properties": {"layer": "nbi", "id": "B61005400000000", "carries": "STH 93", "over": "TREMPEALEAU RIVER", "year_built": 1977, "material": "prestressed concrete", "design": "stringer/girder", "spans": 5, "max_span_m": 18, "length_m": 90.8, "deck_width_m": 11.5, "roadway_width_m": 10.4, "lanes": "2", "osm_decks": [258551027]}, "geometry": {"type": "Point", "coordinates": [-91.478781, 44.271181]}}, {"type": "Feature", "properties": {"layer": "nbi", "id": "B61005500000000", "carries": "STH 95", "over": "LAKES COULEE CREEK", "year_built": 1975, "material": "prestressed concrete", "design": "stringer/girder", "spans": 1, "max_span_m": 26.8, "length_m": 27.7, "deck_width_m": 11.5, "roadway_width_m": 10.4, "lanes": "2"}, "geometry": {"type": "Point", "coordinates": [-91.27625, 44.296803]}}, {"type": "Feature", "properties": {"layer": "nbi", "id": "B61005600000000", "carries": "CTH D   1ST ST", "over": "BEAVER CREEK", "year_built": 1976, "material": "prestressed concrete", "design": "stringer/girder", "spans": 1, "max_span_m": 28.3, "length_m": 29, "deck_width_m": 11, "roadway_width_m": 10.4, "lanes": "2", "osm_decks": [305808854]}, "geometry": {"type": "Point", "coordinates": [-91.271028, 44.16975]}}, {"type": "Feature", "properties": {"layer": "nbi", "id": "B61005700000000", "carries": "LRD WADE RD", "over": "TREMPEALEAU RIVER", "year_built": 1977, "material": "prestressed concrete continuous", "design": "stringer/girder", "spans": 2, "max_span_m": 21.3, "length_m": 43.2, "deck_width_m": 9.1, "roadway_width_m": 8.5, "lanes": "2", "osm_decks": [258578372]}, "geometry": {"type": "Point", "coordinates": [-91.291972, 44.349389]}}, {"type": "Feature", "properties": {"layer": "nbi", "id": "B61005800000000", "carries": "USH 53", "over": "PIGEON CREEK", "year_built": 1978, "material": "prestressed concrete continuous", "design": "stringer/girder", "spans": 2, "max_span_m": 19.5, "length_m": 39.4, "deck_width_m": 16.9, "roadway_width_m": 14.6, "lanes": "2", "osm_decks": [416708924]}, "geometry": {"type": "Point", "coordinates": [-91.210778, 44.426978]}}, {"type": "Feature", "properties": {"layer": "nbi", "id": "B61005900000000", "carries": "STH 121", "over": "SPORT VALLEY CREEK", "year_built": 1980, "material": "concrete continuous", "design": "culvert", "spans": 3, "max_span_m": 2.4, "length_m": 9.9, "deck_width_m": 0, "roadway_width_m": 0, "lanes": "2"}, "geometry": {"type": "Point", "coordinates": [-91.4782279, 44.425425]}}, {"type": "Feature", "properties": {"layer": "nbi", "id": "B61006000000000", "carries": "LRD HALAMA RD", "over": "ELK CREEK", "year_built": 1978, "material": "prestressed concrete", "design": "stringer/girder", "spans": 1, "max_span_m": 22.9, "length_m": 23.2, "deck_width_m": 9.1, "roadway_width_m": 8.5, "lanes": "2", "osm_decks": [1128932101]}, "geometry": {"type": "Point", "coordinates": [-91.386722, 44.431472]}}, {"type": "Feature", "properties": {"layer": "nbi", "id": "B61006100000000", "carries": "CTH X", "over": "TRAVERSE VALLEY CREEK", "year_built": 1978, "material": "prestressed concrete", "design": "stringer/girder", "spans": 1, "max_span_m": 24.1, "length_m": 25.6, "deck_width_m": 9.1, "roadway_width_m": 8.5, "lanes": "2"}, "geometry": {"type": "Point", "coordinates": [-91.4525281, 44.359611]}}, {"type": "Feature", "properties": {"layer": "nbi", "id": "B61006200000000", "carries": "CTH D   5TH AVE", "over": "BUFFALO RIVER", "year_built": 1979, "material": "prestressed concrete", "design": "stringer/girder", "spans": 1, "max_span_m": 33.2, "length_m": 34, "deck_width_m": 11.9, "roadway_width_m": 9.8, "lanes": "2", "osm_decks": [1209130065]}, "geometry": {"type": "Point", "coordinates": [-91.392667, 44.555]}}, {"type": "Feature", "properties": {"layer": "nbi", "id": "B61006300000000", "carries": "STH 121", "over": "TREMPEALEAU RIVER", "year_built": 1980, "material": "concrete continuous", "design": "slab", "spans": 3, "max_span_m": 19.7, "length_m": 49.3, "deck_width_m": 13.1, "roadway_width_m": 12.2, "lanes": "2"}, "geometry": {"type": "Point", "coordinates": [-91.36915, 44.368828]}}, {"type": "Feature", "properties": {"layer": "nbi", "id": "B61006700000000", "carries": "STH 54", "over": "GRANT CREEK", "year_built": 1977, "material": "steel", "design": "culvert", "spans": 2, "max_span_m": 2.7, "length_m": 6.9, "deck_width_m": 0, "roadway_width_m": 0, "lanes": "2"}, "geometry": {"type": "Point", "coordinates": [-91.2486059, 44.081125]}}, {"type": "Feature", "properties": {"layer": "nbi", "id": "B61006800000000", "carries": "LRD TRUAX RD", "over": "BEAVER CREEK", "year_built": 1980, "material": "concrete continuous", "design": "slab", "spans": 2, "max_span_m": 12.5, "length_m": 25.5, "deck_width_m": 8.5, "roadway_width_m": 7.9, "lanes": "2", "osm_decks": [1497706577]}, "geometry": {"type": "Point", "coordinates": [-91.30325, 44.151417]}}, {"type": "Feature", "properties": {"layer": "nbi", "id": "B61006900000000", "carries": "LRD WHISTLE PASS R", "over": "PINE CREEK", "year_built": 1982, "material": "prestressed concrete", "design": "stringer/girder", "spans": 1, "max_span_m": 23.8, "length_m": 24.4, "deck_width_m": 8.5, "roadway_width_m": 7.9, "lanes": "2"}, "geometry": {"type": "Point", "coordinates": [-91.518611, 44.111083]}}, {"type": "Feature", "properties": {"layer": "nbi", "id": "B61007000000000", "carries": "LRD DAGGETT COULEE", "over": "PIGEON CREEK", "year_built": 1981, "material": "concrete continuous", "design": "slab", "spans": 2, "max_span_m": 12.2, "length_m": 24.9, "deck_width_m": 8.5, "roadway_width_m": 7.9, "lanes": "2"}, "geometry": {"type": "Point", "coordinates": [-91.24575, 44.403167]}}, {"type": "Feature", "properties": {"layer": "nbi", "id": "B61007100000000", "carries": "LRD THOMPSON COULE", "over": "PIGEON CREEK", "year_built": 1981, "material": "prestressed concrete continuous", "design": "stringer/girder", "spans": 2, "max_span_m": 16.8, "length_m": 34.4, "deck_width_m": 8.5, "roadway_width_m": 7.9, "lanes": "2"}, "geometry": {"type": "Point", "coordinates": [-91.278083, 44.381667]}}, {"type": "Feature", "properties": {"layer": "nbi", "id": "B61007200000000", "carries": "STH 93", "over": "NEW CITY CREEK", "year_built": 1983, "material": "concrete continuous", "design": "slab", "spans": 2, "max_span_m": 15.2, "length_m": 30.7, "deck_width_m": 13.1, "roadway_width_m": 12.2, "lanes": "2", "osm_decks": [258555173]}, "geometry": {"type": "Point", "coordinates": [-91.441789, 44.344114]}}, {"type": "Feature", "properties": {"layer": "nbi", "id": "B61007300000000", "carries": "LRD TRACY VALLEY R", "over": "BUFFALO RIVER", "year_built": 1982, "material": "concrete continuous", "design": "slab", "spans": 2, "max_span_m": 10.7, "length_m": 21.9, "deck_width_m": 8.5, "roadway_width_m": 7.9, "lanes": "2", "osm_decks": [1435152309]}, "geometry": {"type": "Point", "coordinates": [-91.267806, 44.573167]}}, {"type": "Feature", "properties": {"layer": "nbi", "id": "B61007400000000", "carries": "STH 93", "over": "TURTON CREEK", "year_built": 1983, "material": "prestressed concrete", "design": "stringer/girder", "spans": 1, "max_span_m": 25.9, "length_m": 26.6, "deck_width_m": 13.1, "roadway_width_m": 12.2, "lanes": "2", "osm_decks": [1414703630]}, "geometry": {"type": "Point", "coordinates": [-91.473328, 44.254278]}}, {"type": "Feature", "properties": {"layer": "nbi", "id": "B61007500000000", "carries": "STH 93", "over": "LEWIS VALLEY CREEK", "year_built": 1983, "material": "prestressed concrete", "design": "stringer/girder", "spans": 1, "max_span_m": 17.1, "length_m": 17.7, "deck_width_m": 12.8, "roadway_width_m": 12.2, "lanes": "2", "osm_decks": [258555175]}, "geometry": {"type": "Point", "coordinates": [-91.462308, 44.293281]}}, {"type": "Feature", "properties": {"layer": "nbi", "id": "B61007600000000", "carries": "STH 93", "over": "PASSON CREEK", "year_built": 1983, "material": "prestressed concrete", "design": "stringer/girder", "spans": 1, "max_span_m": 17.7, "length_m": 18.3, "deck_width_m": 12.8, "roadway_width_m": 12.2, "lanes": "2", "osm_decks": [258555174]}, "geometry": {"type": "Point", "coordinates": [-91.460761, 44.314114]}}, {"type": "Feature", "properties": {"layer": "nbi", "id": "B61007800000000", "carries": "LRD OAK ST (DEAD E", "over": "TURTON CREEK", "year_built": 1979, "material": "prestressed concrete", "design": "stringer/girder", "spans": 1, "max_span_m": 19.8, "length_m": 20.4, "deck_width_m": 9.4, "roadway_width_m": 7.3, "lanes": "2", "osm_decks": [21631210]}, "geometry": {"type": "Point", "coordinates": [-91.490722, 44.251611]}}, {"type": "Feature", "properties": {"layer": "nbi", "id": "B61008000000000", "carries": "LRD SOUTH RIVER RD", "over": "TREMPEALEAU RIVER", "year_built": 1982, "material": "concrete continuous", "design": "slab", "spans": 3, "max_span_m": 14, "length_m": 35.6, "deck_width_m": 8.5, "roadway_width_m": 7.9, "lanes": "2", "osm_decks": [1154628345]}, "geometry": {"type": "Point", "coordinates": [-91.166444, 44.307028]}}, {"type": "Feature", "properties": {"layer": "nbi", "id": "B61008100000000", "carries": "LRD CROSS RD", "over": "TREMPEALEAU RIVER", "year_built": 1983, "material": "concrete continuous", "design": "slab", "spans": 3, "max_span_m": 15.5, "length_m": 39.3, "deck_width_m": 8.5, "roadway_width_m": 7.9, "lanes": "2", "osm_decks": [258555155]}, "geometry": {"type": "Point", "coordinates": [-91.453194, 44.329944]}}, {"type": "Feature", "properties": {"layer": "nbi", "id": "B61008200000000", "carries": "LRD PETERSON RD", "over": "BUFFALO RIVER", "year_built": 1982, "material": "concrete continuous", "design": "slab", "spans": 2, "max_span_m": 11, "length_m": 22.3, "deck_width_m": 7.9, "roadway_width_m": 7.3, "lanes": "2", "osm_decks": [1029114055]}, "geometry": {"type": "Point", "coordinates": [-91.3270281, 44.563139]}}, {"type": "Feature", "properties": {"layer": "nbi", "id": "B61008300000000", "carries": "USH 53-STH 95", "over": "LAKE COULEE CREEK", "year_built": 1999, "material": "concrete", "design": "slab", "spans": 1, "max_span_m": 12.8, "length_m": 13, "deck_width_m": 14, "roadway_width_m": 13.4, "lanes": "2"}, "geometry": {"type": "Point", "coordinates": [-91.266844, 44.300497]}}, {"type": "Feature", "properties": {"layer": "nbi", "id": "B61008400000000", "carries": "LRD CARPENTER ROAD", "over": "TREMPEALEAU RIVER", "year_built": 1983, "material": "concrete continuous", "design": "slab", "spans": 2, "max_span_m": 15.8, "length_m": 32.6, "deck_width_m": 8.5, "roadway_width_m": 7.9, "lanes": "2"}, "geometry": {"type": "Point", "coordinates": [-91.276972, 44.316111]}}, {"type": "Feature", "properties": {"layer": "nbi", "id": "B61008500000000", "carries": "CTH D", "over": "BR BUFFALO RIVER", "year_built": 1983, "material": "wood/timber", "design": "slab", "spans": 1, "max_span_m": 7.6, "length_m": 7.9, "deck_width_m": 9.1, "roadway_width_m": 8.5, "lanes": "2"}, "geometry": {"type": "Point", "coordinates": [-91.3885, 44.562333]}}, {"type": "Feature", "properties": {"layer": "nbi", "id": "B61008600000000", "carries": "CTH S", "over": "N FK BEAVER CREEK", "year_built": 1985, "material": "concrete", "design": "slab", "spans": 1, "max_span_m": 13.7, "length_m": 14.3, "deck_width_m": 7.9, "roadway_width_m": 7.3, "lanes": "2"}, "geometry": {"type": "Point", "coordinates": [-91.192917, 44.210944]}}, {"type": "Feature", "properties": {"layer": "nbi", "id": "B61008700000000", "carries": "LRD SIMONSON ROAD", "over": "PIGEON CREEK", "year_built": 1986, "material": "concrete continuous", "design": "slab", "spans": 2, "max_span_m": 13, "length_m": 26.5, "deck_width_m": 7.9, "roadway_width_m": 7.3, "lanes": "2"}, "geometry": {"type": "Point", "coordinates": [-91.26375, 44.389778]}}, {"type": "Feature", "properties": {"layer": "nbi", "id": "B61008800000000", "carries": "LRD RIVER STREET", "over": "TREMPEALEAU RIVER", "year_built": 1984, "material": "concrete continuous", "design": "slab", "spans": 4, "max_span_m": 15.2, "length_m": 52.7, "deck_width_m": 11.3, "roadway_width_m": 9.1, "lanes": "2", "osm_decks": [392193018]}, "geometry": {"type": "Point", "coordinates": [-91.50625, 44.254583]}}, {"type": "Feature", "properties": {"layer": "nbi", "id": "B61008900000000", "carries": "STH 95", "over": "TURTON CREEK", "year_built": 1988, "material": "prestressed concrete", "design": "stringer/girder", "spans": 1, "max_span_m": 34.4, "length_m": 35.8, "deck_width_m": 12.5, "roadway_width_m": 11.6, "lanes": "2"}, "geometry": {"type": "Point", "coordinates": [-91.465475, 44.251708]}}, {"type": "Feature", "properties": {"layer": "nbi", "id": "B61009000000000", "carries": "LRD MASON COULEE R", "over": "FRENCH CREEK", "year_built": 1985, "material": "prestressed concrete", "design": "stringer/girder", "spans": 1, "max_span_m": 19.5, "length_m": 20.1, "deck_width_m": 7.9, "roadway_width_m": 7.3, "lanes": "2"}, "geometry": {"type": "Point", "coordinates": [-91.323417, 44.1645]}}, {"type": "Feature", "properties": {"layer": "nbi", "id": "B61009100000000", "carries": "CTH T", "over": "FRENCH CREEK", "year_built": 1985, "material": "concrete continuous", "design": "slab", "spans": 2, "max_span_m": 9.8, "length_m": 20.1, "deck_width_m": 9.1, "roadway_width_m": 8.5, "lanes": "2", "osm_decks": [305808858]}, "geometry": {"type": "Point", "coordinates": [-91.325444, 44.149361]}}, {"type": "Feature", "properties": {"layer": "nbi", "id": "B61009200000000", "carries": "LRD COOPER RD.", "over": "BEAVER CREEK", "year_built": 1986, "material": "concrete continuous", "design": "slab", "spans": 2, "max_span_m": 9.9, "length_m": 20.4, "deck_width_m": 7.9, "roadway_width_m": 7.3, "lanes": "2", "osm_decks": [362158027]}, "geometry": {"type": "Point", "coordinates": [-91.3576109, 44.062417]}}, {"type": "Feature", "properties": {"layer": "nbi", "id": "B61009300000000", "carries": "CTH D", "over": "BR FRENCH CREEK", "year_built": 1986, "material": "concrete", "design": "culvert", "spans": 2, "max_span_m": 2.7, "length_m": 8.7, "deck_width_m": 0, "roadway_width_m": 0, "lanes": "2"}, "geometry": {"type": "Point", "coordinates": [-91.32525, 44.21675]}}, {"type": "Feature", "properties": {"layer": "nbi", "id": "B61009400000000", "carries": "LRD THOMPSON ROAD", "over": "BUFFALO RIVER", "year_built": 1986, "material": "concrete continuous", "design": "slab", "spans": 2, "max_span_m": 12.3, "length_m": 25.3, "deck_width_m": 7.9, "roadway_width_m": 7.3, "lanes": "2", "osm_decks": [1094988942]}, "geometry": {"type": "Point", "coordinates": [-91.509222, 44.576889]}}, {"type": "Feature", "properties": {"layer": "nbi", "id": "B61009600000000", "carries": "CTH R", "over": "N FK BUFFALO RIVER", "year_built": 1987, "material": "prestressed concrete", "design": "stringer/girder", "spans": 1, "max_span_m": 16.2, "length_m": 16.9, "deck_width_m": 12.8, "roadway_width_m": 12.2, "lanes": "2", "osm_decks": [256119359]}, "geometry": {"type": "Point", "coordinates": [-91.17575, 44.594222]}}, {"type": "Feature", "properties": {"layer": "nbi", "id": "B61009700000000", "carries": "LRD MISSELL RD", "over": "BUFFALO RIVER", "year_built": 1987, "material": "concrete continuous", "design": "slab", "spans": 2, "max_span_m": 11.9, "length_m": 24.4, "deck_width_m": 7.9, "roadway_width_m": 7.3, "lanes": "2", "osm_decks": [362156523]}, "geometry": {"type": "Point", "coordinates": [-91.433111, 44.564056]}}, {"type": "Feature", "properties": {"layer": "nbi", "id": "B61009800000000", "carries": "USH 53", "over": "KING CREEK", "year_built": 1987, "material": "concrete", "design": "culvert", "spans": 2, "max_span_m": 3, "length_m": 6.9, "deck_width_m": 0, "roadway_width_m": 0, "lanes": "2"}, "geometry": {"type": "Point", "coordinates": [-91.227281, 44.531375]}}, {"type": "Feature", "properties": {"layer": "nbi", "id": "B61009900000000", "carries": "USH 53", "over": "ELK CREEK", "year_built": 1987, "material": "prestressed concrete", "design": "stringer/girder", "spans": 1, "max_span_m": 12.7, "length_m": 12.7, "deck_width_m": 11.5, "roadway_width_m": 11, "lanes": "2"}, "geometry": {"type": "Point", "coordinates": [-91.212264, 44.472319]}}, {"type": "Feature", "properties": {"layer": "nbi", "id": "B61010000000000", "carries": "STH 95-4TH ST", "over": "REYNOLDS COULEE CREEK", "year_built": 1989, "material": "prestressed concrete", "design": "stringer/girder", "spans": 1, "max_span_m": 14.3, "length_m": 14.9, "deck_width_m": 14, "roadway_width_m": 13.4, "lanes": "2", "osm_decks": [258582451]}, "geometry": {"type": "Point", "coordinates": [-91.238886, 44.290956]}}, {"type": "Feature", "properties": {"layer": "nbi", "id": "B61010100000000", "carries": "USH 53-ETTRICK ST", "over": "BR N FK BEAVER CREEK", "year_built": 1989, "material": "prestressed concrete", "design": "stringer/girder", "spans": 1, "max_span_m": 16.8, "length_m": 17.3, "deck_width_m": 12.8, "roadway_width_m": 12.2, "lanes": "2", "osm_decks": [442212519]}, "geometry": {"type": "Point", "coordinates": [-91.270942, 44.171156]}}, {"type": "Feature", "properties": {"layer": "nbi", "id": "B61010200000000", "carries": "LRD GARLICK RD", "over": "TRAVERSE VALLEY CREEK", "year_built": 1989, "material": "concrete", "design": "slab", "spans": 1, "max_span_m": 13.7, "length_m": 14.3, "deck_width_m": 7.9, "roadway_width_m": 7.3, "lanes": "2"}, "geometry": {"type": "Point", "coordinates": [-91.458778, 44.365694]}}, {"type": "Feature", "properties": {"layer": "nbi", "id": "B61010300000000", "carries": "LRD CRYSTAL VALLEY", "over": "BEAVER CREEK", "year_built": 1990, "material": "concrete continuous", "design": "slab", "spans": 2, "max_span_m": 10.4, "length_m": 21.3, "deck_width_m": 7.9, "roadway_width_m": 7.3, "lanes": "2", "osm_decks": [242422599]}, "geometry": {"type": "Point", "coordinates": [-91.335, 44.113472]}}, {"type": "Feature", "properties": {"layer": "nbi", "id": "B61010400000000", "carries": "LRD KITTELSON ROAD", "over": "N FK BEAVER CREEK", "year_built": 1989, "material": "concrete continuous", "design": "slab", "spans": 2, "max_span_m": 12.5, "length_m": 25.5, "deck_width_m": 7.9, "roadway_width_m": 7.3, "lanes": "2"}, "geometry": {"type": "Point", "coordinates": [-91.2494721, 44.196778]}}, {"type": "Feature", "properties": {"layer": "nbi", "id": "B61010500000000", "carries": "LRD BUFFALO ROAD (", "over": "BUFFALO RIVER", "year_built": 1990, "material": "concrete", "design": "slab", "spans": 1, "max_span_m": 12.2, "length_m": 12.4, "deck_width_m": 7.9, "roadway_width_m": 7.3, "lanes": "2"}, "geometry": {"type": "Point", "coordinates": [-91.185917, 44.593028]}}, {"type": "Feature", "properties": {"layer": "nbi", "id": "B61010600000000", "carries": "LRD BUTMAN ROAD (D", "over": "FRENCH CREEK", "year_built": 1990, "material": "concrete", "design": "slab", "spans": 1, "max_span_m": 13.4, "length_m": 14, "deck_width_m": 7.9, "roadway_width_m": 7.3, "lanes": "2"}, "geometry": {"type": "Point", "coordinates": [-91.311611, 44.203278]}}, {"type": "Feature", "properties": {"layer": "nbi", "id": "B61010700000000", "carries": "STH 95", "over": "TREMPEALEAU RIVER", "year_built": 1994, "material": "concrete continuous", "design": "slab", "spans": 3, "max_span_m": 20.4, "length_m": 51.2, "deck_width_m": 18.3, "roadway_width_m": 14.6, "lanes": "2", "osm_decks": [392193015]}, "geometry": {"type": "Point", "coordinates": [-91.5063921, 44.253864]}}, {"type": "Feature", "properties": {"layer": "nbi", "id": "B61010800000000", "carries": "STH 54", "over": "HARDI CREEK", "year_built": 1992, "material": "prestressed concrete", "design": "stringer/girder", "spans": 1, "max_span_m": 18.3, "length_m": 18.8, "deck_width_m": 11.5, "roadway_width_m": 11, "lanes": "2", "osm_decks": [1429092605]}, "geometry": {"type": "Point", "coordinates": [-91.213897, 44.094814]}}, {"type": "Feature", "properties": {"layer": "nbi", "id": "B61010900000000", "carries": "STH 93", "over": "HOLCOMB COULEE CREEK", "year_built": 1998, "material": "concrete", "design": "slab", "spans": 2, "max_span_m": 9, "length_m": 18.8, "deck_width_m": 13.8, "roadway_width_m": 13.2, "lanes": "2", "osm_decks": [1190470885]}, "geometry": {"type": "Point", "coordinates": [-91.442467, 44.157133]}}, {"type": "Feature", "properties": {"layer": "nbi", "id": "B61011000000000", "carries": "STH 93", "over": "TAMARACK CREEK", "year_built": 1998, "material": "concrete", "design": "slab", "spans": 2, "max_span_m": 15, "length_m": 30.9, "deck_width_m": 13.8, "roadway_width_m": 13.2, "lanes": "2", "osm_decks": [1190470883]}, "geometry": {"type": "Point", "coordinates": [-91.4465691, 44.168469]}}, {"type": "Feature", "properties": {"layer": "nbi", "id": "B61011100000000", "carries": "STH 93", "over": "TAMARACK CREEK TRIB.", "year_built": 1998, "material": "concrete", "design": "slab", "spans": 1, "max_span_m": 12, "length_m": 12.9, "deck_width_m": 16.8, "roadway_width_m": 16.2, "lanes": "2", "osm_decks": [1190470881]}, "geometry": {"type": "Point", "coordinates": [-91.448161, 44.174758]}}, {"type": "Feature", "properties": {"layer": "nbi", "id": "B61011200000000", "carries": "LRD SORLIE LANE (D", "over": "NEWCOMB VALLEY CREEK", "year_built": 1998, "material": "prestressed concrete", "design": "stringer/girder", "spans": 1, "max_span_m": 14.2, "length_m": 15, "deck_width_m": 7.8, "roadway_width_m": 7.2, "lanes": "2"}, "geometry": {"type": "Point", "coordinates": [-91.366917, 44.253806]}}, {"type": "Feature", "properties": {"layer": "nbi", "id": "B61011300000000", "carries": "STH 93", "over": "TAMARACK CREEK TRIB", "year_built": 1998, "material": "concrete", "design": "slab", "spans": 1, "max_span_m": 9, "length_m": 9.8, "deck_width_m": 18.6, "roadway_width_m": 17.8, "lanes": "4", "osm_decks": [1190470887]}, "geometry": {"type": "Point", "coordinates": [-91.438547, 44.141856]}}, {"type": "Feature", "properties": {"layer": "nbi", "id": "B61011400000000", "carries": "USH 53", "over": "BEAVER CREEK", "year_built": 1996, "material": "prestressed concrete continuous", "design": "stringer/girder", "spans": 3, "max_span_m": 18.1, "length_m": 54.8, "deck_width_m": 14, "roadway_width_m": 13.4, "lanes": "2", "osm_decks": [433221040]}, "geometry": {"type": "Point", "coordinates": [-91.341056, 44.100156]}}, {"type": "Feature", "properties": {"layer": "nbi", "id": "B61011500000000", "carries": "STH 95", "over": "TAPPEN CREEK", "year_built": 1998, "material": "concrete continuous", "design": "culvert", "spans": 3, "max_span_m": 3, "length_m": 10.1, "deck_width_m": 0, "roadway_width_m": 0, "lanes": "2"}, "geometry": {"type": "Point", "coordinates": [-91.2352531, 44.296908]}}, {"type": "Feature", "properties": {"layer": "nbi", "id": "B61011600000000", "carries": "CTH D", "over": "BR S FK BEAVER CREEK", "year_built": 1996, "material": "concrete", "design": "slab", "spans": 1, "max_span_m": 12.2, "length_m": 13, "deck_width_m": 9.1, "roadway_width_m": 8.5, "lanes": "2"}, "geometry": {"type": "Point", "coordinates": [-91.251194, 44.159972]}}, {"type": "Feature", "properties": {"layer": "nbi", "id": "B61011700000000", "carries": "LRD PEPLINSKI RD (", "over": "PINE CREEK", "year_built": 1990, "material": "prestressed concrete", "design": "stringer/girder", "spans": 1, "max_span_m": 18, "length_m": 18.5, "deck_width_m": 7.9, "roadway_width_m": 7.3, "lanes": "2"}, "geometry": {"type": "Point", "coordinates": [-91.527028, 44.129444]}}, {"type": "Feature", "properties": {"layer": "nbi", "id": "B61011800000000", "carries": "USH 53-HARMONY ST", "over": "S FK BUFFALO RIVER", "year_built": 1936, "material": "steel", "design": "stringer/girder", "spans": 2, "max_span_m": 9.1, "length_m": 18.1, "deck_width_m": 15.6, "roadway_width_m": 12.2, "lanes": "2", "osm_decks": [485522736]}, "geometry": {"type": "Point", "coordinates": [-91.22395, 44.576772]}}, {"type": "Feature", "properties": {"layer": "nbi", "id": "B61011900000000", "carries": "LRD SCRANTON ST", "over": "IRVIN CREEK", "year_built": 1991, "material": "concrete", "design": "slab", "spans": 1, "max_span_m": 12.2, "length_m": 12.8, "deck_width_m": 11.3, "roadway_width_m": 9.1, "lanes": "2"}, "geometry": {"type": "Point", "coordinates": [-91.314778, 44.369361]}}, {"type": "Feature", "properties": {"layer": "nbi", "id": "B61012000000000", "carries": "CTH D", "over": "BR S FK BEAVER CREEK", "year_built": 1992, "material": "concrete", "design": "slab", "spans": 1, "max_span_m": 9.1, "length_m": 9.7, "deck_width_m": 9.8, "roadway_width_m": 9.1, "lanes": "2"}, "geometry": {"type": "Point", "coordinates": [-91.258806, 44.16175]}}, {"type": "Feature", "properties": {"layer": "nbi", "id": "B61012100000000", "carries": "STH 93", "over": "ADAMS CREEK", "year_built": 1994, "material": "concrete continuous", "design": "culvert", "spans": 2, "max_span_m": 3.7, "length_m": 7.8, "deck_width_m": 0, "roadway_width_m": 0, "lanes": "2"}, "geometry": {"type": "Point", "coordinates": [-91.468317, 44.580256]}}, {"type": "Feature", "properties": {"layer": "nbi", "id": "B61012200000000", "carries": "STH 95", "over": "LAKES COULEE CREEK", "year_built": 1999, "material": "concrete continuous", "design": "culvert", "spans": 3, "max_span_m": 3.7, "length_m": 13.7, "deck_width_m": 0, "roadway_width_m": 0, "lanes": "2"}, "geometry": {"type": "Point", "coordinates": [-91.280361, 44.291022]}}, {"type": "Feature", "properties": {"layer": "nbi", "id": "B61012300000000", "carries": "STH 93", "over": "TREMPEALEAU RIVER", "year_built": 1995, "material": "concrete continuous", "design": "culvert", "spans": 3, "max_span_m": 3.7, "length_m": 12.1, "deck_width_m": 0, "roadway_width_m": 0, "lanes": "2"}, "geometry": {"type": "Point", "coordinates": [-91.476772, 44.268494]}}, {"type": "Feature", "properties": {"layer": "nbi", "id": "B61012400000000", "carries": "USH 53-STH 121", "over": "PIGEON CREEK", "year_built": 1994, "material": "steel continuous", "design": "stringer/girder", "spans": 3, "max_span_m": 21, "length_m": 55.3, "deck_width_m": 14, "roadway_width_m": 13.4, "lanes": "2"}, "geometry": {"type": "Point", "coordinates": [-91.294444, 44.374664]}}, {"type": "Feature", "properties": {"layer": "nbi", "id": "B61012500000000", "carries": "LRD NEITZKE RD (DE", "over": "N BR ELK CREEK", "year_built": 1994, "material": "concrete", "design": "slab", "spans": 1, "max_span_m": 14.3, "length_m": 14.9, "deck_width_m": 7.9, "roadway_width_m": 7.3, "lanes": "2"}, "geometry": {"type": "Point", "coordinates": [-91.303861, 44.479833]}}, {"type": "Feature", "properties": {"layer": "nbi", "id": "B61012600000000", "carries": "LRD ROSKOS VALLEY", "over": "CHIMNEY ROCK CREEK", "year_built": 1994, "material": "prestressed concrete", "design": "stringer/girder", "spans": 1, "max_span_m": 17.1, "length_m": 17.6, "deck_width_m": 7.9, "roadway_width_m": 7.3, "lanes": "2"}, "geometry": {"type": "Point", "coordinates": [-91.408417, 44.450861]}}, {"type": "Feature", "properties": {"layer": "nbi", "id": "B61012700000000", "carries": "LRD TROUT RUN RD", "over": "TROUT CREEK", "year_built": 1993, "material": "concrete", "design": "slab", "spans": 1, "max_span_m": 10.7, "length_m": 11.3, "deck_width_m": 7.9, "roadway_width_m": 7.3, "lanes": "2"}, "geometry": {"type": "Point", "coordinates": [-91.534028, 44.197722]}}, {"type": "Feature", "properties": {"layer": "nbi", "id": "B61012800000000", "carries": "LRD ELM ST", "over": "JOHNSON VALLEY CREEK", "year_built": 1994, "material": "concrete", "design": "slab", "spans": 1, "max_span_m": 9.1, "length_m": 9.7, "deck_width_m": 9.1, "roadway_width_m": 8.5, "lanes": "2", "osm_decks": [1209130068, 1347025478]}, "geometry": {"type": "Point", "coordinates": [-91.38275, 44.552917]}}, {"type": "Feature", "properties": {"layer": "nbi", "id": "B61012900000000", "carries": "LRD ALVESTAD RD", "over": "BUFFALO RIVER", "year_built": 1994, "material": "concrete continuous", "design": "slab", "spans": 2, "max_span_m": 8.4, "length_m": 17.3, "deck_width_m": 7.9, "roadway_width_m": 7.3, "lanes": "2"}, "geometry": {"type": "Point", "coordinates": [-91.203028, 44.590667]}}, {"type": "Feature", "properties": {"layer": "nbi", "id": "B61013000000000", "carries": "USH 53-MAIN ST", "over": "CTH K", "year_built": 1997, "material": "prestressed concrete continuous", "design": "stringer/girder", "spans": 4, "max_span_m": 36, "length_m": 126.8, "deck_width_m": 13.5, "roadway_width_m": 9.8, "lanes": "2", "osm_decks": [119767887]}, "geometry": {"type": "Point", "coordinates": [-91.349447, 44.0803]}}, {"type": "Feature", "properties": {"layer": "nbi", "id": "B61013100000000", "carries": "STH 121", "over": "BORST VALLEY CREEK", "year_built": 1999, "material": "prestressed concrete", "design": "stringer/girder", "spans": 1, "max_span_m": 20.7, "length_m": 21.5, "deck_width_m": 9.7, "roadway_width_m": 9.1, "lanes": "2"}, "geometry": {"type": "Point", "coordinates": [-91.439769, 44.406358]}}, {"type": "Feature", "properties": {"layer": "nbi", "id": "B61013200000000", "carries": "STH 121", "over": "ELK CREEK", "year_built": 1999, "material": "prestressed concrete", "design": "stringer/girder", "spans": 1, "max_span_m": 25.9, "length_m": 26.7, "deck_width_m": 9.7, "roadway_width_m": 9.1, "lanes": "2", "osm_decks": [1128932096]}, "geometry": {"type": "Point", "coordinates": [-91.422011, 44.406542]}}, {"type": "Feature", "properties": {"layer": "nbi", "id": "B61013300000000", "carries": "LRD CHIMNEY ROCK R", "over": "BUFFALO RIVER", "year_built": 1995, "material": "wood/timber", "design": "slab", "spans": 3, "max_span_m": 5.5, "length_m": 16.5, "deck_width_m": 7.9, "roadway_width_m": 7.3, "lanes": "2", "osm_decks": [1091384136]}, "geometry": {"type": "Point", "coordinates": [-91.469556, 44.574111]}}, {"type": "Feature", "properties": {"layer": "nbi", "id": "B61013400000000", "carries": "LRD GILBERT STREET", "over": "TAPPEN CREEK", "year_built": 1994, "material": "concrete", "design": "slab", "spans": 1, "max_span_m": 6.7, "length_m": 7.3, "deck_width_m": 20.1, "roadway_width_m": 14.6, "lanes": "2"}, "geometry": {"type": "Point", "coordinates": [-91.232778, 44.296028]}}, {"type": "Feature", "properties": {"layer": "nbi", "id": "B61013500000000", "carries": "LRD SOPPA RD", "over": "NEWCOMB VALLEY CREEK", "year_built": 1995, "material": "prestressed concrete", "design": "stringer/girder", "spans": 1, "max_span_m": 12.2, "length_m": 13, "deck_width_m": 7.9, "roadway_width_m": 7.3, "lanes": "2"}, "geometry": {"type": "Point", "coordinates": [-91.4020831, 44.254472]}}, {"type": "Feature", "properties": {"layer": "nbi", "id": "B61013600000000", "carries": "LRD ED JOHNSON RD", "over": "FLY CREEK", "year_built": 1995, "material": "concrete", "design": "slab", "spans": 1, "max_span_m": 9.1, "length_m": 9.7, "deck_width_m": 7.9, "roadway_width_m": 7.3, "lanes": "2"}, "geometry": {"type": "Point", "coordinates": [-91.276556, 44.365389]}}, {"type": "Feature", "properties": {"layer": "nbi", "id": "B61013700000000", "carries": "CTH X", "over": "BR TRAVERSE VALLEY CREEK", "year_built": 1998, "material": "steel", "design": "culvert", "spans": 3, "max_span_m": 2.3, "length_m": 6.4, "deck_width_m": 0, "roadway_width_m": 0, "lanes": "2"}, "geometry": {"type": "Point", "coordinates": [-91.457694, 44.359611]}}, {"type": "Feature", "properties": {"layer": "nbi", "id": "B61013800000000", "carries": "CTH A", "over": "RAINEY VALLEY CREEK", "year_built": 1997, "material": "concrete", "design": "slab", "spans": 1, "max_span_m": 12.2, "length_m": 13.1, "deck_width_m": 11, "roadway_width_m": 10.4, "lanes": "2"}, "geometry": {"type": "Point", "coordinates": [-91.498194, 44.266417]}}, {"type": "Feature", "properties": {"layer": "nbi", "id": "B61014100000000", "carries": "CTH T", "over": "TURTON CREEK", "year_built": 1997, "material": "prestressed concrete", "design": "stringer/girder", "spans": 1, "max_span_m": 16.5, "length_m": 17.3, "deck_width_m": 9.1, "roadway_width_m": 8.5, "lanes": "2"}, "geometry": {"type": "Point", "coordinates": [-91.421389, 44.229444]}}, {"type": "Feature", "properties": {"layer": "nbi", "id": "B61014200000000", "carries": "LRD BURLINGTON ROA", "over": "TURTON CREEK", "year_built": 1997, "material": "concrete", "design": "slab", "spans": 1, "max_span_m": 10, "length_m": 10.8, "deck_width_m": 7.8, "roadway_width_m": 7.2, "lanes": "2"}, "geometry": {"type": "Point", "coordinates": [-91.385611, 44.226583]}}, {"type": "Feature", "properties": {"layer": "nbi", "id": "B61014300000000", "carries": "LRD DORIS GUZA RD", "over": "WICKHAM VALLEY CREEK", "year_built": 1997, "material": "concrete", "design": "slab", "spans": 1, "max_span_m": 10.4, "length_m": 11.1, "deck_width_m": 7.9, "roadway_width_m": 7.3, "lanes": "2"}, "geometry": {"type": "Point", "coordinates": [-91.483194, 44.330028]}}, {"type": "Feature", "properties": {"layer": "nbi", "id": "B61014400000000", "carries": "LRD MAIN ST", "over": "TAPPEN CREEK", "year_built": 1997, "material": "concrete continuous", "design": "culvert", "spans": 2, "max_span_m": 3, "length_m": 10.4, "deck_width_m": 30.5, "roadway_width_m": 12.8, "lanes": "2"}, "geometry": {"type": "Point", "coordinates": [-91.228833, 44.292167]}}, {"type": "Feature", "properties": {"layer": "nbi", "id": "B61014500000000", "carries": "LRD LEWIS VALLEY R", "over": "LEWIS VALLEY CREEK", "year_built": 1997, "material": "concrete", "design": "slab", "spans": 1, "max_span_m": 11, "length_m": 11.4, "deck_width_m": 7.8, "roadway_width_m": 7.2, "lanes": "2", "osm_decks": [1154757193]}, "geometry": {"type": "Point", "coordinates": [-91.482028, 44.297944]}}, {"type": "Feature", "properties": {"layer": "nbi", "id": "B61014600000000", "carries": "CTH X", "over": "TRAVERSE VALLEY CREEK", "year_built": 1998, "material": "prestressed concrete", "design": "stringer/girder", "spans": 1, "max_span_m": 33, "length_m": 34, "deck_width_m": 9, "roadway_width_m": 8.4, "lanes": "2"}, "geometry": {"type": "Point", "coordinates": [-91.498361, 44.380833]}}, {"type": "Feature", "properties": {"layer": "nbi", "id": "B61014700000000", "carries": "CTH X", "over": "TRAVERSE VALLEY CREEK", "year_built": 1999, "material": "concrete", "design": "slab", "spans": 1, "max_span_m": 13, "length_m": 13.9, "deck_width_m": 9, "roadway_width_m": 8.4, "lanes": "2"}, "geometry": {"type": "Point", "coordinates": [-91.522139, 44.385139]}}, {"type": "Feature", "properties": {"layer": "nbi", "id": "B61014900000000", "carries": "CTH D", "over": "BRUCE VALLEY CREEK", "year_built": 1999, "material": "concrete", "design": "slab", "spans": 1, "max_span_m": 12, "length_m": 12.9, "deck_width_m": 8.5, "roadway_width_m": 7.9, "lanes": "2"}, "geometry": {"type": "Point", "coordinates": [-91.360528, 44.46775]}}, {"type": "Feature", "properties": {"layer": "nbi", "id": "B61015000000000", "carries": "CTH T", "over": "BR BEAVER CREEK", "year_built": 2000, "material": "prestressed concrete", "design": "stringer/girder", "spans": 1, "max_span_m": 16.5, "length_m": 17.3, "deck_width_m": 9.8, "roadway_width_m": 9.1, "lanes": "2"}, "geometry": {"type": "Point", "coordinates": [-91.3540561, 44.125278]}}, {"type": "Feature", "properties": {"layer": "nbi", "id": "B61015100000000", "carries": "LRD ARMSTRONG LANE", "over": "NORTH CREEK", "year_built": 1998, "material": "concrete", "design": "slab", "spans": 1, "max_span_m": 8.5, "length_m": 9.3, "deck_width_m": 7.9, "roadway_width_m": 7.3, "lanes": "2"}, "geometry": {"type": "Point", "coordinates": [-91.411083, 44.281278]}}, {"type": "Feature", "properties": {"layer": "nbi", "id": "B61015200000000", "carries": "CTH E", "over": "BR ELK CREEK", "year_built": 2000, "material": "steel", "design": "culvert", "spans": 3, "max_span_m": 3, "length_m": 11.6, "deck_width_m": 0, "roadway_width_m": 0, "lanes": "2"}, "geometry": {"type": "Point", "coordinates": [-91.259667, 44.478222]}}, {"type": "Feature", "properties": {"layer": "nbi", "id": "B61015300000000", "carries": "CTH E", "over": "BR ELK CREEK", "year_built": 2000, "material": "steel", "design": "culvert", "spans": 3, "max_span_m": 1.7, "length_m": 9.1, "deck_width_m": 0, "roadway_width_m": 0, "lanes": "2"}, "geometry": {"type": "Point", "coordinates": [-91.253389, 44.484722]}}, {"type": "Feature", "properties": {"layer": "nbi", "id": "B61015500000000", "carries": "LRD SHEPHERD LANE", "over": "TURTON CREEK", "year_built": 1999, "material": "concrete", "design": "slab", "spans": 1, "max_span_m": 11.5, "length_m": 12.3, "deck_width_m": 7.8, "roadway_width_m": 7.2, "lanes": "2"}, "geometry": {"type": "Point", "coordinates": [-91.417111, 44.229]}}, {"type": "Feature", "properties": {"layer": "nbi", "id": "B61015600000000", "carries": "USH 10 E AND W", "over": "IH 94", "year_built": 2003, "material": "prestressed concrete continuous", "design": "stringer/girder", "spans": 2, "max_span_m": 32.6, "length_m": 67.2, "deck_width_m": 32.1, "roadway_width_m": 25.2, "lanes": "5", "osm_decks": [39381566]}, "geometry": {"type": "Point", "coordinates": [-91.2052721, 44.579011]}}, {"type": "Feature", "properties": {"layer": "nbi", "id": "B61015700000000", "carries": "USH 10-MONDOVI ST", "over": "BIG CREEK", "year_built": 2001, "material": "prestressed concrete", "design": "stringer/girder", "spans": 1, "max_span_m": 18.9, "length_m": 19.7, "deck_width_m": 15.8, "roadway_width_m": 12.2, "lanes": "2", "osm_decks": [1215785017]}, "geometry": {"type": "Point", "coordinates": [-91.469569, 44.575742]}}, {"type": "Feature", "properties": {"layer": "nbi", "id": "B61015800000000", "carries": "USH 10", "over": "TRIB TO BUFFALO RIVER", "year_built": 2001, "material": "prestressed concrete", "design": "stringer/girder", "spans": 1, "max_span_m": 15.2, "length_m": 16.4, "deck_width_m": 15.2, "roadway_width_m": 14.3, "lanes": "3", "osm_decks": [886253754]}, "geometry": {"type": "Point", "coordinates": [-91.393761, 44.556392]}}, {"type": "Feature", "properties": {"layer": "nbi", "id": "B61015900000000", "carries": "LRD PLUM CREEK RD", "over": "PLUM CREEK", "year_built": 2000, "material": "concrete", "design": "slab", "spans": 1, "max_span_m": 11, "length_m": 11.9, "deck_width_m": 7.9, "roadway_width_m": 7.3, "lanes": "2"}, "geometry": {"type": "Point", "coordinates": [-91.395556, 44.3215]}}, {"type": "Feature", "properties": {"layer": "nbi", "id": "B61016000000000", "carries": "LRD RIVER DRIVE", "over": "GRANT CREEK", "year_built": 2000, "material": "concrete", "design": "slab", "spans": 1, "max_span_m": 12.8, "length_m": 13.6, "deck_width_m": 7.9, "roadway_width_m": 7.3, "lanes": "2"}, "geometry": {"type": "Point", "coordinates": [-91.246472, 44.0705]}}, {"type": "Feature", "properties": {"layer": "nbi", "id": "B61016100000000", "carries": "LRD RIVER VALLEY R", "over": "PLUM CREEK", "year_built": 2000, "material": "prestressed concrete", "design": "stringer/girder", "spans": 1, "max_span_m": 16.8, "length_m": 17.6, "deck_width_m": 7.9, "roadway_width_m": 7.3, "lanes": "2", "osm_decks": [1112067742]}, "geometry": {"type": "Point", "coordinates": [-91.427833, 44.335639]}}, {"type": "Feature", "properties": {"layer": "nbi", "id": "B61016300000000", "carries": "STH 54", "over": "TOPPEN COULEE CREEK", "year_built": 2000, "material": "prestressed concrete", "design": "stringer/girder", "spans": 1, "max_span_m": 18.2, "length_m": 19.5, "deck_width_m": 11.8, "roadway_width_m": 10.9, "lanes": "2", "osm_decks": [1429092604]}, "geometry": {"type": "Point", "coordinates": [-91.194544, 44.094531]}}, {"type": "Feature", "properties": {"layer": "nbi", "id": "B61016500000000", "carries": "LRD LINDEN RD", "over": "HOLCOMB COULEE CREEK", "year_built": 2001, "material": "concrete", "design": "slab", "spans": 1, "max_span_m": 10.4, "length_m": 11.2, "deck_width_m": 7.9, "roadway_width_m": 7.3, "lanes": "2"}, "geometry": {"type": "Point", "coordinates": [-91.4125, 44.167944]}}, {"type": "Feature", "properties": {"layer": "nbi", "id": "B61016600000000", "carries": "LRD WAYSIDE LANE (", "over": "FRENCH CREEK", "year_built": 2000, "material": "prestressed concrete", "design": "stringer/girder", "spans": 1, "max_span_m": 20.7, "length_m": 21.5, "deck_width_m": 7.9, "roadway_width_m": 7.3, "lanes": "2"}, "geometry": {"type": "Point", "coordinates": [-91.3181389, 44.17875]}}, {"type": "Feature", "properties": {"layer": "nbi", "id": "B61016700000000", "carries": "CTH XX", "over": "BR. TREMPELEAU R.", "year_built": 2003, "material": "steel", "design": "culvert", "spans": 3, "max_span_m": 1.8, "length_m": 7.3, "deck_width_m": 0, "roadway_width_m": 0, "lanes": "2"}, "geometry": {"type": "Point", "coordinates": [-91.479917, 44.321611]}}, {"type": "Feature", "properties": {"layer": "nbi", "id": "B61016800000000", "carries": "CTH S", "over": "FLY CREEK", "year_built": 2002, "material": "concrete", "design": "slab", "spans": 1, "max_span_m": 10.4, "length_m": 11.2, "deck_width_m": 9.8, "roadway_width_m": 9.1, "lanes": "2"}, "geometry": {"type": "Point", "coordinates": [-91.246, 44.353667]}}, {"type": "Feature", "properties": {"layer": "nbi", "id": "B61016900000000", "carries": "USH 53 NB", "over": "TOMTER COULEE CR", "year_built": 2003, "material": "prestressed concrete", "design": "stringer/girder", "spans": 1, "max_span_m": 13.7, "length_m": 15.1, "deck_width_m": 11.5, "roadway_width_m": 10.9, "lanes": "2"}, "geometry": {"type": "Point", "coordinates": [-91.2093061, 44.434389]}}, {"type": "Feature", "properties": {"layer": "nbi", "id": "B61017000000000", "carries": "CTH NN  MAIN ST", "over": "N BR BUFFALO RIVER", "year_built": 2003, "material": "concrete continuous", "design": "slab", "spans": 2, "max_span_m": 10.4, "length_m": 21.6, "deck_width_m": 11, "roadway_width_m": 10.4, "lanes": "2", "osm_decks": [485533654]}, "geometry": {"type": "Point", "coordinates": [-91.2217499, 44.582694]}}, {"type": "Feature", "properties": {"layer": "nbi", "id": "B61017100000000", "carries": "LRD MOLITOR LANE (", "over": "LEWIS VALLEY CREEK", "year_built": 2002, "material": "concrete", "design": "slab", "spans": 1, "max_span_m": 9.8, "length_m": 10.5, "deck_width_m": 7.9, "roadway_width_m": 7.3, "lanes": "2"}, "geometry": {"type": "Point", "coordinates": [-91.5245281, 44.325444]}}, {"type": "Feature", "properties": {"layer": "nbi", "id": "B61017200000000", "carries": "LRD FULLER COULEE", "over": "FULLER COULEE CR", "year_built": 2002, "material": "concrete", "design": "slab", "spans": 1, "max_span_m": 7.9, "length_m": 8.7, "deck_width_m": 7.9, "roadway_width_m": 7.3, "lanes": "2"}, "geometry": {"type": "Point", "coordinates": [-91.234861, 44.434583]}}, {"type": "Feature", "properties": {"layer": "nbi", "id": "B61017300000000", "carries": "LRD QUARNE RD", "over": "TRUMP COULEE CREEK", "year_built": 2004, "material": "concrete", "design": "slab", "spans": 1, "max_span_m": 9.8, "length_m": 10.5, "deck_width_m": 7.9, "roadway_width_m": 7.3, "lanes": "2"}, "geometry": {"type": "Point", "coordinates": [-91.191167, 44.291528]}}, {"type": "Feature", "properties": {"layer": "nbi", "id": "B61017400000000", "carries": "LRD SCHWANSBERG RD", "over": "FLY CREEK", "year_built": 2002, "material": "concrete", "design": "slab", "spans": 1, "max_span_m": 8.5, "length_m": 9.4, "deck_width_m": 9.1, "roadway_width_m": 8.5, "lanes": "2"}, "geometry": {"type": "Point", "coordinates": [-91.2918061, 44.373056]}}, {"type": "Feature", "properties": {"layer": "nbi", "id": "B61017500000000", "carries": "CTH OOO", "over": "BUFFALO RIVER", "year_built": 2002, "material": "concrete", "design": "slab", "spans": 2, "max_span_m": 12.8, "length_m": 26.4, "deck_width_m": 9.8, "roadway_width_m": 9.1, "lanes": "2"}, "geometry": {"type": "Point", "coordinates": [-91.246944, 44.578028]}}, {"type": "Feature", "properties": {"layer": "nbi", "id": "B61017600000000", "carries": "CTH NN", "over": "BR BUFFALO RIVER", "year_built": 2003, "material": "concrete", "design": "slab", "spans": 1, "max_span_m": 7.6, "length_m": 8.4, "deck_width_m": 9.8, "roadway_width_m": 9.1, "lanes": "2", "osm_decks": [1435152319]}, "geometry": {"type": "Point", "coordinates": [-91.217639, 44.586639]}}, {"type": "Feature", "properties": {"layer": "nbi", "id": "B61017700000000", "carries": "LRD DUBIEL VALLEY", "over": "TRAVERSE VALLEY CREEK", "year_built": 2002, "material": "concrete", "design": "slab", "spans": 1, "max_span_m": 12.2, "length_m": 13, "deck_width_m": 7.8, "roadway_width_m": 7.2, "lanes": "2"}, "geometry": {"type": "Point", "coordinates": [-91.478667, 44.376861]}}, {"type": "Feature", "properties": {"layer": "nbi", "id": "B61017800000000", "carries": "LRD STONE RD (DEAD", "over": "CHIMNEY ROCK CREEK", "year_built": 2003, "material": "concrete", "design": "slab", "spans": 1, "max_span_m": 11, "length_m": 11.7, "deck_width_m": 7.9, "roadway_width_m": 7.3, "lanes": "2"}, "geometry": {"type": "Point", "coordinates": [-91.4184721, 44.47975]}}, {"type": "Feature", "properties": {"layer": "nbi", "id": "B61017900000000", "carries": "STH 121", "over": "BIG SLOUGH CREEK", "year_built": 2004, "material": "concrete", "design": "slab", "spans": 1, "max_span_m": 11, "length_m": 11.7, "deck_width_m": 11, "roadway_width_m": 10.4, "lanes": "2"}, "geometry": {"type": "Point", "coordinates": [-91.1881749, 44.43405]}}, {"type": "Feature", "properties": {"layer": "nbi", "id": "B61018000000000", "carries": "CTH JJ", "over": "BR LATCH VALLEY CR", "year_built": 2004, "material": "concrete", "design": "slab", "spans": 1, "max_span_m": 10.7, "length_m": 11.6, "deck_width_m": 9.1, "roadway_width_m": 8.5, "lanes": "2"}, "geometry": {"type": "Point", "coordinates": [-91.556444, 44.168222]}}, {"type": "Feature", "properties": {"layer": "nbi", "id": "B61018100000000", "carries": "LRD JASZEWSKI LANE", "over": "LATCH VALLEY CREEK", "year_built": 2003, "material": "concrete", "design": "slab", "spans": 1, "max_span_m": 12.8, "length_m": 13.7, "deck_width_m": 7.9, "roadway_width_m": 7.3, "lanes": "2"}, "geometry": {"type": "Point", "coordinates": [-91.549833, 44.169861]}}, {"type": "Feature", "properties": {"layer": "nbi", "id": "B61018300000000", "carries": "CTH XX", "over": "WICKHAM VALLEY CREEK", "year_built": 2003, "material": "concrete", "design": "culvert", "spans": 1, "max_span_m": 3.7, "length_m": 6.9, "deck_width_m": 0, "roadway_width_m": 0, "lanes": "2"}, "geometry": {"type": "Point", "coordinates": [-91.492806, 44.337944]}}, {"type": "Feature", "properties": {"layer": "nbi", "id": "B61018400000000", "carries": "LRD N 36 VALLEY RD", "over": "ELK CREEK", "year_built": 2003, "material": "concrete continuous", "design": "slab", "spans": 2, "max_span_m": 12.2, "length_m": 25.1, "deck_width_m": 7.9, "roadway_width_m": 7.3, "lanes": "2", "osm_decks": [1128932098]}, "geometry": {"type": "Point", "coordinates": [-91.408833, 44.418028]}}, {"type": "Feature", "properties": {"layer": "nbi", "id": "B61018500000000", "carries": "CTH EE", "over": "ELK CREEK", "year_built": 2003, "material": "concrete continuous", "design": "slab", "spans": 2, "max_span_m": 10.7, "length_m": 22.1, "deck_width_m": 9.8, "roadway_width_m": 9.1, "lanes": "2"}, "geometry": {"type": "Point", "coordinates": [-91.264556, 44.465917]}}, {"type": "Feature", "properties": {"layer": "nbi", "id": "B61018600000000", "carries": "LRD LEER RD (DEAD", "over": "BR STEIG COULEE CREEK", "year_built": 2004, "material": "concrete", "design": "slab", "spans": 1, "max_span_m": 7.9, "length_m": 8.7, "deck_width_m": 7.9, "roadway_width_m": 7.3, "lanes": "2"}, "geometry": {"type": "Point", "coordinates": [-91.19525, 44.440444]}}, {"type": "Feature", "properties": {"layer": "nbi", "id": "B61018700000000", "carries": "LRD E SECOND ST", "over": "TAPPEN CREEK", "year_built": 2004, "material": "concrete", "design": "slab", "spans": 1, "max_span_m": 7.3, "length_m": 7.6, "deck_width_m": 16.5, "roadway_width_m": 12.2, "lanes": "2", "osm_decks": [1214422206, 1431144847]}, "geometry": {"type": "Point", "coordinates": [-91.229556, 44.292944]}}, {"type": "Feature", "properties": {"layer": "nbi", "id": "B61018800000000", "carries": "LRD ANDEREGG ROAD", "over": "TRUMP COULEE CREEK", "year_built": 2004, "material": "concrete", "design": "slab", "spans": 1, "max_span_m": 12.8, "length_m": 13.7, "deck_width_m": 7.9, "roadway_width_m": 7.3, "lanes": "2"}, "geometry": {"type": "Point", "coordinates": [-91.181389, 44.283417]}}, {"type": "Feature", "properties": {"layer": "nbi", "id": "B61018900000000", "carries": "CTH U", "over": "BIG CREEK", "year_built": 2004, "material": "concrete", "design": "slab", "spans": 1, "max_span_m": 9.8, "length_m": 10.5, "deck_width_m": 9.8, "roadway_width_m": 9.1, "lanes": "2", "osm_decks": [1215785007]}, "geometry": {"type": "Point", "coordinates": [-91.460111, 44.581278]}}, {"type": "Feature", "properties": {"layer": "nbi", "id": "B61019000000000", "carries": "LRD THOMPSON VALLE", "over": "THOMPSON VALLEY CREEK", "year_built": 2004, "material": "concrete", "design": "slab", "spans": 1, "max_span_m": 7.3, "length_m": 8.1, "deck_width_m": 7.9, "roadway_width_m": 7.3, "lanes": "2"}, "geometry": {"type": "Point", "coordinates": [-91.452167, 44.236472]}}, {"type": "Feature", "properties": {"layer": "nbi", "id": "B61019100000000", "carries": "CTH T", "over": "NEWCOMB VALLEY CR", "year_built": 2004, "material": "prestressed concrete", "design": "stringer/girder", "spans": 1, "max_span_m": 21, "length_m": 21.8, "deck_width_m": 9.8, "roadway_width_m": 9.1, "lanes": "2"}, "geometry": {"type": "Point", "coordinates": [-91.442389, 44.246306]}}, {"type": "Feature", "properties": {"layer": "nbi", "id": "B61019300000000", "carries": "LRD BRIDGE ST", "over": "N FK BEAVER CR", "year_built": 2005, "material": "concrete continuous", "design": "slab", "spans": 2, "max_span_m": 12.5, "length_m": 25.9, "deck_width_m": 10.4, "roadway_width_m": 9.8, "lanes": "2", "osm_decks": [305808856]}, "geometry": {"type": "Point", "coordinates": [-91.270639, 44.167694]}}, {"type": "Feature", "properties": {"layer": "nbi", "id": "B61019400000000", "carries": "LRD RAT RD", "over": "BR TREMPEALEAU RIVER", "year_built": 2005, "material": "concrete", "design": "culvert", "spans": 2, "max_span_m": 2.4, "length_m": 7.4, "deck_width_m": 0, "roadway_width_m": 0, "lanes": "2"}, "geometry": {"type": "Point", "coordinates": [-91.273889, 44.338583]}}, {"type": "Feature", "properties": {"layer": "nbi", "id": "B61019500000000", "carries": "CTH J", "over": "LATCH VALLEY CREEK", "year_built": 2006, "material": "prestressed concrete", "design": "stringer/girder", "spans": 1, "max_span_m": 21.3, "length_m": 22.2, "deck_width_m": 11, "roadway_width_m": 10.4, "lanes": "2", "osm_decks": [191914319]}, "geometry": {"type": "Point", "coordinates": [-91.557528, 44.157528]}}, {"type": "Feature", "properties": {"layer": "nbi", "id": "B61019600000000", "carries": "CTH J", "over": "TROUT CREEK", "year_built": 2006, "material": "concrete", "design": "slab", "spans": 1, "max_span_m": 13.4, "length_m": 14.2, "deck_width_m": 11, "roadway_width_m": 10.4, "lanes": "2", "osm_decks": [191914326]}, "geometry": {"type": "Point", "coordinates": [-91.568389, 44.2135]}}, {"type": "Feature", "properties": {"layer": "nbi", "id": "B61019700000000", "carries": "CTH J", "over": "BILL VALLEY CREEK", "year_built": 2006, "material": "concrete", "design": "slab", "spans": 1, "max_span_m": 9.8, "length_m": 10.5, "deck_width_m": 11, "roadway_width_m": 10.4, "lanes": "2", "osm_decks": [191914320]}, "geometry": {"type": "Point", "coordinates": [-91.55425, 44.222]}}, {"type": "Feature", "properties": {"layer": "nbi", "id": "B61019800000000", "carries": "CTH J", "over": "MEYERS VALLEY CREEK", "year_built": 2006, "material": "prestressed concrete", "design": "stringer/girder", "spans": 1, "max_span_m": 17.7, "length_m": 18.4, "deck_width_m": 11, "roadway_width_m": 10.4, "lanes": "2"}, "geometry": {"type": "Point", "coordinates": [-91.502444, 44.236083]}}, {"type": "Feature", "properties": {"layer": "nbi", "id": "B61020000000000", "carries": "STH 35-STH 54", "over": "TAMARACK CREEK", "year_built": 2007, "material": "concrete", "design": "slab", "spans": 1, "max_span_m": 14, "length_m": 14.8, "deck_width_m": 14, "roadway_width_m": 13.4, "lanes": "2", "osm_decks": [461421658]}, "geometry": {"type": "Point", "coordinates": [-91.4666671, 44.07]}}, {"type": "Feature", "properties": {"layer": "nbi", "id": "B61020100000000", "carries": "STH 35 - STH 54", "over": "TAMARACK CREEK", "year_built": 1951, "material": "concrete", "design": "culvert", "spans": 1, "max_span_m": 6.1, "length_m": 7, "deck_width_m": 0, "roadway_width_m": 0, "lanes": "2"}, "geometry": {"type": "Point", "coordinates": [-91.501031, 44.070064]}}, {"type": "Feature", "properties": {"layer": "nbi", "id": "B61020200000000", "carries": "USH 53", "over": "BEAVER CREEK", "year_built": 2014, "material": "concrete continuous", "design": "stringer/girder", "spans": 3, "max_span_m": 23.2, "length_m": 70.5, "deck_width_m": 14.2, "roadway_width_m": 13.4, "lanes": "2", "osm_decks": [232985014]}, "geometry": {"type": "Point", "coordinates": [-91.3386421, 44.117728]}}, {"type": "Feature", "properties": {"layer": "nbi", "id": "B61020300000000", "carries": "USH 53-MAIN ST", "over": "BEAVER CREEK", "year_built": 2011, "material": "steel", "design": "stringer/girder", "spans": 1, "max_span_m": 67.1, "length_m": 68.8, "deck_width_m": 15.3, "roadway_width_m": 11, "lanes": "2"}, "geometry": {"type": "Point", "coordinates": [-91.349458, 44.083381]}}, {"type": "Feature", "properties": {"layer": "nbi", "id": "B61020400000000", "carries": "USH 53", "over": "BEAVER CREEK", "year_built": 2014, "material": "prestressed concrete continuous", "design": "stringer/girder", "spans": 3, "max_span_m": 28, "length_m": 67, "deck_width_m": 14.2, "roadway_width_m": 13.4, "lanes": "2", "osm_decks": [442212514]}, "geometry": {"type": "Point", "coordinates": [-91.322439, 44.148125]}}, {"type": "Feature", "properties": {"layer": "nbi", "id": "B61020500000000", "carries": "LRD WHALEN ROAD", "over": "SALSWEDEL COULEE CREEK", "year_built": 2008, "material": "aluminum/iron", "design": "culvert", "spans": 1, "max_span_m": 7.8, "length_m": 8.1, "deck_width_m": 0, "roadway_width_m": 0, "lanes": "2"}, "geometry": {"type": "Point", "coordinates": [-91.210222, 44.153444]}}, {"type": "Feature", "properties": {"layer": "nbi", "id": "B61020600000000", "carries": "CTH D", "over": "BRUCE VALLEY CREEK", "year_built": 2010, "material": "prestressed concrete", "design": "stringer/girder", "spans": 1, "max_span_m": 20.7, "length_m": 22.3, "deck_width_m": 9.9, "roadway_width_m": 9.1, "lanes": "2"}, "geometry": {"type": "Point", "coordinates": [-91.3616389, 44.445528]}}, {"type": "Feature", "properties": {"layer": "nbi", "id": "B61020700000000", "carries": "LRD RIVER VALLEY D", "over": "BR TREMPEALEAU R", "year_built": 2010, "material": "concrete", "design": "slab", "spans": 1, "max_span_m": 13.4, "length_m": 14.3, "deck_width_m": 8.5, "roadway_width_m": 7.9, "lanes": "2"}, "geometry": {"type": "Point", "coordinates": [-91.447072, 44.302333]}}, {"type": "Feature", "properties": {"layer": "nbi", "id": "B61020800000000", "carries": "LRD SYLLA RD (DEAD", "over": "BORST VALLEY CREEK", "year_built": 2010, "material": "concrete", "design": "slab", "spans": 1, "max_span_m": 12.8, "length_m": 13.8, "deck_width_m": 7.9, "roadway_width_m": 7.3, "lanes": "2"}, "geometry": {"type": "Point", "coordinates": [-91.473889, 44.429167]}}, {"type": "Feature", "properties": {"layer": "nbi", "id": "B61021000000000", "carries": "CTH G", "over": "PINE CR", "year_built": 2010, "material": "concrete", "design": "slab", "spans": 1, "max_span_m": 12.2, "length_m": 13, "deck_width_m": 9.9, "roadway_width_m": 9.1, "lanes": "2"}, "geometry": {"type": "Point", "coordinates": [-91.519694, 44.105306]}}, {"type": "Feature", "properties": {"layer": "nbi", "id": "B61021100000000", "carries": "STH 93 NB & SB", "over": "ELK CREEK", "year_built": 2014, "material": "prestressed concrete", "design": "stringer/girder", "spans": 3, "max_span_m": 15.8, "length_m": 48.7, "deck_width_m": 16.8, "roadway_width_m": 16, "lanes": "2", "osm_decks": [1094271175]}, "geometry": {"type": "Point", "coordinates": [-91.420028, 44.358194]}}, {"type": "Feature", "properties": {"layer": "nbi", "id": "B61021200000000", "carries": "LRD ANGUS LANE (DE", "over": "TROUT RUN CR", "year_built": 2010, "material": "concrete continuous", "design": "slab", "spans": 1, "max_span_m": 7.6, "length_m": 8.2, "deck_width_m": 7.9, "roadway_width_m": 7.3, "lanes": "2"}, "geometry": {"type": "Point", "coordinates": [-91.542083, 44.200083]}}, {"type": "Feature", "properties": {"layer": "nbi", "id": "B61021500000000", "carries": "IH 94 EB", "over": "CTH NN / BUFFALO RIVER S", "year_built": 2020, "material": "prestressed concrete", "design": "stringer/girder", "spans": 1, "max_span_m": 43.9, "length_m": 45.3, "deck_width_m": 19.2, "roadway_width_m": 18.3, "lanes": "3", "osm_decks": [51063795]}, "geometry": {"type": "Point", "coordinates": [-91.2123, 44.5888]}}, {"type": "Feature", "properties": {"layer": "nbi", "id": "B61021600000000", "carries": "IH 94 WB", "over": "CTH NN / BUFFALO RIVER S", "year_built": 2019, "material": "prestressed concrete", "design": "stringer/girder", "spans": 1, "max_span_m": 43.9, "length_m": 45.3, "deck_width_m": 19.1, "roadway_width_m": 18.3, "lanes": "2", "osm_decks": [51063797]}, "geometry": {"type": "Point", "coordinates": [-91.212, 44.5889]}}, {"type": "Feature", "properties": {"layer": "nbi", "id": "B61021700000000", "carries": "IH 94 EB", "over": "BUFFALO RIVER", "year_built": 2020, "material": "prestressed concrete", "design": "stringer/girder", "spans": 1, "max_span_m": 39, "length_m": 40.4, "deck_width_m": 19.2, "roadway_width_m": 18.3, "lanes": "3", "osm_decks": [426198691]}, "geometry": {"type": "Point", "coordinates": [-91.211694, 44.588]}}, {"type": "Feature", "properties": {"layer": "nbi", "id": "B61021800000000", "carries": "IH 94 WB", "over": "BUFFALO RIVER", "year_built": 2019, "material": "prestressed concrete", "design": "stringer/girder", "spans": 1, "max_span_m": 39, "length_m": 40.4, "deck_width_m": 19.1, "roadway_width_m": 18.3, "lanes": "2", "osm_decks": [426198694]}, "geometry": {"type": "Point", "coordinates": [-91.211389, 44.588083]}}, {"type": "Feature", "properties": {"layer": "nbi", "id": "B61021900000000", "carries": "LRD RIPHENBURG RD", "over": "KING CREEK", "year_built": 2018, "material": "concrete", "design": "slab", "spans": 1, "max_span_m": 11, "length_m": 11.8, "deck_width_m": 8.1, "roadway_width_m": 7.3, "lanes": "2", "osm_decks": [1435152314]}, "geometry": {"type": "Point", "coordinates": [-91.261028, 44.56125]}}, {"type": "Feature", "properties": {"layer": "nbi", "id": "B61022000000000", "carries": "LRD SOLFEST ROAD", "over": "CHIMNEY ROCK CREEK", "year_built": 2014, "material": "concrete", "design": "slab", "spans": 1, "max_span_m": 9.8, "length_m": 10.5, "deck_width_m": 7.9, "roadway_width_m": 7.3, "lanes": "2"}, "geometry": {"type": "Point", "coordinates": [-91.420833, 44.474333]}}, {"type": "Feature", "properties": {"layer": "nbi", "id": "B61022100000000", "carries": "CTH F", "over": "TAMARACK CREEK", "year_built": 2017, "material": "concrete continuous", "design": "slab", "spans": 2, "max_span_m": 9.8, "length_m": 20.3, "deck_width_m": 9.3, "roadway_width_m": 8.5, "lanes": "2"}, "geometry": {"type": "Point", "coordinates": [-91.4609719, 44.072389]}}, {"type": "Feature", "properties": {"layer": "nbi", "id": "B61022200000000", "carries": "CTH O", "over": "ELK CREEK", "year_built": 2018, "material": "concrete continuous", "design": "slab", "spans": 3, "max_span_m": 9.8, "length_m": 25.1, "deck_width_m": 9.3, "roadway_width_m": 8.5, "lanes": "2"}, "geometry": {"type": "Point", "coordinates": [-91.305411, 44.454719]}}, {"type": "Feature", "properties": {"layer": "nbi", "id": "B61022300000000", "carries": "CTH O", "over": "N BRANCH ELK CREEK", "year_built": 2018, "material": "concrete", "design": "slab", "spans": 1, "max_span_m": 10.7, "length_m": 11.5, "deck_width_m": 9.9, "roadway_width_m": 9.1, "lanes": "2"}, "geometry": {"type": "Point", "coordinates": [-91.290594, 44.507578]}}, {"type": "Feature", "properties": {"layer": "nbi", "id": "B61022400000000", "carries": "CTH T", "over": "TURTON CREEK", "year_built": 2018, "material": "concrete", "design": "slab", "spans": 1, "max_span_m": 10.4, "length_m": 11.1, "deck_width_m": 10, "roadway_width_m": 9.2, "lanes": "2"}, "geometry": {"type": "Point", "coordinates": [-91.3868, 44.2257]}}, {"type": "Feature", "properties": {"layer": "nbi", "id": "B61022500000000", "carries": "LRD LYGA VALLEY RD", "over": "TRAVERSE VALLEY CREEK", "year_built": 2018, "material": "concrete", "design": "slab", "spans": 1, "max_span_m": 12.8, "length_m": 13.6, "deck_width_m": 8.2, "roadway_width_m": 7.4, "lanes": "2", "osm_decks": [1104813566]}, "geometry": {"type": "Point", "coordinates": [-91.510361, 44.381056]}}, {"type": "Feature", "properties": {"layer": "nbi", "id": "B61022600000000", "carries": "LRD LEQUE LANE (DE", "over": "N FK BEAVER CREEK", "year_built": 2017, "material": "concrete continuous", "design": "slab", "spans": 2, "max_span_m": 9.1, "length_m": 19.1, "deck_width_m": 8.1, "roadway_width_m": 7.3, "lanes": "2"}, "geometry": {"type": "Point", "coordinates": [-91.212711, 44.213833]}}, {"type": "Feature", "properties": {"layer": "nbi", "id": "B61022700000000", "carries": "LRD NORDIE LANE (D", "over": "N FK BEAVER CREEK", "year_built": 2017, "material": "concrete continuous", "design": "slab", "spans": 2, "max_span_m": 9.1, "length_m": 19.1, "deck_width_m": 8.1, "roadway_width_m": 7.3, "lanes": "1"}, "geometry": {"type": "Point", "coordinates": [-91.227308, 44.205108]}}, {"type": "Feature", "properties": {"layer": "nbi", "id": "B61022900000000", "carries": "CTH D", "over": "BR FRENCH CREEK", "year_built": 2019, "material": "concrete", "design": "slab", "spans": 1, "max_span_m": 12.2, "length_m": 13.1, "deck_width_m": 9.3, "roadway_width_m": 8.5, "lanes": "2"}, "geometry": {"type": "Point", "coordinates": [-91.338278, 44.23725]}}, {"type": "Feature", "properties": {"layer": "nbi", "id": "B61023000000000", "carries": "CTH D", "over": "S FK BEAVER CREEK", "year_built": 2020, "material": "concrete continuous", "design": "slab", "spans": 3, "max_span_m": 12.8, "length_m": 37.3, "deck_width_m": 9.3, "roadway_width_m": 8.5, "lanes": "2"}, "geometry": {"type": "Point", "coordinates": [-91.267639, 44.164667]}}, {"type": "Feature", "properties": {"layer": "nbi", "id": "B61023100000000", "carries": "CTH I", "over": "BIG CREEK", "year_built": 2019, "material": "concrete", "design": "slab", "spans": 1, "max_span_m": 10.4, "length_m": 11.1, "deck_width_m": 9.3, "roadway_width_m": 8.5, "lanes": "2"}, "geometry": {"type": "Point", "coordinates": [-91.438, 44.589222]}}, {"type": "Feature", "properties": {"layer": "nbi", "id": "B61023200000000", "carries": "LRD DOPP RD", "over": "SMIKRUD COULEE CREEK", "year_built": 2020, "material": "prestressed concrete", "design": "stringer/girder", "spans": 1, "max_span_m": 13.4, "length_m": 14.2, "deck_width_m": 8.1, "roadway_width_m": 7.3, "lanes": "2"}, "geometry": {"type": "Point", "coordinates": [-91.267444, 44.161917]}}, {"type": "Feature", "properties": {"layer": "nbi", "id": "B61023300000000", "carries": "LRD CREEK RD", "over": "PLUM CREEK", "year_built": 2020, "material": "concrete", "design": "slab", "spans": 1, "max_span_m": 10.4, "length_m": 11.1, "deck_width_m": 9.3, "roadway_width_m": 8.5, "lanes": "2", "osm_decks": [1112067744]}, "geometry": {"type": "Point", "coordinates": [-91.419889, 44.33425]}}, {"type": "Feature", "properties": {"layer": "nbi", "id": "B61023400000000", "carries": "CTH P", "over": "BIG SLOUGH CREEK", "year_built": 2019, "material": "concrete", "design": "slab", "spans": 1, "max_span_m": 11, "length_m": 11.8, "deck_width_m": 9.9, "roadway_width_m": 9.1, "lanes": "2"}, "geometry": {"type": "Point", "coordinates": [-91.172167, 44.414694]}}, {"type": "Feature", "properties": {"layer": "nbi", "id": "B61023800000000", "carries": "USH 53", "over": "BR N FK BEAVER CREEK", "year_built": 2019, "material": "prestressed concrete", "design": "stringer/girder", "spans": 1, "max_span_m": 16.2, "length_m": 17.5, "deck_width_m": 13, "roadway_width_m": 12.2, "lanes": "2"}, "geometry": {"type": "Point", "coordinates": [-91.241467, 44.199192]}}, {"type": "Feature", "properties": {"layer": "nbi", "id": "B61023900000000", "carries": "STH 93", "over": "ADAMS CREEK", "year_built": 2016, "material": "prestressed concrete", "design": "stringer/girder", "spans": 1, "max_span_m": 16.5, "length_m": 18.1, "deck_width_m": 14.2, "roadway_width_m": 13.4, "lanes": "2"}, "geometry": {"type": "Point", "coordinates": [-91.468167, 44.58885]}}, {"type": "Feature", "properties": {"layer": "nbi", "id": "B61024000000000", "carries": "CTH OO", "over": "BR N BR ELK CREEK", "year_built": 2021, "material": "prestressed concrete", "design": "stringer/girder", "spans": 1, "max_span_m": 15.2, "length_m": 16, "deck_width_m": 8.7, "roadway_width_m": 7.9, "lanes": "2"}, "geometry": {"type": "Point", "coordinates": [-91.29225, 44.487306]}}, {"type": "Feature", "properties": {"layer": "nbi", "id": "B61024100000000", "carries": "CTH G", "over": "TAMARACK CREEK", "year_built": 2021, "material": "concrete", "design": "slab", "spans": 1, "max_span_m": 15.2, "length_m": 16, "deck_width_m": 9.3, "roadway_width_m": 8.7, "lanes": "2"}, "geometry": {"type": "Point", "coordinates": [-91.523194, 44.074889]}}, {"type": "Feature", "properties": {"layer": "nbi", "id": "B61024200000000", "carries": "LRD PYKA ROAD", "over": "NORTH CREEK", "year_built": 2022, "material": "concrete", "design": "slab", "spans": 1, "max_span_m": 11, "length_m": 11.9, "deck_width_m": 8.1, "roadway_width_m": 7.3, "lanes": "2"}, "geometry": {"type": "Point", "coordinates": [-91.3690001, 44.2775]}}, {"type": "Feature", "properties": {"layer": "nbi", "id": "B61024300000000", "carries": "LRD KOWAHL ROAD (D", "over": "NORTH BRANCH ELK CREEK", "year_built": 2022, "material": "concrete", "design": "slab", "spans": 1, "max_span_m": 12.2, "length_m": 13, "deck_width_m": 8.7, "roadway_width_m": 7.9, "lanes": "2"}, "geometry": {"type": "Point", "coordinates": [-91.363019, 44.440131]}}, {"type": "Feature", "properties": {"layer": "nbi", "id": "B61024400000000", "carries": "LRD RAINEY VALLEY", "over": "RAINEY VALLEY CREEK", "year_built": 2023, "material": "concrete", "design": "slab", "spans": 1, "max_span_m": 11, "length_m": 11.8, "deck_width_m": 8.1, "roadway_width_m": 7.3, "lanes": "2"}, "geometry": {"type": "Point", "coordinates": [-91.4982, 44.2679]}}, {"type": "Feature", "properties": {"layer": "nbi", "id": "B61024500000000", "carries": "LRD JOE COULEE ROA", "over": "NORTH FORK BEAVER CREEK", "year_built": 2022, "material": "concrete", "design": "slab", "spans": 1, "max_span_m": 13.1, "length_m": 13.9, "deck_width_m": 8.1, "roadway_width_m": 7.3, "lanes": "2"}, "geometry": {"type": "Point", "coordinates": [-91.178, 44.2107]}}, {"type": "Feature", "properties": {"layer": "nbi", "id": "B61024600000000", "carries": "LRD HAGESTAD ROAD", "over": "N FORK BEAVER CREEK", "year_built": 2022, "material": "concrete continuous", "design": "slab", "spans": 2, "max_span_m": 9.8, "length_m": 20.3, "deck_width_m": 8.1, "roadway_width_m": 7.3, "lanes": "2", "osm_decks": [1266231386]}, "geometry": {"type": "Point", "coordinates": [-91.251, 44.19375]}}, {"type": "Feature", "properties": {"layer": "nbi", "id": "B61024700000000", "carries": "CTH D/MAIN ST", "over": "IRVIN CREEK", "year_built": 2022, "material": "prestressed concrete", "design": "stringer/girder", "spans": 1, "max_span_m": 18.3, "length_m": 19.1, "deck_width_m": 11.7, "roadway_width_m": 11, "lanes": "2"}, "geometry": {"type": "Point", "coordinates": [-91.317003, 44.357183]}}, {"type": "Feature", "properties": {"layer": "nbi", "id": "B61024800000000", "carries": "LRD BRADLEY ROAD", "over": "SALVA COULEE CREEK", "year_built": 2021, "material": "concrete", "design": "slab", "spans": 1, "max_span_m": 10.1, "length_m": 10.8, "deck_width_m": 8.1, "roadway_width_m": 7.3, "lanes": "2"}, "geometry": {"type": "Point", "coordinates": [-91.2349441, 44.263444]}}, {"type": "Feature", "properties": {"layer": "nbi", "id": "B61024900000000", "carries": "LRD SONSALLA RD", "over": "TAMARACK CREEK", "year_built": 2022, "material": "prestressed concrete", "design": "stringer/girder", "spans": 1, "max_span_m": 18.9, "length_m": 19.7, "deck_width_m": 8.1, "roadway_width_m": 7.3, "lanes": "2"}, "geometry": {"type": "Point", "coordinates": [-91.476, 44.0653]}}, {"type": "Feature", "properties": {"layer": "nbi", "id": "B61028200000000", "carries": "USH 10-USH 53-10TH", "over": "BUFFALO RIVER", "year_built": 1937, "material": "steel", "design": "stringer/girder", "spans": 1, "max_span_m": 16, "length_m": 17.1, "deck_width_m": 18.6, "roadway_width_m": 16, "lanes": "2", "osm_decks": [485529838]}, "geometry": {"type": "Point", "coordinates": [-91.225847, 44.579411]}}, {"type": "Feature", "properties": {"layer": "nbi", "id": "B61028300000000", "carries": "USH 10-USH 53", "over": "BUFFALO RIVER", "year_built": 1937, "material": "steel", "design": "stringer/girder", "spans": 1, "max_span_m": 9.6, "length_m": 10.4, "deck_width_m": 14, "roadway_width_m": 13.4, "lanes": "2"}, "geometry": {"type": "Point", "coordinates": [-91.241931, 44.579492]}}, {"type": "Feature", "properties": {"layer": "nbi", "id": "B61028500000000", "carries": "STH 35", "over": "TREMPEALEAU RIVER EAST C", "year_built": 2022, "material": "prestressed concrete continuous", "design": "stringer/girder", "spans": 5, "max_span_m": 33.5, "length_m": 150.3, "deck_width_m": 14.3, "roadway_width_m": 13.4, "lanes": "2"}, "geometry": {"type": "Point", "coordinates": [-91.5410471, 44.069942]}}, {"type": "Feature", "properties": {"layer": "nbi", "id": "B61028600000000", "carries": "STH 35", "over": "TREMPEALEAU RIVER WEST C", "year_built": 2022, "material": "prestressed concrete continuous", "design": "stringer/girder", "spans": 2, "max_span_m": 33.5, "length_m": 68.4, "deck_width_m": 14.3, "roadway_width_m": 13.4, "lanes": "2", "osm_decks": [160420675]}, "geometry": {"type": "Point", "coordinates": [-91.549969, 44.071431]}}, {"type": "Feature", "properties": {"layer": "nbi", "id": "B61028700000000", "carries": "STH 93", "over": "TROUT CREEK", "year_built": 2023, "material": "prestressed concrete", "design": "stringer/girder", "spans": 1, "max_span_m": 18.9, "length_m": 20.3, "deck_width_m": 14.3, "roadway_width_m": 13.4, "lanes": "2", "osm_decks": [305352403]}, "geometry": {"type": "Point", "coordinates": [-91.458028, 44.554139]}}, {"type": "Feature", "properties": {"layer": "nbi", "id": "B61028900000000", "carries": "USH 53", "over": "BRANCH REYNOLDS COULEE C", "year_built": 2022, "material": "concrete", "design": "culvert", "spans": 2, "max_span_m": 3.9, "length_m": 8.1, "deck_width_m": 0, "roadway_width_m": 0, "lanes": "2"}, "geometry": {"type": "Point", "coordinates": [-91.241667, 44.276389]}}, {"type": "Feature", "properties": {"layer": "nbi", "id": "B61029000000000", "carries": "USH 53", "over": "REYNOLDS COULEE CREEK", "year_built": 2022, "material": "concrete", "design": "culvert", "spans": 1, "max_span_m": 7.4, "length_m": 7.4, "deck_width_m": 0, "roadway_width_m": 0, "lanes": "2"}, "geometry": {"type": "Point", "coordinates": [-91.241667, 44.273889]}}, {"type": "Feature", "properties": {"layer": "nbi", "id": "B61054600000000", "carries": "STH 93-MAIN ST", "over": "BUFFALO RIVER", "year_built": 1948, "material": "steel continuous", "design": "stringer/girder", "spans": 3, "max_span_m": 22.9, "length_m": 61, "deck_width_m": 11.6, "roadway_width_m": 11, "lanes": "2"}, "geometry": {"type": "Point", "coordinates": [-91.471061, 44.570886]}}, {"type": "Feature", "properties": {"layer": "nbi", "id": "B61075100000000", "carries": "USH 53", "over": "BEAVER CREEK", "year_built": 1942, "material": "steel continuous", "design": "stringer/girder", "spans": 3, "max_span_m": 15.2, "length_m": 41.4, "deck_width_m": 11, "roadway_width_m": 10.4, "lanes": "2", "osm_decks": [442212521]}, "geometry": {"type": "Point", "coordinates": [-91.252914, 44.190097]}}, {"type": "Feature", "properties": {"layer": "nbi", "id": "B61088200000000", "carries": "USH 10", "over": "LINDSAY CREEK", "year_built": 1948, "material": "steel", "design": "stringer/girder", "spans": 1, "max_span_m": 18.8, "length_m": 20.2, "deck_width_m": 9.8, "roadway_width_m": 9.1, "lanes": "2"}, "geometry": {"type": "Point", "coordinates": [-91.513272, 44.58145]}}, {"type": "Feature", "properties": {"layer": "nbi", "id": "B61095000000000", "carries": "USH 53-STH 121", "over": "FITCH COULEE CREEK", "year_built": 1932, "material": "steel", "design": "stringer/girder", "spans": 1, "max_span_m": 11, "length_m": 11.2, "deck_width_m": 13.7, "roadway_width_m": 12.8, "lanes": "2"}, "geometry": {"type": "Point", "coordinates": [-91.244125, 44.401039]}}, {"type": "Feature", "properties": {"layer": "nbi", "id": "B61097400000000", "carries": "USH 53-ERVIN ST", "over": "IRVIN CREEK", "year_built": 1935, "material": "steel", "design": "stringer/girder", "spans": 1, "max_span_m": 6.7, "length_m": 6.7, "deck_width_m": 17.7, "roadway_width_m": 14.6, "lanes": "2"}, "geometry": {"type": "Point", "coordinates": [-91.3146079, 44.363694]}}, {"type": "Feature", "properties": {"layer": "nbi", "id": "P06008000000000", "carries": "CTH E", "over": "LITTLE WAUMANDEE CREEK", "year_built": 1952, "material": "wood/timber", "design": "slab", "spans": 2, "max_span_m": 7.2, "length_m": 14.6, "deck_width_m": 7.9, "roadway_width_m": 7.5, "lanes": "2", "osm_decks": [1120164271]}, "geometry": {"type": "Point", "coordinates": [-91.773333, 44.315833]}}, {"type": "Feature", "properties": {"layer": "nbi", "id": "P06009000000000", "carries": "CTH G", "over": "BR EAGLE RIVER", "year_built": 1969, "material": "steel", "design": "stringer/girder", "spans": 2, "max_span_m": 7.3, "length_m": 14.6, "deck_width_m": 8, "roadway_width_m": 7.9, "lanes": "2", "osm_decks": [302658438]}, "geometry": {"type": "Point", "coordinates": [-91.6975, 44.176667]}}, {"type": "Feature", "properties": {"layer": "nbi", "id": "P06009100000000", "carries": "CTH G", "over": "EAGLE CREEK", "year_built": 1917, "material": "concrete", "design": "stringer/girder", "spans": 1, "max_span_m": 10.9, "length_m": 11.9, "deck_width_m": 6.7, "roadway_width_m": 5.6, "lanes": "2", "osm_decks": [302658436]}, "geometry": {"type": "Point", "coordinates": [-91.7, 44.168333]}}, {"type": "Feature", "properties": {"layer": "nbi", "id": "P06011700000000", "carries": "CTH HH", "over": "ARMOUR VALLEY CREEK", "year_built": 1922, "material": "steel", "design": "stringer/girder", "spans": 1, "max_span_m": 10.7, "length_m": 11.3, "deck_width_m": 7.6, "roadway_width_m": 7.3, "lanes": "2", "osm_decks": [905514158]}, "geometry": {"type": "Point", "coordinates": [-91.6425001, 44.553333]}}, {"type": "Feature", "properties": {"layer": "nbi", "id": "P06011900000000", "carries": "LRD WARD RD", "over": "ARMOUR VALLEY CREEK", "year_built": 1945, "material": "steel", "design": "stringer/girder", "spans": 1, "max_span_m": 9.1, "length_m": 9.5, "deck_width_m": 5.5, "roadway_width_m": 5.2, "lanes": "1"}, "geometry": {"type": "Point", "coordinates": [-91.629722, 44.531944]}}, {"type": "Feature", "properties": {"layer": "nbi", "id": "P06013700000000", "carries": "CTH D", "over": "GILMAN VALLEY CREEK", "year_built": 1928, "material": "steel", "design": "stringer/girder", "spans": 1, "max_span_m": 8.2, "length_m": 8.4, "deck_width_m": 7.3, "roadway_width_m": 7, "lanes": "2", "osm_decks": [241736462]}, "geometry": {"type": "Point", "coordinates": [-91.7352781, 44.481389]}}, {"type": "Feature", "properties": {"layer": "nbi", "id": "P06014100000000", "carries": "LRD SAND ROAD", "over": "ELK CREEK", "year_built": 1979, "material": "steel", "design": "stringer/girder", "spans": 2, "max_span_m": 7.2, "length_m": 14.8, "deck_width_m": 7.6, "roadway_width_m": 7.3, "lanes": "2", "osm_decks": [1506887002]}, "geometry": {"type": "Point", "coordinates": [-91.7, 44.469444]}}, {"type": "Feature", "properties": {"layer": "nbi", "id": "P06014300000000", "carries": "LRD HOVEY VALLEY R", "over": "ELK CREEK", "year_built": 1927, "material": "steel", "design": "stringer/girder", "spans": 1, "max_span_m": 11.3, "length_m": 11.9, "deck_width_m": 6.2, "roadway_width_m": 6.1, "lanes": "2"}, "geometry": {"type": "Point", "coordinates": [-91.6, 44.497222]}}, {"type": "Feature", "properties": {"layer": "nbi", "id": "P06015800000000", "carries": "LRD YAEGER VALLEY", "over": "BR WAUMANDEE CREEK", "year_built": 1922, "material": "steel", "design": "stringer/girder", "spans": 1, "max_span_m": 7, "length_m": 7.6, "deck_width_m": 7.4, "roadway_width_m": 7.1, "lanes": "2"}, "geometry": {"type": "Point", "coordinates": [-91.777778, 44.269167]}}, {"type": "Feature", "properties": {"layer": "nbi", "id": "P06016000000000", "carries": "LRD BLOCK RD (DEAD", "over": "LITTLE WAUMANDEE CREEK", "year_built": 1926, "material": "steel", "design": "stringer/girder", "spans": 1, "max_span_m": 8.5, "length_m": 9.3, "deck_width_m": 4.8, "roadway_width_m": 4.5, "lanes": "1"}, "geometry": {"type": "Point", "coordinates": [-91.756944, 44.285556]}}, {"type": "Feature", "properties": {"layer": "nbi", "id": "P06017000000000", "carries": "LRD FOUR CORNERS R", "over": "BOLAND VALLEY CREEK", "year_built": 1930, "material": "concrete", "design": "stringer/girder", "spans": 1, "max_span_m": 9.4, "length_m": 10.5, "deck_width_m": 6.5, "roadway_width_m": 6.1, "lanes": "2"}, "geometry": {"type": "Point", "coordinates": [-91.5499999, 44.244167]}}, {"type": "Feature", "properties": {"layer": "nbi", "id": "P06017200000000", "carries": "LRD RIVER RD", "over": "BR TREMPEALEAU RIVER", "year_built": 1917, "material": "concrete", "design": "slab", "spans": 1, "max_span_m": 9.5, "length_m": 10.4, "deck_width_m": 5.9, "roadway_width_m": 4.8, "lanes": "1", "osm_decks": [1490651702]}, "geometry": {"type": "Point", "coordinates": [-91.593417, 44.219]}}, {"type": "Feature", "properties": {"layer": "nbi", "id": "P06018500000000", "carries": "LRD BAERTSCH VALLE", "over": "BR EAGLE CREEK", "year_built": 1930, "material": "steel", "design": "stringer/girder", "spans": 1, "max_span_m": 9.4, "length_m": 9.9, "deck_width_m": 4.9, "roadway_width_m": 4.6, "lanes": "1"}, "geometry": {"type": "Point", "coordinates": [-91.670167, 44.153333]}}, {"type": "Feature", "properties": {"layer": "nbi", "id": "P06070100000000", "carries": "LRD OLD STH 35 (DE", "over": "MISSISSIPPI RIVER TRIB", "year_built": 1926, "material": "concrete", "design": "stringer/girder", "spans": 1, "max_span_m": 9.4, "length_m": 10.1, "deck_width_m": 8, "roadway_width_m": 7.2, "lanes": "2", "osm_decks": [305935046]}, "geometry": {"type": "Point", "coordinates": [-91.6795, 44.101583]}}, {"type": "Feature", "properties": {"layer": "nbi", "id": "P06090200000000", "carries": "CTH Y", "over": "ROSSMAN CREEK", "year_built": 1976, "material": "wood/timber", "design": "slab", "spans": 1, "max_span_m": 7, "length_m": 7.3, "deck_width_m": 9.8, "roadway_width_m": 9.2, "lanes": "2"}, "geometry": {"type": "Point", "coordinates": [-91.529167, 44.538889]}}, {"type": "Feature", "properties": {"layer": "nbi", "id": "P06090700000000", "carries": "LRD RICHARD RD", "over": "S BR ELK CREEK", "year_built": 1950, "material": "steel", "design": "stringer/girder", "spans": 1, "max_span_m": 9.8, "length_m": 10.1, "deck_width_m": 5, "roadway_width_m": 4.6, "lanes": "1", "osm_decks": [1364900063]}, "geometry": {"type": "Point", "coordinates": [-91.63, 44.467222]}}, {"type": "Feature", "properties": {"layer": "nbi", "id": "P06090900000000", "carries": "CTH C", "over": "BR SWINNS VALLEY CREEK", "year_built": 1953, "material": "wood/timber", "design": "slab", "spans": 1, "max_span_m": 7, "length_m": 7.4, "deck_width_m": 7.1, "roadway_width_m": 6.9, "lanes": "2", "osm_decks": [1120164061]}, "geometry": {"type": "Point", "coordinates": [-91.554444, 44.298056]}}, {"type": "Feature", "properties": {"layer": "nbi", "id": "P06091000000000", "carries": "LRD H & R DR (DEAD", "over": "SWINNS VALLEY CREEK", "year_built": 1968, "material": "steel", "design": "stringer/girder", "spans": 1, "max_span_m": 10.1, "length_m": 10.5, "deck_width_m": 7.3, "roadway_width_m": 7.3, "lanes": "2"}, "geometry": {"type": "Point", "coordinates": [-91.545833, 44.268333]}}, {"type": "Feature", "properties": {"layer": "nbi", "id": "P06091200000000", "carries": "CTH XX", "over": "JOHNS VALLEY CREEK", "year_built": 1925, "material": "steel", "design": "stringer/girder", "spans": 1, "max_span_m": 6.9, "length_m": 7.5, "deck_width_m": 5.9, "roadway_width_m": 5.9, "lanes": "2"}, "geometry": {"type": "Point", "coordinates": [-91.698611, 44.371111]}}, {"type": "Feature", "properties": {"layer": "nbi", "id": "P06092700000000", "carries": "LRD HEINZ RD (DEAD", "over": "BR WAUMANDEE CREEK", "year_built": 1978, "material": "wood/timber", "design": "slab", "spans": 1, "max_span_m": 7, "length_m": 7.4, "deck_width_m": 7.9, "roadway_width_m": 7.5, "lanes": "2"}, "geometry": {"type": "Point", "coordinates": [-91.661111, 44.388333]}}, {"type": "Feature", "properties": {"layer": "nbi", "id": "P06093000000000", "carries": "CTH U", "over": "BR WAUMANDEE CREEK", "year_built": 1961, "material": "wood/timber", "design": "slab", "spans": 2, "max_span_m": 7.2, "length_m": 14.6, "deck_width_m": 7.9, "roadway_width_m": 7.5, "lanes": "2", "osm_decks": [1120164081]}, "geometry": {"type": "Point", "coordinates": [-91.664167, 44.345278]}}, {"type": "Feature", "properties": {"layer": "nbi", "id": "P06093600000000", "carries": "LRD SOBOTTA RD (DE", "over": "SWINNS VALLEY CREEK", "year_built": 1968, "material": "steel", "design": "stringer/girder", "spans": 2, "max_span_m": 4.7, "length_m": 9.6, "deck_width_m": 7.4, "roadway_width_m": 7.2, "lanes": "2"}, "geometry": {"type": "Point", "coordinates": [-91.569444, 44.31]}}, {"type": "Feature", "properties": {"layer": "nbi", "id": "P06093900000000", "carries": "LRD SCHMIDT RD (DE", "over": "LITTLE WAUMANDEE CREEK", "year_built": 1971, "material": "steel", "design": "stringer/girder", "spans": 1, "max_span_m": 9.4, "length_m": 9.4, "deck_width_m": 7.3, "roadway_width_m": 7, "lanes": "2"}, "geometry": {"type": "Point", "coordinates": [-91.7775, 44.341944]}}, {"type": "Feature", "properties": {"layer": "nbi", "id": "P06094000000000", "carries": "LRD KAMROWSKI RD", "over": "MISSISSIPPI RIVER TRIB", "year_built": 1971, "material": "steel", "design": "stringer/girder", "spans": 1, "max_span_m": 6.9, "length_m": 7.3, "deck_width_m": 7.9, "roadway_width_m": 7.7, "lanes": "2", "osm_decks": [160502768]}, "geometry": {"type": "Point", "coordinates": [-91.778333, 44.175278]}}, {"type": "Feature", "properties": {"layer": "nbi", "id": "P06094200000000", "carries": "CTH KK", "over": "LEE VALLEY CREEK", "year_built": 1974, "material": "steel", "design": "stringer/girder", "spans": 1, "max_span_m": 7.1, "length_m": 7.6, "deck_width_m": 8.9, "roadway_width_m": 8.7, "lanes": "2"}, "geometry": {"type": "Point", "coordinates": [-91.804722, 44.428333]}}, {"type": "Feature", "properties": {"layer": "nbi", "id": "P06094400000000", "carries": "CTH X", "over": "WAUMANDEE CREEK", "year_built": 1975, "material": "prestressed concrete", "design": "channel beam", "spans": 1, "max_span_m": 10.1, "length_m": 10.7, "deck_width_m": 9.5, "roadway_width_m": 9, "lanes": "2"}, "geometry": {"type": "Point", "coordinates": [-91.6297219, 44.385]}}, {"type": "Feature", "properties": {"layer": "nbi", "id": "P06094500000000", "carries": "CTH OO", "over": "ROSE VALLEY CREEK", "year_built": 1960, "material": "steel", "design": "stringer/girder", "spans": 1, "max_span_m": 7, "length_m": 7.5, "deck_width_m": 9.2, "roadway_width_m": 9.1, "lanes": "2", "osm_decks": [318447831]}, "geometry": {"type": "Point", "coordinates": [-91.833333, 44.216111]}}, {"type": "Feature", "properties": {"layer": "nbi", "id": "P06094700000000", "carries": "LRD LEYKOM RD (DEA", "over": "BR WAUMANDEE CREEK", "year_built": 1978, "material": "wood/timber", "design": "slab", "spans": 1, "max_span_m": 7, "length_m": 7.5, "deck_width_m": 7.9, "roadway_width_m": 7.5, "lanes": "2"}, "geometry": {"type": "Point", "coordinates": [-91.705569, 44.263183]}}, {"type": "Feature", "properties": {"layer": "nbi", "id": "P06095300000000", "carries": "LRD ROSE VALLEY RD", "over": "BR ROSE VALLEY CREEK", "year_built": 1955, "material": "steel", "design": "stringer/girder", "spans": 1, "max_span_m": 6.3, "length_m": 6.9, "deck_width_m": 6.1, "roadway_width_m": 5.9, "lanes": "2"}, "geometry": {"type": "Point", "coordinates": [-91.814722, 44.231944]}}, {"type": "Feature", "properties": {"layer": "nbi", "id": "P06095500000000", "carries": "LRD UPPER RIVER RD", "over": "BR TREMPLEAU RIVER", "year_built": 1978, "material": "wood/timber", "design": "slab", "spans": 1, "max_span_m": 7, "length_m": 7.4, "deck_width_m": 7.9, "roadway_width_m": 7.5, "lanes": "2"}, "geometry": {"type": "Point", "coordinates": [-91.621389, 44.189444]}}, {"type": "Feature", "properties": {"layer": "nbi", "id": "P06095700000000", "carries": "LRD SCHAFFNER VALL", "over": "BR EAGLE CREEK", "year_built": 1978, "material": "wood/timber", "design": "slab", "spans": 1, "max_span_m": 7, "length_m": 7.5, "deck_width_m": 7.9, "roadway_width_m": 7.5, "lanes": "2"}, "geometry": {"type": "Point", "coordinates": [-91.680833, 44.233611]}}, {"type": "Feature", "properties": {"layer": "nbi", "id": "P06096000000000", "carries": "LRD SMEIJA ROAD (D", "over": "SWINNS VALLEY CRK", "year_built": 1980, "material": "steel", "design": "stringer/girder", "spans": 1, "max_span_m": 6.7, "length_m": 7.2, "deck_width_m": 7.3, "roadway_width_m": 7.1, "lanes": "2"}, "geometry": {"type": "Point", "coordinates": [-91.555278, 44.308056]}}, {"type": "Feature", "properties": {"layer": "nbi", "id": "P06096200000000", "carries": "LRD MOTTS ROAD (DE", "over": "TAMARACK RIVER", "year_built": 1982, "material": "steel", "design": "stringer/girder", "spans": 1, "max_span_m": 6.4, "length_m": 6.7, "deck_width_m": 7.3, "roadway_width_m": 7.3, "lanes": "2", "osm_decks": [567246880]}, "geometry": {"type": "Point", "coordinates": [-91.817222, 44.483889]}}, {"type": "Feature", "properties": {"layer": "nbi", "id": "P06096300000000", "carries": "CTH BB", "over": "BR BUFFALO RIVER", "year_built": 1971, "material": "steel", "design": "stringer/girder", "spans": 1, "max_span_m": 6.6, "length_m": 6.9, "deck_width_m": 8.1, "roadway_width_m": 8.1, "lanes": "2", "osm_decks": [1131222601]}, "geometry": {"type": "Point", "coordinates": [-91.589722, 44.5625]}}, {"type": "Feature", "properties": {"layer": "nbi", "id": "P18007400000000", "carries": "CTH U", "over": "BIG CREEK", "year_built": 1964, "material": "wood/timber", "design": "slab", "spans": 1, "max_span_m": 7.6, "length_m": 7.9, "deck_width_m": 8.4, "roadway_width_m": 8, "lanes": "2", "osm_decks": [461978198]}, "geometry": {"type": "Point", "coordinates": [-91.417722, 44.597333]}}, {"type": "Feature", "properties": {"layer": "nbi", "id": "P18011300000000", "carries": "LRD POND RD", "over": "SCHOOLHOUSE CREEK", "year_built": 1914, "material": "prestressed concrete", "design": "box beam multiple", "spans": 1, "max_span_m": 11, "length_m": 11, "deck_width_m": 7.9, "roadway_width_m": 7.7, "lanes": "2", "osm_decks": [203193505]}, "geometry": {"type": "Point", "coordinates": [-90.95125, 44.610694]}}, {"type": "Feature", "properties": {"layer": "nbi", "id": "P18012100000000", "carries": "CTH Z", "over": "HOYTS CREEK", "year_built": 1964, "material": "wood/timber", "design": "slab", "spans": 1, "max_span_m": 7.6, "length_m": 7.9, "deck_width_m": 8.5, "roadway_width_m": 8.1, "lanes": "2", "osm_decks": [241736466]}, "geometry": {"type": "Point", "coordinates": [-91.629972, 44.599917]}}, {"type": "Feature", "properties": {"layer": "nbi", "id": "P18072200000000", "carries": "CTH H", "over": "SCHOOLHOUSE CREEK", "year_built": 1929, "material": "concrete", "design": "slab", "spans": 1, "max_span_m": 6.6, "length_m": 6.9, "deck_width_m": 10.7, "roadway_width_m": 9.9, "lanes": "2"}, "geometry": {"type": "Point", "coordinates": [-90.9628061, 44.596639]}}, {"type": "Feature", "properties": {"layer": "nbi", "id": "P18072600000000", "carries": "CTH YY", "over": "SCHOOLHOUSE CREEK", "year_built": 1930, "material": "prestressed concrete", "design": "box beam multiple", "spans": 1, "max_span_m": 16.2, "length_m": 17.1, "deck_width_m": 10, "roadway_width_m": 9.9, "lanes": "2", "osm_decks": [203193501]}, "geometry": {"type": "Point", "coordinates": [-90.952722, 44.597139]}}, {"type": "Feature", "properties": {"layer": "nbi", "id": "P27003500000000", "carries": "LRD LAKE RD", "over": "SAND CREEK", "year_built": 1913, "material": "steel", "design": "stringer/girder", "spans": 1, "max_span_m": 7, "length_m": 7.6, "deck_width_m": 4.6, "roadway_width_m": 4.6, "lanes": "1", "osm_decks": [1429092221]}, "geometry": {"type": "Point", "coordinates": [-91.0012191, 44.089314]}}, {"type": "Feature", "properties": {"layer": "nbi", "id": "P27003700000000", "carries": "CTH C", "over": "FRENCH CREEK", "year_built": 1927, "material": "concrete", "design": "culvert", "spans": 1, "max_span_m": 6.9, "length_m": 7.3, "deck_width_m": 0, "roadway_width_m": 0, "lanes": "2"}, "geometry": {"type": "Point", "coordinates": [-91.0136939, 44.262972]}}, {"type": "Feature", "properties": {"layer": "nbi", "id": "P27003900000000", "carries": "CTH G", "over": "PIGEON CREEK", "year_built": 1938, "material": "steel", "design": "stringer/girder", "spans": 1, "max_span_m": 18.9, "length_m": 19.8, "deck_width_m": 8.1, "roadway_width_m": 7.3, "lanes": "2"}, "geometry": {"type": "Point", "coordinates": [-91.145083, 44.450417]}}, {"type": "Feature", "properties": {"layer": "nbi", "id": "P27004400000000", "carries": "LRD W INDIES RD", "over": "BR BLACK RIVER", "year_built": 1928, "material": "concrete", "design": "slab", "spans": 1, "max_span_m": 8.1, "length_m": 8.7, "deck_width_m": 6.8, "roadway_width_m": 6, "lanes": "2", "osm_decks": [1429092196]}, "geometry": {"type": "Point", "coordinates": [-91.017864, 44.129083]}}, {"type": "Feature", "properties": {"layer": "nbi", "id": "P27005500000000", "carries": "CTH G", "over": "CURRAN CREEK", "year_built": 1935, "material": "concrete continuous", "design": "culvert", "spans": 2, "max_span_m": 3, "length_m": 7, "deck_width_m": 0, "roadway_width_m": 0, "lanes": "2"}, "geometry": {"type": "Point", "coordinates": [-91.085083, 44.360083]}}, {"type": "Feature", "properties": {"layer": "nbi", "id": "P27007800000000", "carries": "LRD FEES RD", "over": "BR W FK HALLS CREEK", "year_built": 1935, "material": "concrete continuous", "design": "culvert", "spans": 2, "max_span_m": 3.4, "length_m": 7.5, "deck_width_m": 0, "roadway_width_m": 0, "lanes": "2"}, "geometry": {"type": "Point", "coordinates": [-90.949067, 44.488356]}}, {"type": "Feature", "properties": {"layer": "nbi", "id": "P27010700000000", "carries": "LRD S FRENCH CREEK", "over": "FRENCH CREEK", "year_built": 1977, "material": "prestressed concrete", "design": "channel beam", "spans": 1, "max_span_m": 10.4, "length_m": 12.2, "deck_width_m": 8, "roadway_width_m": 7.4, "lanes": "2"}, "geometry": {"type": "Point", "coordinates": [-91.085672, 44.301664]}}, {"type": "Feature", "properties": {"layer": "nbi", "id": "P27012600000000", "carries": "LRD RAND RD (DEAD", "over": "DOUGLAS CREEK", "year_built": 1930, "material": "steel", "design": "stringer/girder", "spans": 2, "max_span_m": 7.4, "length_m": 15.2, "deck_width_m": 4.9, "roadway_width_m": 4.3, "lanes": "1", "osm_decks": [1507372970]}, "geometry": {"type": "Point", "coordinates": [-91.011144, 44.163983]}}, {"type": "Feature", "properties": {"layer": "nbi", "id": "P27012800000000", "carries": "LRD ROARING CREEK", "over": "ROARING CREEK", "year_built": 1928, "material": "concrete", "design": "stringer/girder", "spans": 1, "max_span_m": 9.7, "length_m": 10.1, "deck_width_m": 6.8, "roadway_width_m": 5.9, "lanes": "2", "osm_decks": [1507372972]}, "geometry": {"type": "Point", "coordinates": [-90.949714, 44.187314]}}, {"type": "Feature", "properties": {"layer": "nbi", "id": "P27013400000000", "carries": "LRD MANSER RD", "over": "MILL CREEK", "year_built": 1925, "material": "concrete", "design": "stringer/girder", "spans": 1, "max_span_m": 9.8, "length_m": 10.2, "deck_width_m": 6.8, "roadway_width_m": 6, "lanes": "2", "osm_decks": [1429092257]}, "geometry": {"type": "Point", "coordinates": [-91.087217, 44.11055]}}, {"type": "Feature", "properties": {"layer": "nbi", "id": "P27013700000000", "carries": "LRD NORTH RD", "over": "BR BLACK RIVER", "year_built": 1935, "material": "concrete", "design": "culvert", "spans": 1, "max_span_m": 7.6, "length_m": 8.4, "deck_width_m": 0, "roadway_width_m": 0, "lanes": "2"}, "geometry": {"type": "Point", "coordinates": [-91.032789, 44.133392]}}, {"type": "Feature", "properties": {"layer": "nbi", "id": "P27090200000000", "carries": "LRD PINE CREEK RD", "over": "BR SQUAW CREEK", "year_built": 1960, "material": "steel", "design": "stringer/girder", "spans": 1, "max_span_m": 7.3, "length_m": 7.7, "deck_width_m": 6.1, "roadway_width_m": 6.1, "lanes": "2"}, "geometry": {"type": "Point", "coordinates": [-90.943831, 44.300961]}}, {"type": "Feature", "properties": {"layer": "nbi", "id": "P27090300000000", "carries": "LRD CURRAN RD (DEA", "over": "CURRAN CREEK", "year_built": 1935, "material": "concrete continuous", "design": "culvert", "spans": 2, "max_span_m": 3, "length_m": 7, "deck_width_m": 0, "roadway_width_m": 0, "lanes": "2"}, "geometry": {"type": "Point", "coordinates": [-91.0976971, 44.375003]}}, {"type": "Feature", "properties": {"layer": "nbi", "id": "P27090400000000", "carries": "LRD BECK RD", "over": "N FK BEAVER CREEK", "year_built": 1936, "material": "concrete continuous", "design": "culvert", "spans": 2, "max_span_m": 2.4, "length_m": 7.3, "deck_width_m": 0, "roadway_width_m": 0, "lanes": "2"}, "geometry": {"type": "Point", "coordinates": [-91.1237221, 44.218028]}}, {"type": "Feature", "properties": {"layer": "nbi", "id": "P27090600000000", "carries": "LRD FEES RD", "over": "W FK HALLS CREEK", "year_built": 1936, "material": "concrete continuous", "design": "culvert", "spans": 2, "max_span_m": 3, "length_m": 6.9, "deck_width_m": 0, "roadway_width_m": 0, "lanes": "2"}, "geometry": {"type": "Point", "coordinates": [-90.934392, 44.488289]}}, {"type": "Feature", "properties": {"layer": "nbi", "id": "P27090700000000", "carries": "LRD SWEDE TOWN RD", "over": "N BR TREMPEALEAU RIVER", "year_built": 1938, "material": "concrete continuous", "design": "culvert", "spans": 2, "max_span_m": 3, "length_m": 6.9, "deck_width_m": 0, "roadway_width_m": 0, "lanes": "2"}, "geometry": {"type": "Point", "coordinates": [-91.009969, 44.466475]}}, {"type": "Feature", "properties": {"layer": "nbi", "id": "P27091000000000", "carries": "LRD N BRANCH RD", "over": "N BR TREMPEALEAU RIVER", "year_built": 1969, "material": "steel", "design": "stringer/girder", "spans": 1, "max_span_m": 9.4, "length_m": 9.8, "deck_width_m": 7.5, "roadway_width_m": 7.3, "lanes": "2"}, "geometry": {"type": "Point", "coordinates": [-90.993097, 44.426581]}}, {"type": "Feature", "properties": {"layer": "nbi", "id": "P27091600000000", "carries": "LRD LASSE RD (DEAD", "over": "BR S FK BEAVER CREEK", "year_built": 1951, "material": "concrete continuous", "design": "culvert", "spans": 2, "max_span_m": 3, "length_m": 7, "deck_width_m": 0, "roadway_width_m": 0, "lanes": "1", "osm_decks": [1443621453]}, "geometry": {"type": "Point", "coordinates": [-91.0941691, 44.145283]}}, {"type": "Feature", "properties": {"layer": "nbi", "id": "P27091900000000", "carries": "LRD TRUMP COULEE R", "over": "TRUMP COULEE CREEK", "year_built": 1950, "material": "concrete continuous", "design": "culvert", "spans": 2, "max_span_m": 3.2, "length_m": 8.5, "deck_width_m": 0, "roadway_width_m": 0, "lanes": "2"}, "geometry": {"type": "Point", "coordinates": [-91.1404721, 44.255806]}}, {"type": "Feature", "properties": {"layer": "nbi", "id": "P27092100000000", "carries": "LRD SKUTLEY RD", "over": "SKUTLEY CREEK", "year_built": 1940, "material": "concrete continuous", "design": "culvert", "spans": 2, "max_span_m": 3, "length_m": 7.3, "deck_width_m": 0, "roadway_width_m": 0, "lanes": "2"}, "geometry": {"type": "Point", "coordinates": [-91.105103, 44.2796]}}, {"type": "Feature", "properties": {"layer": "nbi", "id": "P27092200000000", "carries": "LRD W JACKSON RD", "over": "SKUTLEY CREEK", "year_built": 1940, "material": "concrete continuous", "design": "culvert", "spans": 2, "max_span_m": 3, "length_m": 7, "deck_width_m": 0, "roadway_width_m": 0, "lanes": "2"}, "geometry": {"type": "Point", "coordinates": [-91.104675, 44.276625]}}, {"type": "Feature", "properties": {"layer": "nbi", "id": "P27092300000000", "carries": "CTH P", "over": "BR SQUAW CREEK", "year_built": 1970, "material": "concrete continuous", "design": "culvert", "spans": 2, "max_span_m": 3, "length_m": 7.3, "deck_width_m": 0, "roadway_width_m": 0, "lanes": "2"}, "geometry": {"type": "Point", "coordinates": [-90.943528, 44.299433]}}, {"type": "Feature", "properties": {"layer": "nbi", "id": "P27092500000000", "carries": "LRD RIVER RD", "over": "BR BLACK RIVER", "year_built": 1967, "material": "steel", "design": "stringer/girder", "spans": 1, "max_span_m": 10.1, "length_m": 10.4, "deck_width_m": 7.9, "roadway_width_m": 7.7, "lanes": "2"}, "geometry": {"type": "Point", "coordinates": [-90.961667, 44.1396]}}, {"type": "Feature", "properties": {"layer": "nbi", "id": "P27092800000000", "carries": "LRD N BRANCH RD", "over": "S BR TREMPEALEAU RIVER", "year_built": 1974, "material": "concrete continuous", "design": "slab", "spans": 2, "max_span_m": 9.1, "length_m": 19.8, "deck_width_m": 10.3, "roadway_width_m": 9.1, "lanes": "2"}, "geometry": {"type": "Point", "coordinates": [-90.991181, 44.397178]}}, {"type": "Feature", "properties": {"layer": "nbi", "id": "P27092900000000", "carries": "CTH D", "over": "BR S FK BEAVER CREEK", "year_built": 1932, "material": "concrete continuous", "design": "culvert", "spans": 2, "max_span_m": 3.4, "length_m": 7.3, "deck_width_m": 0, "roadway_width_m": 0, "lanes": "2"}, "geometry": {"type": "Point", "coordinates": [-91.0808061, 44.146694]}}, {"type": "Feature", "properties": {"layer": "nbi", "id": "P27093100000000", "carries": "CTH G", "over": "TIMBER CREEK", "year_built": 1941, "material": "concrete continuous", "design": "culvert", "spans": 2, "max_span_m": 3, "length_m": 7, "deck_width_m": 0, "roadway_width_m": 0, "lanes": "2"}, "geometry": {"type": "Point", "coordinates": [-91.153944, 44.464583]}}, {"type": "Feature", "properties": {"layer": "nbi", "id": "P27093200000000", "carries": "LRD CAIN ROAD (DEA", "over": "N BR TREMPEALEAU RIVER", "year_built": 1941, "material": "concrete continuous", "design": "culvert", "spans": 2, "max_span_m": 3, "length_m": 7, "deck_width_m": 0, "roadway_width_m": 0, "lanes": "2"}, "geometry": {"type": "Point", "coordinates": [-90.9969831, 44.403931]}}, {"type": "Feature", "properties": {"layer": "nbi", "id": "P27093300000000", "carries": "LRD CHURCH ROAD", "over": "TROUT RUN CREEK", "year_built": 1938, "material": "concrete continuous", "design": "culvert", "spans": 2, "max_span_m": 3, "length_m": 6.7, "deck_width_m": 0, "roadway_width_m": 0, "lanes": "2", "osm_decks": [1507575605]}, "geometry": {"type": "Point", "coordinates": [-90.980317, 44.232072]}}, {"type": "Feature", "properties": {"layer": "nbi", "id": "P27093400000000", "carries": "LRD TRUMP COULEE R", "over": "BR TRUMP COULEE CREEK", "year_built": 1936, "material": "concrete", "design": "culvert", "spans": 2, "max_span_m": 3, "length_m": 7.1, "deck_width_m": 0, "roadway_width_m": 0, "lanes": "2"}, "geometry": {"type": "Point", "coordinates": [-91.150806, 44.269167]}}, {"type": "Feature", "properties": {"layer": "nbi", "id": "P27093500000000", "carries": "LRD MARSH ROAD", "over": "TRUMP COULEE CREEK", "year_built": 1938, "material": "concrete", "design": "culvert", "spans": 2, "max_span_m": 3.7, "length_m": 8.3, "deck_width_m": 0, "roadway_width_m": 0, "lanes": "2"}, "geometry": {"type": "Point", "coordinates": [-91.1603329, 44.270611]}}, {"type": "Feature", "properties": {"layer": "nbi", "id": "P27093600000000", "carries": "CTH G", "over": "CURRAN CREEK", "year_built": 1936, "material": "concrete", "design": "culvert", "spans": 2, "max_span_m": 3.5, "length_m": 7.9, "deck_width_m": 0, "roadway_width_m": 0, "lanes": "2"}, "geometry": {"type": "Point", "coordinates": [-91.0949441, 44.371]}}, {"type": "Feature", "properties": {"layer": "nbi", "id": "P27093700000000", "carries": "LRD ALMA CENTER RD", "over": "BLACK CREEK", "year_built": 1938, "material": "concrete", "design": "culvert", "spans": 2, "max_span_m": 3.1, "length_m": 7.1, "deck_width_m": 0, "roadway_width_m": 0, "lanes": "2"}, "geometry": {"type": "Point", "coordinates": [-90.952583, 44.579]}}, {"type": "Feature", "properties": {"layer": "nbi", "id": "P27093900000000", "carries": "CTH D", "over": "BR S BEAVER CREEK", "year_built": 1938, "material": "concrete", "design": "culvert", "spans": 2, "max_span_m": 3, "length_m": 7.1, "deck_width_m": 0, "roadway_width_m": 0, "lanes": "2"}, "geometry": {"type": "Point", "coordinates": [-91.127667, 44.143639]}}, {"type": "Feature", "properties": {"layer": "nbi", "id": "P27094300000000", "carries": "LRD SQUAW CREEK RD", "over": "SQUAW CREEK", "year_built": 1940, "material": "concrete", "design": "culvert", "spans": 2, "max_span_m": 3, "length_m": 7.6, "deck_width_m": 0, "roadway_width_m": 0, "lanes": "2"}, "geometry": {"type": "Point", "coordinates": [-90.9349279, 44.292417]}}, {"type": "Feature", "properties": {"layer": "nbi", "id": "P27094400000000", "carries": "CTH H", "over": "ROARING CREEK", "year_built": 1940, "material": "concrete", "design": "culvert", "spans": 2, "max_span_m": 3, "length_m": 7, "deck_width_m": 0, "roadway_width_m": 0, "lanes": "2"}, "geometry": {"type": "Point", "coordinates": [-90.974194, 44.195139]}}, {"type": "Feature", "properties": {"layer": "nbi", "id": "P32004300000000", "carries": "CTH A", "over": "BURR OAK CREEK", "year_built": 1957, "material": "wood/timber", "design": "slab", "spans": 3, "max_span_m": 5.5, "length_m": 14, "deck_width_m": 6.6, "roadway_width_m": 6.1, "lanes": "2", "osm_decks": [1429092629]}, "geometry": {"type": "Point", "coordinates": [-91.0437829, 44.050167]}}, {"type": "Feature", "properties": {"layer": "nbi", "id": "P32008200000000", "carries": "CTH T", "over": "SAUR CREEK", "year_built": 1978, "material": "prestressed concrete", "design": "stringer/girder", "spans": 1, "max_span_m": 25.9, "length_m": 27.8, "deck_width_m": 9.8, "roadway_width_m": 9.1, "lanes": "2", "osm_decks": [1429092443]}, "geometry": {"type": "Point", "coordinates": [-91.1789999, 44.040217]}}, {"type": "Feature", "properties": {"layer": "nbi", "id": "P32008300000000", "carries": "CTH T", "over": "FLEMING CREEK", "year_built": 1976, "material": "wood/timber", "design": "slab", "spans": 3, "max_span_m": 7.9, "length_m": 23.8, "deck_width_m": 9.7, "roadway_width_m": 9.3, "lanes": "2", "osm_decks": [461756264]}, "geometry": {"type": "Point", "coordinates": [-91.1694331, 44.038617]}}, {"type": "Feature", "properties": {"layer": "nbi", "id": "P32008600000000", "carries": "CTH T", "over": "FLEMING CREEK", "year_built": 1978, "material": "prestressed concrete", "design": "stringer/girder", "spans": 1, "max_span_m": 22.3, "length_m": 24.1, "deck_width_m": 10, "roadway_width_m": 9.1, "lanes": "2", "osm_decks": [1429092567]}, "geometry": {"type": "Point", "coordinates": [-91.028717, 44.013917]}}, {"type": "Feature", "properties": {"layer": "nbi", "id": "P32009500000000", "carries": "CTH V", "over": "SOUR CREEK", "year_built": 1974, "material": "wood/timber", "design": "slab", "spans": 2, "max_span_m": 7.8, "length_m": 15.5, "deck_width_m": 9.7, "roadway_width_m": 9.3, "lanes": "2", "osm_decks": [1429092439]}, "geometry": {"type": "Point", "coordinates": [-91.208483, 44.028067]}}, {"type": "Feature", "properties": {"layer": "nbi", "id": "P32012600000000", "carries": "LRD KNUDSON RD (DE", "over": "HALFWAY CREEK", "year_built": 1972, "material": "wood/timber", "design": "slab", "spans": 2, "max_span_m": 7.2, "length_m": 14.8, "deck_width_m": 7.9, "roadway_width_m": 7.5, "lanes": "2", "osm_decks": [425129930]}, "geometry": {"type": "Point", "coordinates": [-91.21975, 43.971033]}}, {"type": "Feature", "properties": {"layer": "nbi", "id": "P32014100000000", "carries": "LRD JOHNSON COULEE", "over": "BURNS CREEK", "year_built": 1980, "material": "steel", "design": "stringer/girder", "spans": 1, "max_span_m": 11.7, "length_m": 12.6, "deck_width_m": 7.4, "roadway_width_m": 7.2, "lanes": "2", "osm_decks": [1423782983]}, "geometry": {"type": "Point", "coordinates": [-90.945567, 43.9854]}}, {"type": "Feature", "properties": {"layer": "nbi", "id": "P32014200000000", "carries": "LRD GARVIS COULEE", "over": "BURNS CREEK", "year_built": 1975, "material": "wood/timber", "design": "slab", "spans": 2, "max_span_m": 5.4, "length_m": 11.1, "deck_width_m": 7.7, "roadway_width_m": 7.3, "lanes": "2", "osm_decks": [1423783084]}, "geometry": {"type": "Point", "coordinates": [-90.9464171, 43.9752]}}, {"type": "Feature", "properties": {"layer": "nbi", "id": "P32092400000000", "carries": "LRD WENZEL ROAD (D", "over": "FLEMING CREEK", "year_built": 1980, "material": "concrete", "design": "slab", "spans": 1, "max_span_m": 7.3, "length_m": 7.9, "deck_width_m": 7.9, "roadway_width_m": 7.3, "lanes": "2", "osm_decks": [1429092560]}, "geometry": {"type": "Point", "coordinates": [-91.022317, 44.015017]}}, {"type": "Feature", "properties": {"layer": "nbi", "id": "P32092500000000", "carries": "CTH D", "over": "GAVIN COULEE", "year_built": 1980, "material": "prestressed concrete", "design": "stringer/girder", "spans": 1, "max_span_m": 13.7, "length_m": 14.3, "deck_width_m": 9.8, "roadway_width_m": 9.1, "lanes": "2", "osm_decks": [1429092346]}, "geometry": {"type": "Point", "coordinates": [-91.1417501, 44.021317]}}, {"type": "Feature", "properties": {"layer": "nbi", "id": "P46091400000000", "carries": "CTH W", "over": "HARVEY CREEK", "year_built": 1977, "material": "steel", "design": "stringer/girder", "spans": 1, "max_span_m": 6.9, "length_m": 7.3, "deck_width_m": 8.5, "roadway_width_m": 8.5, "lanes": "2"}, "geometry": {"type": "Point", "coordinates": [-91.741125, 44.606703]}}, {"type": "Feature", "properties": {"layer": "nbi", "id": "P61005900000000", "carries": "CTH B", "over": "S FK BUFFALO RIVER", "year_built": 1981, "material": "wood/timber", "design": "slab", "spans": 3, "max_span_m": 7.9, "length_m": 15.2, "deck_width_m": 9.7, "roadway_width_m": 9.3, "lanes": "2", "osm_decks": [421649122]}, "geometry": {"type": "Point", "coordinates": [-91.2061939, 44.57125]}}, {"type": "Feature", "properties": {"layer": "nbi", "id": "P61008100000000", "carries": "CTH E", "over": "ELK CREEK", "year_built": 1960, "material": "wood/timber", "design": "slab", "spans": 3, "max_span_m": 7.9, "length_m": 20.1, "deck_width_m": 7.8, "roadway_width_m": 7.5, "lanes": "2"}, "geometry": {"type": "Point", "coordinates": [-91.276361, 44.460306]}}, {"type": "Feature", "properties": {"layer": "nbi", "id": "P61008500000000", "carries": "CTH G", "over": "BR PINE CREEK", "year_built": 1915, "material": "concrete", "design": "deck arch", "spans": 2, "max_span_m": 4.9, "length_m": 11.6, "deck_width_m": 14.6, "roadway_width_m": 7.9, "lanes": "2"}, "geometry": {"type": "Point", "coordinates": [-91.525694, 44.134556]}}, {"type": "Feature", "properties": {"layer": "nbi", "id": "P61009200000000", "carries": "CTH H", "over": "KING CREEK", "year_built": 1972, "material": "steel", "design": "stringer/girder", "spans": 2, "max_span_m": 4.9, "length_m": 10.2, "deck_width_m": 8.3, "roadway_width_m": 7.9, "lanes": "2"}, "geometry": {"type": "Point", "coordinates": [-91.252917, 44.548528]}}, {"type": "Feature", "properties": {"layer": "nbi", "id": "P61009600000000", "carries": "CTH P", "over": "BIG SLOUGH CREEK", "year_built": 1971, "material": "steel", "design": "stringer/girder", "spans": 1, "max_span_m": 7.3, "length_m": 7.9, "deck_width_m": 8.9, "roadway_width_m": 8.5, "lanes": "2"}, "geometry": {"type": "Point", "coordinates": [-91.174833, 44.416167]}}, {"type": "Feature", "properties": {"layer": "nbi", "id": "P61010800000000", "carries": "CTH V", "over": "BR BUFFALO RIVER", "year_built": 1925, "material": "concrete", "design": "stringer/girder", "spans": 1, "max_span_m": 9.8, "length_m": 10.2, "deck_width_m": 10.5, "roadway_width_m": 9.9, "lanes": "2", "osm_decks": [21624302]}, "geometry": {"type": "Point", "coordinates": [-91.404139, 44.550583]}}, {"type": "Feature", "properties": {"layer": "nbi", "id": "P61012200000000", "carries": "LRD PRAIRIE RD EAS", "over": "BR BUFFALO RIVER", "year_built": 1985, "material": "steel", "design": "culvert", "spans": 2, "max_span_m": 3, "length_m": 7, "deck_width_m": 0, "roadway_width_m": 0, "lanes": "2"}, "geometry": {"type": "Point", "coordinates": [-91.3041669, 44.560278]}}, {"type": "Feature", "properties": {"layer": "nbi", "id": "P61013000000000", "carries": "CTH BB", "over": "BORST VALLEY CREEK", "year_built": 1940, "material": "steel", "design": "stringer/girder", "spans": 1, "max_span_m": 7, "length_m": 7.6, "deck_width_m": 6.1, "roadway_width_m": 5.8, "lanes": "2"}, "geometry": {"type": "Point", "coordinates": [-91.477694, 44.436667]}}, {"type": "Feature", "properties": {"layer": "nbi", "id": "P61013200000000", "carries": "LRD LOGA RD", "over": "BRUCE VALLEY CREEK", "year_built": 1920, "material": "prestressed concrete", "design": "channel beam", "spans": 1, "max_span_m": 11.9, "length_m": 12.2, "deck_width_m": 7.7, "roadway_width_m": 7.1, "lanes": "2", "osm_decks": [1506886962]}, "geometry": {"type": "Point", "coordinates": [-91.3613889, 44.458]}}, {"type": "Feature", "properties": {"layer": "nbi", "id": "P61013300000000", "carries": "LRD LOGA RD", "over": "ELK CREEK", "year_built": 1964, "material": "steel", "design": "stringer/girder", "spans": 1, "max_span_m": 11.4, "length_m": 12.2, "deck_width_m": 6.7, "roadway_width_m": 6.6, "lanes": "2"}, "geometry": {"type": "Point", "coordinates": [-91.32125, 44.448583]}}, {"type": "Feature", "properties": {"layer": "nbi", "id": "P61013800000000", "carries": "LRD FULLER COULEE", "over": "FULLER COULEE CREEK", "year_built": 1986, "material": "wood/timber", "design": "slab", "spans": 1, "max_span_m": 7, "length_m": 7.3, "deck_width_m": 7.8, "roadway_width_m": 7.4, "lanes": "2"}, "geometry": {"type": "Point", "coordinates": [-91.230111, 44.424944]}}, {"type": "Feature", "properties": {"layer": "nbi", "id": "P61013900000000", "carries": "LRD STEIG COULEE R", "over": "PIGEON CREEK", "year_built": 1964, "material": "steel", "design": "stringer/girder", "spans": 1, "max_span_m": 14, "length_m": 16.8, "deck_width_m": 7.3, "roadway_width_m": 7.1, "lanes": "2"}, "geometry": {"type": "Point", "coordinates": [-91.1911669, 44.436722]}}, {"type": "Feature", "properties": {"layer": "nbi", "id": "P61014200000000", "carries": "LRD FULLER COULEE", "over": "PIGEON CREEK", "year_built": 1969, "material": "wood/timber", "design": "slab", "spans": 3, "max_span_m": 8, "length_m": 23.8, "deck_width_m": 7.8, "roadway_width_m": 7.4, "lanes": "2", "osm_decks": [1506886959]}, "geometry": {"type": "Point", "coordinates": [-91.221194, 44.417056]}}, {"type": "Feature", "properties": {"layer": "nbi", "id": "P61014300000000", "carries": "LRD FULLER COULEE", "over": "FULLER COULEE CREEK", "year_built": 1976, "material": "wood/timber", "design": "slab", "spans": 1, "max_span_m": 9.4, "length_m": 9.8, "deck_width_m": 8.4, "roadway_width_m": 8.1, "lanes": "2"}, "geometry": {"type": "Point", "coordinates": [-91.228083, 44.422444]}}, {"type": "Feature", "properties": {"layer": "nbi", "id": "P61014700000000", "carries": "LRD DISMORE COULEE", "over": "PIGEON CREEK", "year_built": 1982, "material": "prestressed concrete", "design": "channel beam", "spans": 1, "max_span_m": 17.7, "length_m": 18.3, "deck_width_m": 7.9, "roadway_width_m": 7.3, "lanes": "2"}, "geometry": {"type": "Point", "coordinates": [-91.25725, 44.396722]}}, {"type": "Feature", "properties": {"layer": "nbi", "id": "P61015300000000", "carries": "LRD SWEDE VALLEY R", "over": "ELK CREEK", "year_built": 1968, "material": "steel", "design": "stringer/girder", "spans": 1, "max_span_m": 24.1, "length_m": 24.6, "deck_width_m": 7.5, "roadway_width_m": 7.3, "lanes": "2", "osm_decks": [1128932102]}, "geometry": {"type": "Point", "coordinates": [-91.430611, 44.388389]}}, {"type": "Feature", "properties": {"layer": "nbi", "id": "P61015500000000", "carries": "LRD FILLA VALLEY R", "over": "LYGA VALLEY CREEK", "year_built": 1935, "material": "steel", "design": "stringer/girder", "spans": 1, "max_span_m": 7, "length_m": 7.5, "deck_width_m": 4.9, "roadway_width_m": 4.9, "lanes": "1"}, "geometry": {"type": "Point", "coordinates": [-91.516083, 44.373667]}}, {"type": "Feature", "properties": {"layer": "nbi", "id": "P61015800000000", "carries": "CTH BB", "over": "BORST VALLEY CREEK", "year_built": 1968, "material": "wood/timber", "design": "slab", "spans": 3, "max_span_m": 7.9, "length_m": 19, "deck_width_m": 7.9, "roadway_width_m": 7.5, "lanes": "2", "osm_decks": [1506886965]}, "geometry": {"type": "Point", "coordinates": [-91.448194, 44.409111]}}, {"type": "Feature", "properties": {"layer": "nbi", "id": "P61016300000000", "carries": "LRD WOZNEY BAUTCH", "over": "LEWIS VALLEY CREEK", "year_built": 1930, "material": "steel", "design": "stringer/girder", "spans": 1, "max_span_m": 9.1, "length_m": 9.8, "deck_width_m": 4.9, "roadway_width_m": 4.9, "lanes": "1"}, "geometry": {"type": "Point", "coordinates": [-91.498333, 44.302167]}}, {"type": "Feature", "properties": {"layer": "nbi", "id": "P61016800000000", "carries": "LRD RIVER VALLEY R", "over": "NORTH CREEK", "year_built": 1964, "material": "steel", "design": "stringer/girder", "spans": 2, "max_span_m": 5.9, "length_m": 12.5, "deck_width_m": 8.1, "roadway_width_m": 7.9, "lanes": "2"}, "geometry": {"type": "Point", "coordinates": [-91.463056, 44.268972]}}, {"type": "Feature", "properties": {"layer": "nbi", "id": "P61017000000000", "carries": "LRD CHURCH HILL RD", "over": "NORTH CREEK", "year_built": 1975, "material": "prestressed concrete", "design": "channel beam", "spans": 1, "max_span_m": 18.3, "length_m": 19.5, "deck_width_m": 8, "roadway_width_m": 7.3, "lanes": "2"}, "geometry": {"type": "Point", "coordinates": [-91.432889, 44.273722]}}, {"type": "Feature", "properties": {"layer": "nbi", "id": "P61017300000000", "carries": "LRD BISEK RIDGE RD", "over": "PLUM CREEK", "year_built": 1981, "material": "wood/timber", "design": "slab", "spans": 1, "max_span_m": 9.4, "length_m": 9.8, "deck_width_m": 8.4, "roadway_width_m": 7.9, "lanes": "2", "osm_decks": [1506886963]}, "geometry": {"type": "Point", "coordinates": [-91.407694, 44.327361]}}, {"type": "Feature", "properties": {"layer": "nbi", "id": "P61017500000000", "carries": "LRD BURLINGTON RD", "over": "NEWCOMB VALLEY CREEK", "year_built": 1982, "material": "wood/timber", "design": "slab", "spans": 1, "max_span_m": 7.6, "length_m": 7.9, "deck_width_m": 7.9, "roadway_width_m": 7.6, "lanes": "2"}, "geometry": {"type": "Point", "coordinates": [-91.397083, 44.256417]}}, {"type": "Feature", "properties": {"layer": "nbi", "id": "P61017600000000", "carries": "LRD S. RIVER RD", "over": "TRUMP COULEE CREEK", "year_built": 1959, "material": "steel", "design": "stringer/girder", "spans": 1, "max_span_m": 8.7, "length_m": 9.2, "deck_width_m": 7.3, "roadway_width_m": 7.3, "lanes": "2"}, "geometry": {"type": "Point", "coordinates": [-91.19475, 44.298]}}, {"type": "Feature", "properties": {"layer": "nbi", "id": "P61018600000000", "carries": "LRD LIEN LANE (DEA", "over": "N FK BEAVER CREEK", "year_built": 1966, "material": "steel", "design": "stringer/girder", "spans": 1, "max_span_m": 6.4, "length_m": 6.8, "deck_width_m": 4.8, "roadway_width_m": 4.8, "lanes": "1"}, "geometry": {"type": "Point", "coordinates": [-91.162861, 44.212111]}}, {"type": "Feature", "properties": {"layer": "nbi", "id": "P61018700000000", "carries": "LRD TRUMP COULEE R", "over": "N FK BEAVER CREEK", "year_built": 1986, "material": "steel", "design": "culvert", "spans": 2, "max_span_m": 3.8, "length_m": 9.5, "deck_width_m": 0, "roadway_width_m": 0, "lanes": "2"}, "geometry": {"type": "Point", "coordinates": [-91.157694, 44.212222]}}, {"type": "Feature", "properties": {"layer": "nbi", "id": "P61019100000000", "carries": "LRD LINRUDE RD", "over": "FRENCH CREEK", "year_built": 1980, "material": "prestressed concrete", "design": "channel beam", "spans": 1, "max_span_m": 18, "length_m": 18.3, "deck_width_m": 9.1, "roadway_width_m": 8.5, "lanes": "2"}, "geometry": {"type": "Point", "coordinates": [-91.320944, 44.171944]}}, {"type": "Feature", "properties": {"layer": "nbi", "id": "P61019300000000", "carries": "LRD NORWAY VALLEY", "over": "TAMARACK RIVER", "year_built": 1928, "material": "steel", "design": "stringer/girder", "spans": 1, "max_span_m": 7.3, "length_m": 7.9, "deck_width_m": 6.6, "roadway_width_m": 6.6, "lanes": "2"}, "geometry": {"type": "Point", "coordinates": [-91.420556, 44.193417]}}, {"type": "Feature", "properties": {"layer": "nbi", "id": "P61019400000000", "carries": "LRD HOLCOMB COULEE", "over": "HOLCOMB COULEE CREEK", "year_built": 1930, "material": "steel", "design": "stringer/girder", "spans": 1, "max_span_m": 11, "length_m": 12.2, "deck_width_m": 9.4, "roadway_width_m": 8.7, "lanes": "2"}, "geometry": {"type": "Point", "coordinates": [-91.403056, 44.172444]}}, {"type": "Feature", "properties": {"layer": "nbi", "id": "P61019500000000", "carries": "LRD MIDDLE RD", "over": "MYERS VALLEY CREEK", "year_built": 1921, "material": "concrete", "design": "slab", "spans": 1, "max_span_m": 7.4, "length_m": 8.3, "deck_width_m": 6.8, "roadway_width_m": 6.1, "lanes": "2", "osm_decks": [461939046]}, "geometry": {"type": "Point", "coordinates": [-91.504306, 44.237222]}}, {"type": "Feature", "properties": {"layer": "nbi", "id": "P61019600000000", "carries": "LRD THOMPSON VALLE", "over": "TURTON CREEK", "year_built": 1981, "material": "prestressed concrete", "design": "stringer/girder", "spans": 1, "max_span_m": 19.8, "length_m": 20.4, "deck_width_m": 7.9, "roadway_width_m": 7.3, "lanes": "2"}, "geometry": {"type": "Point", "coordinates": [-91.451806, 44.245556]}}, {"type": "Feature", "properties": {"layer": "nbi", "id": "P61020100000000", "carries": "CTH JJ", "over": "LATCH VALLEY CREEK", "year_built": 1930, "material": "steel", "design": "stringer/girder", "spans": 1, "max_span_m": 8.2, "length_m": 9.1, "deck_width_m": 8.7, "roadway_width_m": 8.5, "lanes": "2", "osm_decks": [1507372966]}, "geometry": {"type": "Point", "coordinates": [-91.543444, 44.176611]}}, {"type": "Feature", "properties": {"layer": "nbi", "id": "P61020800000000", "carries": "LRD BORTLE CROSS R", "over": "TAMARACK CREEK", "year_built": 1983, "material": "wood/timber", "design": "slab", "spans": 1, "max_span_m": 11.3, "length_m": 11.6, "deck_width_m": 7.9, "roadway_width_m": 7.5, "lanes": "2"}, "geometry": {"type": "Point", "coordinates": [-91.465417, 44.107222]}}, {"type": "Feature", "properties": {"layer": "nbi", "id": "P61021700000000", "carries": "LRD WHALEN RD", "over": "S FK BEAVER CREEK", "year_built": 1968, "material": "steel continuous", "design": "stringer/girder", "spans": 2, "max_span_m": 8.9, "length_m": 16.3, "deck_width_m": 5.8, "roadway_width_m": 5.7, "lanes": "2"}, "geometry": {"type": "Point", "coordinates": [-91.182056, 44.141444]}}, {"type": "Feature", "properties": {"layer": "nbi", "id": "P61021800000000", "carries": "LRD WHALEN RD", "over": "S FK BEAVER CREEK", "year_built": 1972, "material": "prestressed concrete", "design": "channel beam", "spans": 1, "max_span_m": 15.5, "length_m": 16.4, "deck_width_m": 6.5, "roadway_width_m": 6.3, "lanes": "2", "osm_decks": [1507372969]}, "geometry": {"type": "Point", "coordinates": [-91.236889, 44.15775]}}, {"type": "Feature", "properties": {"layer": "nbi", "id": "P61022000000000", "carries": "LRD SKUNK COULEE R", "over": "GRANT CREEK", "year_built": 1928, "material": "steel", "design": "stringer/girder", "spans": 1, "max_span_m": 8.2, "length_m": 9, "deck_width_m": 6.1, "roadway_width_m": 5.8, "lanes": "2"}, "geometry": {"type": "Point", "coordinates": [-91.2519169, 44.092667]}}, {"type": "Feature", "properties": {"layer": "nbi", "id": "P61070300000000", "carries": "LRD CHRISTOPHERSON", "over": "TOMTER COULEE CREEK", "year_built": 1926, "material": "concrete", "design": "stringer/girder", "spans": 1, "max_span_m": 8, "length_m": 8.5, "deck_width_m": 9.1, "roadway_width_m": 8.2, "lanes": "2"}, "geometry": {"type": "Point", "coordinates": [-91.208111, 44.429472]}}, {"type": "Feature", "properties": {"layer": "nbi", "id": "P61090500000000", "carries": "LRD PIERZINA LANE", "over": "NORTH CREEK", "year_built": 1975, "material": "prestressed concrete", "design": "channel beam", "spans": 1, "max_span_m": 18.3, "length_m": 19.5, "deck_width_m": 8, "roadway_width_m": 7.3, "lanes": "2"}, "geometry": {"type": "Point", "coordinates": [-91.438, 44.27225]}}, {"type": "Feature", "properties": {"layer": "nbi", "id": "P61090800000000", "carries": "LRD C SOBOTTA LANE", "over": "NEWCOMB VALLEY CREEK", "year_built": 1950, "material": "steel", "design": "stringer/girder", "spans": 2, "max_span_m": 6.5, "length_m": 13, "deck_width_m": 5.9, "roadway_width_m": 5.7, "lanes": "2", "osm_decks": [1506886968]}, "geometry": {"type": "Point", "coordinates": [-91.437083, 44.246889]}}, {"type": "Feature", "properties": {"layer": "nbi", "id": "P61091700000000", "carries": "CTH CC", "over": "BR N FK BEAVER CREEK", "year_built": 1925, "material": "concrete", "design": "stringer/girder", "spans": 1, "max_span_m": 8.2, "length_m": 10.1, "deck_width_m": 10.4, "roadway_width_m": 9.8, "lanes": "2"}, "geometry": {"type": "Point", "coordinates": [-91.2570281, 44.18]}}, {"type": "Feature", "properties": {"layer": "nbi", "id": "P61091800000000", "carries": "LRD TWINDE LANE (D", "over": "BEAR CREEK", "year_built": 1968, "material": "steel", "design": "stringer/girder", "spans": 1, "max_span_m": 7, "length_m": 7.5, "deck_width_m": 7.4, "roadway_width_m": 7.3, "lanes": "2"}, "geometry": {"type": "Point", "coordinates": [-91.239694, 44.210417]}}, {"type": "Feature", "properties": {"layer": "nbi", "id": "P61092000000000", "carries": "LRD MASON LANE", "over": "BR FRENCH CREEK", "year_built": 1950, "material": "steel", "design": "stringer/girder", "spans": 2, "max_span_m": 3.7, "length_m": 7.6, "deck_width_m": 5.7, "roadway_width_m": 5.7, "lanes": "2"}, "geometry": {"type": "Point", "coordinates": [-91.3328061, 44.164611]}}, {"type": "Feature", "properties": {"layer": "nbi", "id": "P61092300000000", "carries": "LRD SMIKRUD RD", "over": "GRANT CREEK", "year_built": 1940, "material": "steel", "design": "stringer/girder", "spans": 1, "max_span_m": 8.8, "length_m": 9.4, "deck_width_m": 6.1, "roadway_width_m": 6, "lanes": "2"}, "geometry": {"type": "Point", "coordinates": [-91.2575561, 44.104667]}}, {"type": "Feature", "properties": {"layer": "nbi", "id": "P61093700000000", "carries": "CTH K", "over": "BR BUFFALO RIVER", "year_built": 1926, "material": "concrete", "design": "stringer/girder", "spans": 1, "max_span_m": 6.5, "length_m": 7.1, "deck_width_m": 9.1, "roadway_width_m": 8.2, "lanes": "2"}, "geometry": {"type": "Point", "coordinates": [-91.241722, 44.580889]}}, {"type": "Feature", "properties": {"layer": "nbi", "id": "P61093900000000", "carries": "LRD WOLFE RD", "over": "BR TRAVERSE VALLEY CREEK", "year_built": 1961, "material": "steel", "design": "stringer/girder", "spans": 1, "max_span_m": 8.8, "length_m": 9.2, "deck_width_m": 7.3, "roadway_width_m": 7.3, "lanes": "2", "osm_decks": [1506886969]}, "geometry": {"type": "Point", "coordinates": [-91.4982499, 44.385583]}}, {"type": "Feature", "properties": {"layer": "nbi", "id": "P61094100000000", "carries": "LRD HERMANSON RD (", "over": "WELCH COULEE CREEK", "year_built": 1963, "material": "steel", "design": "stringer/girder", "spans": 1, "max_span_m": 6.9, "length_m": 7.5, "deck_width_m": 6.7, "roadway_width_m": 6.6, "lanes": "2"}, "geometry": {"type": "Point", "coordinates": [-91.2973329, 44.296556]}}, {"type": "Feature", "properties": {"layer": "nbi", "id": "P61094200000000", "carries": "LRD SOPPA RD", "over": "TURTON CREEK", "year_built": 1962, "material": "steel", "design": "stringer/girder", "spans": 2, "max_span_m": 5.8, "length_m": 11.5, "deck_width_m": 6.5, "roadway_width_m": 6.4, "lanes": "2"}, "geometry": {"type": "Point", "coordinates": [-91.406778, 44.228806]}}, {"type": "Feature", "properties": {"layer": "nbi", "id": "P61094500000000", "carries": "CTH P", "over": "BIG SLOUGH CREEK", "year_built": 1960, "material": "wood/timber", "design": "slab", "spans": 1, "max_span_m": 6.9, "length_m": 7.3, "deck_width_m": 7.7, "roadway_width_m": 7.4, "lanes": "2", "osm_decks": [1506886957]}, "geometry": {"type": "Point", "coordinates": [-91.1778889, 44.422639]}}, {"type": "Feature", "properties": {"layer": "nbi", "id": "P61094600000000", "carries": "LRD RONGNLIEN RD (", "over": "TROUT CREEK", "year_built": 1966, "material": "wood/timber", "design": "slab", "spans": 1, "max_span_m": 7, "length_m": 7.4, "deck_width_m": 7.8, "roadway_width_m": 7.4, "lanes": "2"}, "geometry": {"type": "Point", "coordinates": [-91.466222, 44.545611]}}, {"type": "Feature", "properties": {"layer": "nbi", "id": "P61094700000000", "carries": "LRD ROBINSON LANE", "over": "S FK BEAVER CREEK", "year_built": 1957, "material": "steel", "design": "stringer/girder", "spans": 2, "max_span_m": 6.1, "length_m": 12.6, "deck_width_m": 7.4, "roadway_width_m": 7.3, "lanes": "2"}, "geometry": {"type": "Point", "coordinates": [-91.157083, 44.136194]}}, {"type": "Feature", "properties": {"layer": "nbi", "id": "P61095200000000", "carries": "CTH D", "over": "BR BUFFALO RIVER", "year_built": 1979, "material": "wood/timber", "design": "slab", "spans": 1, "max_span_m": 7.6, "length_m": 8, "deck_width_m": 9.7, "roadway_width_m": 9.3, "lanes": "2"}, "geometry": {"type": "Point", "coordinates": [-91.377778, 44.545556]}}, {"type": "Feature", "properties": {"layer": "nbi", "id": "P61095600000000", "carries": "CTH E", "over": "BR ELK CREEK", "year_built": 1968, "material": "wood/timber", "design": "slab", "spans": 1, "max_span_m": 6.6, "length_m": 7.1, "deck_width_m": 7.8, "roadway_width_m": 7.5, "lanes": "2"}, "geometry": {"type": "Point", "coordinates": [-91.2774721, 44.458722]}}, {"type": "Feature", "properties": {"layer": "nbi", "id": "P61096100000000", "carries": "LRD SAMSON ROAD (D", "over": "DUTCH CREEK", "year_built": 1980, "material": "wood/timber", "design": "slab", "spans": 1, "max_span_m": 7.5, "length_m": 7.9, "deck_width_m": 7.9, "roadway_width_m": 7.5, "lanes": "2"}, "geometry": {"type": "Point", "coordinates": [-91.322417, 44.10875]}}, {"type": "Feature", "properties": {"layer": "nbi", "id": "P61096200000000", "carries": "LRD KITTY LN (DEAD", "over": "IRVIN CREEK", "year_built": 1981, "material": "wood/timber", "design": "slab", "spans": 1, "max_span_m": 7.6, "length_m": 7.9, "deck_width_m": 7.9, "roadway_width_m": 7.5, "lanes": "2"}, "geometry": {"type": "Point", "coordinates": [-91.322222, 44.35325]}}, {"type": "Feature", "properties": {"layer": "osm_deck", "osm_id": 18284152, "highway": "service", "name": null, "ref": null, "length_m": 18.3}, "geometry": {"type": "LineString", "coordinates": [[-91.6599022, 44.0350556], [-91.6599369, 44.0352184]]}}, {"type": "Feature", "properties": {"layer": "osm_deck", "osm_id": 18285862, "highway": "residential", "name": "Rollingstone Twp 10", "ref": null, "length_m": 20.8, "nbi": "85523"}, "geometry": {"type": "LineString", "coordinates": [[-91.8272662, 44.1080027], [-91.8272702, 44.1081897]]}}, {"type": "Feature", "properties": {"layer": "osm_deck", "osm_id": 18286690, "highway": "residential", "name": "East 9th Street", "ref": null, "length_m": 43.3, "nbi": "85539"}, "geometry": {"type": "LineString", "coordinates": [[-91.7654228, 44.0260401], [-91.7654179, 44.0256502]]}}, {"type": "Feature", "properties": {"layer": "osm_deck", "osm_id": 18287437, "highway": "primary", "name": null, "ref": "MN 43", "length_m": 695.2}, "geometry": {"type": "LineString", "coordinates": [[-91.6418951, 44.0537681], [-91.6387804, 44.0596089]]}}, {"type": "Feature", "properties": {"layer": "osm_deck", "osm_id": 21435361, "highway": "residential", "name": "Old Wagon Bridge", "ref": null, "length_m": 373.8}, "geometry": {"type": "LineString", "coordinates": [[-91.6348573, 44.0587578], [-91.6306946, 44.0602794]]}}, {"type": "Feature", "properties": {"layer": "osm_deck", "osm_id": 21631210, "highway": "residential", "name": "North Oak Street", "ref": null, "length_m": 18.9, "nbi": "B61007800000000"}, "geometry": {"type": "LineString", "coordinates": [[-91.4908031, 44.2514778], [-91.4907642, 44.2516457]]}}, {"type": "Feature", "properties": {"layer": "osm_deck", "osm_id": 89674439, "highway": "service", "name": null, "ref": null, "length_m": 46.4, "nbi": "B06003500000000"}, "geometry": {"type": "LineString", "coordinates": [[-91.7607563, 44.1607097], [-91.7603941, 44.1610363]]}}, {"type": "Feature", "properties": {"layer": "osm_deck", "osm_id": 104948863, "highway": "primary", "name": null, "ref": "US 14", "length_m": 60.4}, "geometry": {"type": "LineString", "coordinates": [[-91.7826683, 44.024627], [-91.7819664, 44.0244295]]}}, {"type": "Feature", "properties": {"layer": "osm_deck", "osm_id": 105032986, "highway": "primary", "name": "East Main Street", "ref": "US 14", "length_m": 57.3, "nbi": "85020"}, "geometry": {"type": "LineString", "coordinates": [[-91.7614195, 44.0273334], [-91.7621339, 44.0273372]]}}, {"type": "Feature", "properties": {"layer": "osm_deck", "osm_id": 105032987, "highway": "tertiary", "name": "F Street", "ref": "CR 23", "length_m": 19.5, "nbi": "L9225"}, "geometry": {"type": "LineString", "coordinates": [[-91.7696477, 44.0247062], [-91.7697611, 44.0248611]]}}, {"type": "Feature", "properties": {"layer": "osm_deck", "osm_id": 105071424, "highway": "primary", "name": null, "ref": "US 14", "length_m": 75.5, "nbi": "9049"}, "geometry": {"type": "LineString", "coordinates": [[-91.6933442, 44.0504062], [-91.6938701, 44.0498419]]}}, {"type": "Feature", "properties": {"layer": "osm_deck", "osm_id": 105079911, "highway": "tertiary", "name": "Pelzer Street", "ref": null, "length_m": 58.1, "nbi": "85555"}, "geometry": {"type": "LineString", "coordinates": [[-91.6838139, 44.0602122], [-91.6834373, 44.0606594]]}}, {"type": "Feature", "properties": {"layer": "osm_deck", "osm_id": 105681834, "highway": "trunk", "name": "Hiawatha Pioneer Trail/Disabled American Veterans Highway/Voyageur Highway", "ref": "US 61", "length_m": 136.2, "nbi": "85015"}, "geometry": {"type": "LineString", "coordinates": [[-91.7534121, 44.0914718], [-91.7532067, 44.0912474], [-91.752799, 44.0908742], [-91.7523573, 44.0905124]]}}, {"type": "Feature", "properties": {"layer": "osm_deck", "osm_id": 105683868, "highway": "trunk", "name": "Hiawatha Pioneer Trail/Disabled American Veterans Highway/Voyageur Highway", "ref": "US 61", "length_m": 141.0, "nbi": "85016"}, "geometry": {"type": "LineString", "coordinates": [[-91.7519276, 44.0905209], [-91.7522655, 44.0907906], [-91.7526088, 44.0911065], [-91.752993, 44.091528]]}}, {"type": "Feature", "properties": {"layer": "osm_deck", "osm_id": 105684178, "highway": "tertiary", "name": "Bridge Street", "ref": null, "length_m": 79.9, "nbi": "85009"}, "geometry": {"type": "LineString", "coordinates": [[-91.7477344, 44.0924713], [-91.7482808, 44.0930737]]}}, {"type": "Feature", "properties": {"layer": "osm_deck", "osm_id": 119774313, "highway": "tertiary", "name": "Vila Street", "ref": null, "length_m": 44.3}, "geometry": {"type": "LineString", "coordinates": [[-91.6673646, 44.0473288], [-91.667383, 44.047727]]}}, {"type": "Feature", "properties": {"layer": "osm_deck", "osm_id": 120018323, "highway": "primary", "name": "State Road 54", "ref": "WI 54", "length_m": 142.6, "nbi": "B06075200000000"}, "geometry": {"type": "LineString", "coordinates": [[-91.6370561, 44.062821], [-91.6364236, 44.064021]]}}, {"type": "Feature", "properties": {"layer": "osm_deck", "osm_id": 120018324, "highway": "primary", "name": null, "ref": "MN 43", "length_m": 177.9}, "geometry": {"type": "LineString", "coordinates": [[-91.6378509, 44.0613257], [-91.6370561, 44.062821]]}}, {"type": "Feature", "properties": {"layer": "osm_deck", "osm_id": 134142436, "highway": "cycleway", "name": "Lake Winona Bike Path", "ref": null, "length_m": 29.3}, "geometry": {"type": "LineString", "coordinates": [[-91.6621675, 44.0442617], [-91.6624089, 44.0440631]]}}, {"type": "Feature", "properties": {"layer": "osm_deck", "osm_id": 134142462, "highway": "cycleway", "name": "Lake Winona Bike Path", "ref": null, "length_m": 7.3}, "geometry": {"type": "LineString", "coordinates": [[-91.6624089, 44.0440631], [-91.662468, 44.0440131]]}}, {"type": "Feature", "properties": {"layer": "osm_deck", "osm_id": 134142485, "highway": "cycleway", "name": "Lake Winona Bike Path", "ref": null, "length_m": 21.7}, "geometry": {"type": "LineString", "coordinates": [[-91.6220255, 44.0367306], [-91.6221436, 44.036906]]}}, {"type": "Feature", "properties": {"layer": "osm_deck", "osm_id": 139425285, "highway": "residential", "name": "Brook Drive", "ref": null, "length_m": 54.9, "nbi": "85570"}, "geometry": {"type": "LineString", "coordinates": [[-91.7478483, 44.0561697], [-91.7475234, 44.0557346]]}}, {"type": "Feature", "properties": {"layer": "osm_deck", "osm_id": 139425311, "highway": "tertiary", "name": "County Road 23", "ref": "CR 23", "length_m": 53.8, "nbi": "85573"}, "geometry": {"type": "LineString", "coordinates": [[-91.7640041, 44.071068], [-91.7643858, 44.0714668]]}}, {"type": "Feature", "properties": {"layer": "osm_deck", "osm_id": 139445425, "highway": "residential", "name": "North Broadway", "ref": null, "length_m": 29.1, "nbi": "85560"}, "geometry": {"type": "LineString", "coordinates": [[-91.7654223, 44.0302782], [-91.7654035, 44.0305395]]}}, {"type": "Feature", "properties": {"layer": "osm_deck", "osm_id": 160309713, "highway": "trunk", "name": null, "ref": "US 14;US 61", "length_m": 30.1, "nbi": "85028"}, "geometry": {"type": "LineString", "coordinates": [[-91.4608619, 43.9964273], [-91.46054, 43.9962881]]}}, {"type": "Feature", "properties": {"layer": "osm_deck", "osm_id": 160309715, "highway": "trunk", "name": null, "ref": "US 14;US 61", "length_m": 45.2, "nbi": "9063"}, "geometry": {"type": "LineString", "coordinates": [[-91.4962379, 44.0068808], [-91.4957107, 44.0067372]]}}, {"type": "Feature", "properties": {"layer": "osm_deck", "osm_id": 160420675, "highway": "primary", "name": "State Road 35-54", "ref": "WI 35;WI 54", "length_m": 90.4, "nbi": "B61028600000000"}, "geometry": {"type": "LineString", "coordinates": [[-91.5490386, 44.0713053], [-91.5501327, 44.0715053]]}}, {"type": "Feature", "properties": {"layer": "osm_deck", "osm_id": 160420682, "highway": "primary", "name": "State Road 35-54", "ref": "WI 35;WI 54", "length_m": 169.5}, "geometry": {"type": "LineString", "coordinates": [[-91.5408158, 44.0698923], [-91.5415663, 44.0699547], [-91.5422448, 44.0700361], [-91.5429013, 44.0701426]]}}, {"type": "Feature", "properties": {"layer": "osm_deck", "osm_id": 160420692, "highway": "primary", "name": "State Road 35", "ref": "WI 35", "length_m": 12.9, "nbi": "B06020100000000"}, "geometry": {"type": "LineString", "coordinates": [[-91.6479753, 44.0796488], [-91.6481035, 44.0797198]]}}, {"type": "Feature", "properties": {"layer": "osm_deck", "osm_id": 160420693, "highway": "primary", "name": "State Road 35", "ref": "WI 35", "length_m": 21.5, "nbi": "B06020200000000"}, "geometry": {"type": "LineString", "coordinates": [[-91.6543184, 44.0831796], [-91.6545305, 44.0832983]]}}, {"type": "Feature", "properties": {"layer": "osm_deck", "osm_id": 160420724, "highway": "primary", "name": "State Road 54", "ref": "WI 54", "length_m": 50.1, "nbi": "B06075400000000"}, "geometry": {"type": "LineString", "coordinates": [[-91.632324, 44.0717845], [-91.6320937, 44.0722042]]}}, {"type": "Feature", "properties": {"layer": "osm_deck", "osm_id": 160502766, "highway": "tertiary", "name": "County Road OO", "ref": "OO", "length_m": 8.3, "nbi": "B06019700000000"}, "geometry": {"type": "LineString", "coordinates": [[-91.8278963, 44.219585], [-91.8278383, 44.2195236]]}}, {"type": "Feature", "properties": {"layer": "osm_deck", "osm_id": 160502768, "highway": "residential", "name": "Kamrowski Road", "ref": null, "length_m": 9.7, "nbi": "P06094000000000"}, "geometry": {"type": "LineString", "coordinates": [[-91.7782137, 44.1752413], [-91.7782885, 44.1753101]]}}, {"type": "Feature", "properties": {"layer": "osm_deck", "osm_id": 160502781, "highway": "secondary", "name": "State Road 88", "ref": "WI 88", "length_m": 9.8}, "geometry": {"type": "LineString", "coordinates": [[-91.7724981, 44.1920586], [-91.7724169, 44.1921246]]}}, {"type": "Feature", "properties": {"layer": "osm_deck", "osm_id": 180201244, "highway": "track", "name": "Kohner Road", "ref": null, "length_m": 6.9}, "geometry": {"type": "LineString", "coordinates": [[-91.8137337, 44.0980826], [-91.8137827, 44.0981343]]}}, {"type": "Feature", "properties": {"layer": "osm_deck", "osm_id": 180201246, "highway": "secondary", "name": null, "ref": "MN 248", "length_m": 40.0, "nbi": "85011"}, "geometry": {"type": "LineString", "coordinates": [[-91.8124601, 44.0951688], [-91.8119617, 44.0951442]]}}, {"type": "Feature", "properties": {"layer": "osm_deck", "osm_id": 180201247, "highway": "secondary", "name": null, "ref": "MN 248", "length_m": 77.0}, "geometry": {"type": "LineString", "coordinates": [[-91.7997367, 44.0973904], [-91.7989067, 44.0977405]]}}, {"type": "Feature", "properties": {"layer": "osm_deck", "osm_id": 180201251, "highway": "residential", "name": "Rollingstone Twp 11", "ref": null, "length_m": 26.1, "nbi": "85557"}, "geometry": {"type": "LineString", "coordinates": [[-91.8202863, 44.0951039], [-91.8202373, 44.095336]]}}, {"type": "Feature", "properties": {"layer": "osm_deck", "osm_id": 180201254, "highway": "unclassified", "name": "Rollingstone Twp 12", "ref": null, "length_m": 13.2}, "geometry": {"type": "LineString", "coordinates": [[-91.8093804, 44.0997762], [-91.809223, 44.0998117]]}}, {"type": "Feature", "properties": {"layer": "osm_deck", "osm_id": 180201258, "highway": "path", "name": null, "ref": null, "length_m": 27.5}, "geometry": {"type": "LineString", "coordinates": [[-91.8201284, 44.0986674], [-91.8200215, 44.0989024]]}}, {"type": "Feature", "properties": {"layer": "osm_deck", "osm_id": 180201793, "highway": "residential", "name": "Middle Valley Road", "ref": null, "length_m": 27.4, "nbi": "85550"}, "geometry": {"type": "LineString", "coordinates": [[-91.7785002, 44.0977774], [-91.7784232, 44.0980179]]}}, {"type": "Feature", "properties": {"layer": "osm_deck", "osm_id": 191914319, "highway": "tertiary", "name": "County Road J", "ref": "CTH J", "length_m": 27.9, "nbi": "B61019500000000"}, "geometry": {"type": "LineString", "coordinates": [[-91.5573773, 44.1575295], [-91.5577035, 44.1576193]]}}, {"type": "Feature", "properties": {"layer": "osm_deck", "osm_id": 191914320, "highway": "tertiary", "name": "County Road J", "ref": "CTH J", "length_m": 12.6, "nbi": "B61019700000000"}, "geometry": {"type": "LineString", "coordinates": [[-91.5542414, 44.2219928], [-91.5541217, 44.2220672]]}}, {"type": "Feature", "properties": {"layer": "osm_deck", "osm_id": 191914326, "highway": "tertiary", "name": "County Road J", "ref": "CTH J", "length_m": 15.2, "nbi": "B61019600000000"}, "geometry": {"type": "LineString", "coordinates": [[-91.5684137, 44.2134899], [-91.5682545, 44.2135648]]}}, {"type": "Feature", "properties": {"layer": "osm_deck", "osm_id": 191914340, "highway": "tertiary", "name": "County Road P", "ref": null, "length_m": 36.8, "nbi": "B06002200000000"}, "geometry": {"type": "LineString", "coordinates": [[-91.553277, 44.1317751], [-91.5528448, 44.1318879]]}}, {"type": "Feature", "properties": {"layer": "osm_deck", "osm_id": 225638655, "highway": "primary", "name": "State Road 95", "ref": "WI 95", "length_m": 44.5, "nbi": "B06012100000000"}, "geometry": {"type": "LineString", "coordinates": [[-91.5454991, 44.2539461], [-91.5449417, 44.2539431]]}}, {"type": "Feature", "properties": {"layer": "osm_deck", "osm_id": 236154619, "highway": "tertiary", "name": "Pelzer Street", "ref": null, "length_m": 58.4, "nbi": "85555"}, "geometry": {"type": "LineString", "coordinates": [[-91.6835883, 44.060705], [-91.6839855, 44.0602639]]}}, {"type": "Feature", "properties": {"layer": "osm_deck", "osm_id": 236244361, "highway": "residential", "name": "St Johns Road", "ref": null, "length_m": 12.2}, "geometry": {"type": "LineString", "coordinates": [[-91.6908435, 44.0435169], [-91.6908037, 44.043623]]}}, {"type": "Feature", "properties": {"layer": "osm_deck", "osm_id": 236244377, "highway": "steps", "name": null, "ref": null, "length_m": 14.5}, "geometry": {"type": "LineString", "coordinates": [[-91.6974673, 44.0466899], [-91.6976121, 44.0467687]]}}, {"type": "Feature", "properties": {"layer": "osm_deck", "osm_id": 236244379, "highway": "cycleway", "name": null, "ref": null, "length_m": 54.1, "nbi": "85555"}, "geometry": {"type": "LineString", "coordinates": [[-91.6837108, 44.060699], [-91.6840615, 44.0602831]]}}, {"type": "Feature", "properties": {"layer": "osm_deck", "osm_id": 236244383, "highway": "footway", "name": null, "ref": null, "length_m": 15.2}, "geometry": {"type": "LineString", "coordinates": [[-91.6977463, 44.046866], [-91.6976121, 44.0467687]]}}, {"type": "Feature", "properties": {"layer": "osm_deck", "osm_id": 236244393, "highway": "cycleway", "name": null, "ref": null, "length_m": 115.9}, "geometry": {"type": "LineString", "coordinates": [[-91.6918344, 44.0487496], [-91.6932235, 44.0484597]]}}, {"type": "Feature", "properties": {"layer": "osm_deck", "osm_id": 236244395, "highway": "steps", "name": null, "ref": null, "length_m": 9.9}, "geometry": {"type": "LineString", "coordinates": [[-91.6978169, 44.0469388], [-91.6977463, 44.046866]]}}, {"type": "Feature", "properties": {"layer": "osm_deck", "osm_id": 236244397, "highway": "track", "name": null, "ref": null, "length_m": 19.3}, "geometry": {"type": "LineString", "coordinates": [[-91.6918544, 44.0434642], [-91.6916979, 44.0433325]]}}, {"type": "Feature", "properties": {"layer": "osm_deck", "osm_id": 258551026, "highway": "unclassified", "name": "Lower River Bridge Road", "ref": null, "length_m": 51.3, "nbi": "B06007700000000"}, "geometry": {"type": "LineString", "coordinates": [[-91.5558, 44.225249], [-91.5563117, 44.2255274]]}}, {"type": "Feature", "properties": {"layer": "osm_deck", "osm_id": 258551027, "highway": "trunk", "name": "State Highway 93", "ref": "WI 93", "length_m": 90.0, "nbi": "B61005400000000"}, "geometry": {"type": "LineString", "coordinates": [[-91.4784289, 44.2704501], [-91.4785203, 44.2706081], [-91.4785935, 44.2707617], [-91.4786571, 44.2709249], [-91.4787035, 44.2710653], [-91.4787445, 44.2712256]]}}, {"type": "Feature", "properties": {"layer": "osm_deck", "osm_id": 258555175, "highway": "trunk", "name": "State Highway 93", "ref": "WI 93", "length_m": 18.1, "nbi": "B61007500000000"}, "geometry": {"type": "LineString", "coordinates": [[-91.4622817, 44.2934226], [-91.4622566, 44.2934575], [-91.4621779, 44.2935671]]}}, {"type": "Feature", "properties": {"layer": "osm_deck", "osm_id": 274895420, "highway": "footway", "name": null, "ref": null, "length_m": 19.2}, "geometry": {"type": "LineString", "coordinates": [[-91.8368615, 44.2252822], [-91.8368937, 44.2254532]]}}, {"type": "Feature", "properties": {"layer": "osm_deck", "osm_id": 300728590, "highway": "tertiary", "name": "County Road P", "ref": "P", "length_m": 20.3, "nbi": "B06006100000000"}, "geometry": {"type": "LineString", "coordinates": [[-91.5972755, 44.1456642], [-91.5974396, 44.1455252]]}}, {"type": "Feature", "properties": {"layer": "osm_deck", "osm_id": 302658435, "highway": "tertiary", "name": "County Road G", "ref": "G", "length_m": 20.1, "nbi": "B06019400000000"}, "geometry": {"type": "LineString", "coordinates": [[-91.7078588, 44.1634521], [-91.7078021, 44.1636285]]}}, {"type": "Feature", "properties": {"layer": "osm_deck", "osm_id": 302658436, "highway": "tertiary", "name": "County Road G", "ref": "G", "length_m": 15.0, "nbi": "P06009100000000"}, "geometry": {"type": "LineString", "coordinates": [[-91.699802, 44.1684317], [-91.6996156, 44.1684169]]}}, {"type": "Feature", "properties": {"layer": "osm_deck", "osm_id": 302658437, "highway": "tertiary", "name": "County Road G", "ref": "G", "length_m": 7.3, "nbi": "B06006000000000"}, "geometry": {"type": "LineString", "coordinates": [[-91.6872477, 44.1907847], [-91.6872477, 44.19085]]}}, {"type": "Feature", "properties": {"layer": "osm_deck", "osm_id": 302658438, "highway": "tertiary", "name": "County Road G", "ref": "G", "length_m": 15.4, "nbi": "P06009000000000"}, "geometry": {"type": "LineString", "coordinates": [[-91.6975177, 44.1767768], [-91.697516, 44.1769158]]}}, {"type": "Feature", "properties": {"layer": "osm_deck", "osm_id": 302658443, "highway": "service", "name": null, "ref": null, "length_m": 8.2}, "geometry": {"type": "LineString", "coordinates": [[-91.6927545, 44.1874299], [-91.6927989, 44.1874959]]}}, {"type": "Feature", "properties": {"layer": "osm_deck", "osm_id": 305935044, "highway": "primary", "name": "State Road 35", "ref": "WI 35", "length_m": 61.3, "nbi": "B06005900000000"}, "geometry": {"type": "LineString", "coordinates": [[-91.7400524, 44.1509615], [-91.7403916, 44.1511244], [-91.7406894, 44.1512686]]}}, {"type": "Feature", "properties": {"layer": "osm_deck", "osm_id": 305935046, "highway": "service", "name": null, "ref": null, "length_m": 16.1, "nbi": "P06070100000000"}, "geometry": {"type": "LineString", "coordinates": [[-91.6795899, 44.1016736], [-91.6794733, 44.1015555]]}}, {"type": "Feature", "properties": {"layer": "osm_deck", "osm_id": 305935048, "highway": "primary", "name": "State Road 35", "ref": "WI 35", "length_m": 17.4, "nbi": "B06020300000000"}, "geometry": {"type": "LineString", "coordinates": [[-91.6705937, 44.0940302], [-91.6707788, 44.0941127]]}}, {"type": "Feature", "properties": {"layer": "osm_deck", "osm_id": 308329936, "highway": "path", "name": null, "ref": null, "length_m": 67.9}, "geometry": {"type": "LineString", "coordinates": [[-91.4862648, 44.0236413], [-91.4869681, 44.0233007]]}}, {"type": "Feature", "properties": {"layer": "osm_deck", "osm_id": 315702383, "highway": "tertiary", "name": "Homer Road", "ref": "CR 17", "length_m": 43.5, "nbi": "95859"}, "geometry": {"type": "LineString", "coordinates": [[-91.6209235, 44.0250944], [-91.6207774, 44.0247172]]}}, {"type": "Feature", "properties": {"layer": "osm_deck", "osm_id": 315702384, "highway": "tertiary", "name": "Homer Road", "ref": "CR 17", "length_m": 43.5, "nbi": "95859"}, "geometry": {"type": "LineString", "coordinates": [[-91.6206317, 44.0247742], [-91.6207673, 44.025153]]}}, {"type": "Feature", "properties": {"layer": "osm_deck", "osm_id": 315702389, "highway": "trunk", "name": null, "ref": "US 14;US 61", "length_m": 31.4, "nbi": "85005"}, "geometry": {"type": "LineString", "coordinates": [[-91.4604168, 43.9964175], [-91.4607482, 43.9965677]]}}, {"type": "Feature", "properties": {"layer": "osm_deck", "osm_id": 315702390, "highway": "trunk", "name": null, "ref": "US 14;US 61", "length_m": 46.1, "nbi": "9063"}, "geometry": {"type": "LineString", "coordinates": [[-91.4956373, 44.0068721], [-91.4959096, 44.006945], [-91.4961745, 44.0070214]]}}, {"type": "Feature", "properties": {"layer": "osm_deck", "osm_id": 315703814, "highway": "trunk", "name": null, "ref": "US 14;US 61", "length_m": 53.2, "nbi": "9092"}, "geometry": {"type": "LineString", "coordinates": [[-91.5890348, 44.0246098], [-91.5883786, 44.0245362]]}}, {"type": "Feature", "properties": {"layer": "osm_deck", "osm_id": 315703815, "highway": "trunk", "name": null, "ref": "US 14;US 61", "length_m": 51.7, "nbi": "9093"}, "geometry": {"type": "LineString", "coordinates": [[-91.5883611, 44.0246736], [-91.5889989, 44.0247435]]}}, {"type": "Feature", "properties": {"layer": "osm_deck", "osm_id": 315703816, "highway": "trunk", "name": null, "ref": "US 14;US 61", "length_m": 47.0, "nbi": "9046"}, "geometry": {"type": "LineString", "coordinates": [[-91.6159981, 44.02798], [-91.6165559, 44.0281106]]}}, {"type": "Feature", "properties": {"layer": "osm_deck", "osm_id": 315703817, "highway": "trunk", "name": null, "ref": "US 14;US 61", "length_m": 50.4, "nbi": "9046"}, "geometry": {"type": "LineString", "coordinates": [[-91.6167397, 44.0279554], [-91.6161398, 44.0278203]]}}, {"type": "Feature", "properties": {"layer": "osm_deck", "osm_id": 318447831, "highway": "tertiary", "name": "County Road OO", "ref": "OO", "length_m": 8.0, "nbi": "P06094500000000"}, "geometry": {"type": "LineString", "coordinates": [[-91.8334458, 44.2159958], [-91.8335453, 44.2159965]]}}, {"type": "Feature", "properties": {"layer": "osm_deck", "osm_id": 353897759, "highway": "footway", "name": "Lake Winona Bike Path", "ref": null, "length_m": 35.2}, "geometry": {"type": "LineString", "coordinates": [[-91.667287, 44.0475939], [-91.6672658, 44.0472771]]}}, {"type": "Feature", "properties": {"layer": "osm_deck", "osm_id": 355113629, "highway": "primary", "name": null, "ref": "MN 43", "length_m": 700.0, "nbi": "5900"}, "geometry": {"type": "LineString", "coordinates": [[-91.6390227, 44.0596758], [-91.6392821, 44.0592748], [-91.639463, 44.0589645], [-91.6395891, 44.0587293], [-91.6400778, 44.0578228], [-91.6405996, 44.056844], [-91.6412785, 44.0555886], [-91.6417953, 44.0545999], [-91.6419214, 44.0542835], [-91.642094, 44.053783]]}}, {"type": "Feature", "properties": {"layer": "osm_deck", "osm_id": 392193015, "highway": "primary", "name": "West Main Street", "ref": "WI 95", "length_m": 57.1, "nbi": "B61010700000000"}, "geometry": {"type": "LineString", "coordinates": [[-91.5066528, 44.2537409], [-91.506917, 44.253946], [-91.5071343, 44.2541206]]}}, {"type": "Feature", "properties": {"layer": "osm_deck", "osm_id": 392193018, "highway": "residential", "name": null, "ref": null, "length_m": 53.3, "nbi": "B61008800000000"}, "geometry": {"type": "LineString", "coordinates": [[-91.5063348, 44.2546942], [-91.5060963, 44.2545139], [-91.5058754, 44.2543461]]}}, {"type": "Feature", "properties": {"layer": "osm_deck", "osm_id": 420657687, "highway": "footway", "name": null, "ref": null, "length_m": 30.7}, "geometry": {"type": "LineString", "coordinates": [[-91.6675743, 44.0528644], [-91.6671934, 44.0528971]]}}, {"type": "Feature", "properties": {"layer": "osm_deck", "osm_id": 461421658, "highway": "primary", "name": "State Road 35-54", "ref": "WI 35;WI 54", "length_m": 14.0, "nbi": "B61020000000000"}, "geometry": {"type": "LineString", "coordinates": [[-91.466218, 44.0699696], [-91.466393, 44.0699702]]}}, {"type": "Feature", "properties": {"layer": "osm_deck", "osm_id": 461421673, "highway": "service", "name": null, "ref": null, "length_m": 14.0}, "geometry": {"type": "LineString", "coordinates": [[-91.4514993, 44.0809637], [-91.4513248, 44.0809593]]}}, {"type": "Feature", "properties": {"layer": "osm_deck", "osm_id": 461633383, "highway": "unclassified", "name": "Little Tamarack Road", "ref": null, "length_m": 4.6}, "geometry": {"type": "LineString", "coordinates": [[-91.4185291, 44.077224], [-91.4185297, 44.0771825]]}}, {"type": "Feature", "properties": {"layer": "osm_deck", "osm_id": 461832344, "highway": "secondary", "name": "State Road 88", "ref": "WI 88;E", "length_m": 45.3, "nbi": "B06016500000000"}, "geometry": {"type": "LineString", "coordinates": [[-91.7548396, 44.2785846], [-91.7547641, 44.278989]]}}, {"type": "Feature", "properties": {"layer": "osm_deck", "osm_id": 461832348, "highway": "unclassified", "name": "Plank Road", "ref": null, "length_m": 12.8, "nbi": "B06016200000000"}, "geometry": {"type": "LineString", "coordinates": [[-91.7573186, 44.2795946], [-91.7574784, 44.2796036]]}}, {"type": "Feature", "properties": {"layer": "osm_deck", "osm_id": 461939046, "highway": "unclassified", "name": "Middle Road", "ref": null, "length_m": 11.8, "nbi": "P61019500000000"}, "geometry": {"type": "LineString", "coordinates": [[-91.5043705, 44.2372314], [-91.5042231, 44.2372306]]}}, {"type": "Feature", "properties": {"layer": "osm_deck", "osm_id": 497578763, "highway": "tertiary", "name": "44th Avenue", "ref": null, "length_m": 49.2, "nbi": "85025"}, "geometry": {"type": "LineString", "coordinates": [[-91.7055852, 44.0576847], [-91.7051813, 44.0580184]]}}, {"type": "Feature", "properties": {"layer": "osm_deck", "osm_id": 547274296, "highway": "tertiary", "name": "County Road 7", "ref": "CR 7", "length_m": 19.0, "nbi": "97304"}, "geometry": {"type": "LineString", "coordinates": [[-91.4964516, 43.9801738], [-91.4962321, 43.9801094]]}}, {"type": "Feature", "properties": {"layer": "osm_deck", "osm_id": 681768203, "highway": "service", "name": null, "ref": null, "length_m": 15.0}, "geometry": {"type": "LineString", "coordinates": [[-91.6564235, 44.0370182], [-91.6562458, 44.0369762]]}}, {"type": "Feature", "properties": {"layer": "osm_deck", "osm_id": 681768207, "highway": "service", "name": null, "ref": null, "length_m": 18.6}, "geometry": {"type": "LineString", "coordinates": [[-91.6575221, 44.036344], [-91.6575937, 44.0361846]]}}, {"type": "Feature", "properties": {"layer": "osm_deck", "osm_id": 682193804, "highway": "residential", "name": "Sugar Loaf Road", "ref": null, "length_m": 26.8, "nbi": "L1386"}, "geometry": {"type": "LineString", "coordinates": [[-91.6219836, 44.0237213], [-91.6222749, 44.0238393]]}}, {"type": "Feature", "properties": {"layer": "osm_deck", "osm_id": 682193807, "highway": "footway", "name": null, "ref": null, "length_m": 51.2, "nbi": "95859"}, "geometry": {"type": "LineString", "coordinates": [[-91.6206533, 44.0251784], [-91.6204887, 44.0247332]]}}, {"type": "Feature", "properties": {"layer": "osm_deck", "osm_id": 732438362, "highway": "cycleway", "name": null, "ref": null, "length_m": 699.1}, "geometry": {"type": "LineString", "coordinates": [[-91.6391074, 44.0597045], [-91.6393819, 44.0592837], [-91.6397951, 44.0585404], [-91.6402114, 44.0577656], [-91.640828, 44.0566188], [-91.6413991, 44.0555377], [-91.6417002, 44.054965], [-91.6418114, 44.0547594], [-91.6419061, 44.0545684], [-91.6419883, 44.0543718], [-91.642062, 44.0541635], [-91.6421769, 44.0538201]]}}, {"type": "Feature", "properties": {"layer": "osm_deck", "osm_id": 762547225, "highway": "cycleway", "name": null, "ref": null, "length_m": 320.5, "nbi": "B06075200000000"}, "geometry": {"type": "LineString", "coordinates": [[-91.6377377, 44.0612949], [-91.636315, 44.0639915]]}}, {"type": "Feature", "properties": {"layer": "osm_deck", "osm_id": 763969696, "highway": "residential", "name": "Pfeiffer Road", "ref": null, "length_m": 26.9, "nbi": "85567"}, "geometry": {"type": "LineString", "coordinates": [[-91.6457521, 43.9925429], [-91.6460029, 43.9927032]]}}, {"type": "Feature", "properties": {"layer": "osm_deck", "osm_id": 763969765, "highway": "service", "name": null, "ref": null, "length_m": 14.1}, "geometry": {"type": "LineString", "coordinates": [[-91.6003506, 43.9933621], [-91.6001747, 43.9933652]]}}, {"type": "Feature", "properties": {"layer": "osm_deck", "osm_id": 766384496, "highway": "service", "name": null, "ref": null, "length_m": 9.2}, "geometry": {"type": "LineString", "coordinates": [[-91.5084912, 44.0099163], [-91.5086035, 44.0099001]]}}, {"type": "Feature", "properties": {"layer": "osm_deck", "osm_id": 775779372, "highway": "service", "name": null, "ref": null, "length_m": 9.0}, "geometry": {"type": "LineString", "coordinates": [[-91.5011225, 44.2469748], [-91.5010457, 44.2470342]]}}, {"type": "Feature", "properties": {"layer": "osm_deck", "osm_id": 782553501, "highway": "primary", "name": null, "ref": "US 14", "length_m": 25.2}, "geometry": {"type": "LineString", "coordinates": [[-91.8098473, 44.0068014], [-91.8097893, 44.0068774], [-91.8097456, 44.0069373], [-91.8096949, 44.0069996]]}}, {"type": "Feature", "properties": {"layer": "osm_deck", "osm_id": 867873126, "highway": "unclassified", "name": "Bartlet Lake Road", "ref": null, "length_m": 77.4}, "geometry": {"type": "LineString", "coordinates": [[-91.6970203, 44.0740613], [-91.696961, 44.0741195], [-91.6968889, 44.0742166], [-91.6968923, 44.0743124], [-91.6969799, 44.0744367], [-91.6970959, 44.074549], [-91.697239, 44.0746422]]}}, {"type": "Feature", "properties": {"layer": "osm_deck", "osm_id": 874913923, "highway": "secondary", "name": "State Road 88", "ref": "WI 88", "length_m": 9.0}, "geometry": {"type": "LineString", "coordinates": [[-91.7540335, 44.2068472], [-91.7540173, 44.2069273]]}}, {"type": "Feature", "properties": {"layer": "osm_deck", "osm_id": 874913925, "highway": "secondary", "name": "State Road 88", "ref": "WI 88", "length_m": 9.1}, "geometry": {"type": "LineString", "coordinates": [[-91.7602238, 44.2000613], [-91.7601672, 44.2001324]]}}, {"type": "Feature", "properties": {"layer": "osm_deck", "osm_id": 884755361, "highway": "residential", "name": "Midway Road", "ref": null, "length_m": 8.1}, "geometry": {"type": "LineString", "coordinates": [[-91.655699, 44.0849445], [-91.655782, 44.0849864]]}}, {"type": "Feature", "properties": {"layer": "osm_deck", "osm_id": 884807202, "highway": "service", "name": null, "ref": null, "length_m": 10.9}, "geometry": {"type": "LineString", "coordinates": [[-91.6186858, 44.1717901], [-91.6188226, 44.171789]]}}, {"type": "Feature", "properties": {"layer": "osm_deck", "osm_id": 884807225, "highway": "service", "name": null, "ref": null, "length_m": 13.4}, "geometry": {"type": "LineString", "coordinates": [[-91.6297053, 44.1757611], [-91.629857, 44.1758127]]}}, {"type": "Feature", "properties": {"layer": "osm_deck", "osm_id": 927507860, "highway": "service", "name": null, "ref": null, "length_m": 6.0}, "geometry": {"type": "LineString", "coordinates": [[-91.8129438, 44.2308084], [-91.8129504, 44.2308621]]}}, {"type": "Feature", "properties": {"layer": "osm_deck", "osm_id": 928058393, "highway": "service", "name": null, "ref": null, "length_m": 10.5}, "geometry": {"type": "LineString", "coordinates": [[-91.7930449, 44.013379], [-91.792977, 44.0132977]]}}, {"type": "Feature", "properties": {"layer": "osm_deck", "osm_id": 929553965, "highway": "residential", "name": "Horse Shoe Road", "ref": null, "length_m": 24.0, "nbi": "85576"}, "geometry": {"type": "LineString", "coordinates": [[-91.8442878, 44.0619887], [-91.8442866, 44.0622046]]}}, {"type": "Feature", "properties": {"layer": "osm_deck", "osm_id": 932237990, "highway": "service", "name": null, "ref": null, "length_m": 12.6}, "geometry": {"type": "LineString", "coordinates": [[-91.8081938, 44.0219311], [-91.8080699, 44.0218608]]}}, {"type": "Feature", "properties": {"layer": "osm_deck", "osm_id": 932282559, "highway": "service", "name": null, "ref": null, "length_m": 23.7}, "geometry": {"type": "LineString", "coordinates": [[-91.5073166, 43.9922118], [-91.5072745, 43.9921372], [-91.5071924, 43.9920179]]}}, {"type": "Feature", "properties": {"layer": "osm_deck", "osm_id": 932346293, "highway": "service", "name": null, "ref": null, "length_m": 18.7}, "geometry": {"type": "LineString", "coordinates": [[-91.4714681, 44.2966118], [-91.471447, 44.296444]]}}, {"type": "Feature", "properties": {"layer": "osm_deck", "osm_id": 932445635, "highway": "service", "name": null, "ref": null, "length_m": 13.9}, "geometry": {"type": "LineString", "coordinates": [[-91.5646057, 43.9913038], [-91.5644333, 43.991314]]}}, {"type": "Feature", "properties": {"layer": "osm_deck", "osm_id": 932549553, "highway": "service", "name": null, "ref": null, "length_m": 24.6}, "geometry": {"type": "LineString", "coordinates": [[-91.6367592, 44.2079632], [-91.6364527, 44.2079452]]}}, {"type": "Feature", "properties": {"layer": "osm_deck", "osm_id": 932805362, "highway": "service", "name": null, "ref": null, "length_m": 9.3}, "geometry": {"type": "LineString", "coordinates": [[-91.6038232, 44.0039275], [-91.6039391, 44.0039304]]}}, {"type": "Feature", "properties": {"layer": "osm_deck", "osm_id": 933670355, "highway": "service", "name": null, "ref": null, "length_m": 10.1}, "geometry": {"type": "LineString", "coordinates": [[-91.7450058, 43.9803839], [-91.7450101, 43.9802928]]}}, {"type": "Feature", "properties": {"layer": "osm_deck", "osm_id": 935688324, "highway": "service", "name": null, "ref": null, "length_m": 15.2}, "geometry": {"type": "LineString", "coordinates": [[-91.6651298, 44.1407665], [-91.6650357, 44.1408852]]}}, {"type": "Feature", "properties": {"layer": "osm_deck", "osm_id": 936143852, "highway": "cycleway", "name": "Flyway Trail", "ref": null, "length_m": 193.2}, "geometry": {"type": "LineString", "coordinates": [[-91.6270988, 44.0697777], [-91.6273453, 44.0695219], [-91.6274984, 44.0691812], [-91.6277402, 44.0681258]]}}, {"type": "Feature", "properties": {"layer": "osm_deck", "osm_id": 936594802, "highway": "service", "name": null, "ref": null, "length_m": 15.0}, "geometry": {"type": "LineString", "coordinates": [[-91.7350342, 44.2224403], [-91.7348462, 44.2224385]]}}, {"type": "Feature", "properties": {"layer": "osm_deck", "osm_id": 939759215, "highway": "service", "name": null, "ref": null, "length_m": 6.3}, "geometry": {"type": "LineString", "coordinates": [[-91.8223683, 44.0019284], [-91.822426, 44.001967]]}}, {"type": "Feature", "properties": {"layer": "osm_deck", "osm_id": 939974889, "highway": "service", "name": null, "ref": null, "length_m": 13.8}, "geometry": {"type": "LineString", "coordinates": [[-91.6439151, 44.288597], [-91.6439098, 44.2887207]]}}, {"type": "Feature", "properties": {"layer": "osm_deck", "osm_id": 962456856, "highway": "residential", "name": "Bluff Siding Road", "ref": null, "length_m": 14.6, "nbi": "B06088800000000"}, "geometry": {"type": "LineString", "coordinates": [[-91.6015987, 44.0699722], [-91.6017706, 44.0700147]]}}, {"type": "Feature", "properties": {"layer": "osm_deck", "osm_id": 962456868, "highway": "residential", "name": "Gold Street", "ref": null, "length_m": 6.7}, "geometry": {"type": "LineString", "coordinates": [[-91.6075411, 44.0728917], [-91.6076231, 44.0728785]]}}, {"type": "Feature", "properties": {"layer": "osm_deck", "osm_id": 962456871, "highway": "residential", "name": "Chicken Valley Road", "ref": null, "length_m": 13.1, "nbi": "B06013600000000"}, "geometry": {"type": "LineString", "coordinates": [[-91.6076608, 44.0719638], [-91.607557, 44.0720549]]}}, {"type": "Feature", "properties": {"layer": "osm_deck", "osm_id": 962456873, "highway": "service", "name": null, "ref": null, "length_m": 5.8}, "geometry": {"type": "LineString", "coordinates": [[-91.6017767, 44.0691763], [-91.6018492, 44.0691821]]}}, {"type": "Feature", "properties": {"layer": "osm_deck", "osm_id": 1003186892, "highway": "footway", "name": null, "ref": null, "length_m": 12.6}, "geometry": {"type": "LineString", "coordinates": [[-91.6896564, 44.0811803], [-91.6897878, 44.0812428]]}}, {"type": "Feature", "properties": {"layer": "osm_deck", "osm_id": 1003186899, "highway": "footway", "name": null, "ref": null, "length_m": 14.0}, "geometry": {"type": "LineString", "coordinates": [[-91.7201173, 44.0927285], [-91.7200633, 44.0928485]]}}, {"type": "Feature", "properties": {"layer": "osm_deck", "osm_id": 1003186905, "highway": "footway", "name": null, "ref": null, "length_m": 61.8}, "geometry": {"type": "LineString", "coordinates": [[-91.7309054, 44.093323], [-91.730907, 44.0933815], [-91.7309083, 44.0934277], [-91.7309096, 44.0934795], [-91.7309108, 44.0935231], [-91.7309122, 44.0935754], [-91.7309136, 44.0936297], [-91.7309151, 44.0936841], [-91.7309161, 44.0937218], [-91.730917, 44.0937509], [-91.7309177, 44.0937843], [-91.7309186, 44.0938134], [-91.7309191, 44.093828], [-91.7309205, 44.0938795]]}}, {"type": "Feature", "properties": {"layer": "osm_deck", "osm_id": 1003186906, "highway": "footway", "name": null, "ref": null, "length_m": 110.0}, "geometry": {"type": "LineString", "coordinates": [[-91.7306367, 44.0938778], [-91.730636, 44.0938433], [-91.7306355, 44.0938117], [-91.7306349, 44.0937802], [-91.7306343, 44.0937435], [-91.730633, 44.0936793], [-91.7306325, 44.0936366], [-91.7306321, 44.0936193], [-91.7306314, 44.0935786], [-91.7306309, 44.0935531], [-91.7306302, 44.0935164], [-91.7306293, 44.0934628], [-91.7306284, 44.0934116], [-91.7306277, 44.093378], [-91.7306271, 44.0933401], [-91.7305633, 44.0933384], [-91.7305474, 44.0933379], [-91.7304689, 44.0933358], [-91.730333, 44.0933321], [-91.7302137, 44.0933288], [-91.7301004, 44.0933257], [-91.7300001, 44.093323]]}}, {"type": "Feature", "properties": {"layer": "osm_deck", "osm_id": 1003186907, "highway": "footway", "name": null, "ref": null, "length_m": 3.7}, "geometry": {"type": "LineString", "coordinates": [[-91.7305643, 44.0933056], [-91.7305633, 44.0933384]]}}, {"type": "Feature", "properties": {"layer": "osm_deck", "osm_id": 1003186908, "highway": "footway", "name": null, "ref": null, "length_m": 102.8}, "geometry": {"type": "LineString", "coordinates": [[-91.7299339, 44.0929721], [-91.7299948, 44.0929721], [-91.7299951, 44.0929895], [-91.7299957, 44.0930347], [-91.7299966, 44.0930836], [-91.7299973, 44.0931376], [-91.729998, 44.0931815], [-91.7299986, 44.0932254], [-91.7299993, 44.0932707], [-91.7299999, 44.0933133], [-91.7300001, 44.093323], [-91.7299997, 44.0933651], [-91.7299992, 44.0934097], [-91.7299987, 44.093458], [-91.7299983, 44.093504], [-91.7299976, 44.0935728], [-91.7299969, 44.0936436], [-91.7299962, 44.0937179], [-91.7299955, 44.0937876], [-91.7299948, 44.0938539]]}}, {"type": "Feature", "properties": {"layer": "osm_deck", "osm_id": 1003186909, "highway": "footway", "name": null, "ref": null, "length_m": 9.1}, "geometry": {"type": "LineString", "coordinates": [[-91.7299951, 44.0929895], [-91.7301082, 44.0929928]]}}, {"type": "Feature", "properties": {"layer": "osm_deck", "osm_id": 1003186911, "highway": "footway", "name": null, "ref": null, "length_m": 11.6}, "geometry": {"type": "LineString", "coordinates": [[-91.7309915, 44.0938793], [-91.7309205, 44.0938795], [-91.730847, 44.0938793]]}}, {"type": "Feature", "properties": {"layer": "osm_deck", "osm_id": 1003186912, "highway": "footway", "name": null, "ref": null, "length_m": 10.7}, "geometry": {"type": "LineString", "coordinates": [[-91.7307038, 44.0938772], [-91.7306367, 44.0938778], [-91.7305705, 44.0938793]]}}, {"type": "Feature", "properties": {"layer": "osm_deck", "osm_id": 1003186913, "highway": "footway", "name": null, "ref": null, "length_m": 11.1}, "geometry": {"type": "LineString", "coordinates": [[-91.7299285, 44.0938548], [-91.7299948, 44.0938539], [-91.7300673, 44.0938528]]}}, {"type": "Feature", "properties": {"layer": "osm_deck", "osm_id": 1003186914, "highway": "footway", "name": null, "ref": null, "length_m": 13.3}, "geometry": {"type": "LineString", "coordinates": [[-91.7298873, 44.0937876], [-91.7299351, 44.0937876], [-91.7299606, 44.0937876], [-91.7299955, 44.0937876], [-91.7300531, 44.0937876]]}}, {"type": "Feature", "properties": {"layer": "osm_deck", "osm_id": 1003186915, "highway": "footway", "name": null, "ref": null, "length_m": 10.1}, "geometry": {"type": "LineString", "coordinates": [[-91.7300588, 44.0937184], [-91.7299962, 44.0937179], [-91.7299657, 44.0937177], [-91.7299327, 44.0937174]]}}, {"type": "Feature", "properties": {"layer": "osm_deck", "osm_id": 1003186916, "highway": "footway", "name": null, "ref": null, "length_m": 10.0}, "geometry": {"type": "LineString", "coordinates": [[-91.7300588, 44.0936441], [-91.7299969, 44.0936436], [-91.7299341, 44.0936431]]}}, {"type": "Feature", "properties": {"layer": "osm_deck", "osm_id": 1003186917, "highway": "footway", "name": null, "ref": null, "length_m": 9.8}, "geometry": {"type": "LineString", "coordinates": [[-91.7300584, 44.0935739], [-91.7299976, 44.0935728], [-91.7299361, 44.0935717]]}}, {"type": "Feature", "properties": {"layer": "osm_deck", "osm_id": 1003186918, "highway": "footway", "name": null, "ref": null, "length_m": 5.3}, "geometry": {"type": "LineString", "coordinates": [[-91.7299983, 44.093504], [-91.7299321, 44.0935026]]}}, {"type": "Feature", "properties": {"layer": "osm_deck", "osm_id": 1003186919, "highway": "footway", "name": null, "ref": null, "length_m": 5.0}, "geometry": {"type": "LineString", "coordinates": [[-91.7299987, 44.093458], [-91.7299361, 44.0934572]]}}, {"type": "Feature", "properties": {"layer": "osm_deck", "osm_id": 1003186920, "highway": "footway", "name": null, "ref": null, "length_m": 8.0}, "geometry": {"type": "LineString", "coordinates": [[-91.7299999, 44.0933133], [-91.7299001, 44.0933125]]}}, {"type": "Feature", "properties": {"layer": "osm_deck", "osm_id": 1003186921, "highway": "footway", "name": null, "ref": null, "length_m": 7.6}, "geometry": {"type": "LineString", "coordinates": [[-91.7299992, 44.0934097], [-91.7299701, 44.0934095], [-91.7299041, 44.093409]]}}, {"type": "Feature", "properties": {"layer": "osm_deck", "osm_id": 1003186922, "highway": "footway", "name": null, "ref": null, "length_m": 8.0}, "geometry": {"type": "LineString", "coordinates": [[-91.7299997, 44.0933651], [-91.7299001, 44.0933644]]}}, {"type": "Feature", "properties": {"layer": "osm_deck", "osm_id": 1003186923, "highway": "footway", "name": null, "ref": null, "length_m": 11.6}, "geometry": {"type": "LineString", "coordinates": [[-91.7299993, 44.0932707], [-91.7298539, 44.0932693]]}}, {"type": "Feature", "properties": {"layer": "osm_deck", "osm_id": 1003186924, "highway": "footway", "name": null, "ref": null, "length_m": 11.6}, "geometry": {"type": "LineString", "coordinates": [[-91.7299986, 44.0932254], [-91.7298538, 44.0932261]]}}, {"type": "Feature", "properties": {"layer": "osm_deck", "osm_id": 1003186925, "highway": "footway", "name": null, "ref": null, "length_m": 7.9}, "geometry": {"type": "LineString", "coordinates": [[-91.729998, 44.0931815], [-91.729899, 44.0931808]]}}, {"type": "Feature", "properties": {"layer": "osm_deck", "osm_id": 1003186926, "highway": "footway", "name": null, "ref": null, "length_m": 7.5}, "geometry": {"type": "LineString", "coordinates": [[-91.7299973, 44.0931376], [-91.7299031, 44.0931376]]}}, {"type": "Feature", "properties": {"layer": "osm_deck", "osm_id": 1003186927, "highway": "footway", "name": null, "ref": null, "length_m": 8.6}, "geometry": {"type": "LineString", "coordinates": [[-91.7299966, 44.0930836], [-91.729889, 44.0930821]]}}, {"type": "Feature", "properties": {"layer": "osm_deck", "osm_id": 1003186928, "highway": "footway", "name": null, "ref": null, "length_m": 4.7}, "geometry": {"type": "LineString", "coordinates": [[-91.7299957, 44.0930347], [-91.7299371, 44.0930346]]}}, {"type": "Feature", "properties": {"layer": "osm_deck", "osm_id": 1003186929, "highway": "footway", "name": null, "ref": null, "length_m": 5.9}, "geometry": {"type": "LineString", "coordinates": [[-91.7305474, 44.0933379], [-91.730545, 44.0933907]]}}, {"type": "Feature", "properties": {"layer": "osm_deck", "osm_id": 1003186930, "highway": "footway", "name": null, "ref": null, "length_m": 8.8}, "geometry": {"type": "LineString", "coordinates": [[-91.7301004, 44.0933257], [-91.7300955, 44.0934044]]}}, {"type": "Feature", "properties": {"layer": "osm_deck", "osm_id": 1003186931, "highway": "footway", "name": null, "ref": null, "length_m": 9.1}, "geometry": {"type": "LineString", "coordinates": [[-91.7302137, 44.0933288], [-91.7302076, 44.0934104]]}}, {"type": "Feature", "properties": {"layer": "osm_deck", "osm_id": 1003186932, "highway": "footway", "name": null, "ref": null, "length_m": 9.1}, "geometry": {"type": "LineString", "coordinates": [[-91.7304689, 44.0933358], [-91.7304639, 44.0934181]]}}, {"type": "Feature", "properties": {"layer": "osm_deck", "osm_id": 1003186933, "highway": "footway", "name": null, "ref": null, "length_m": 8.8}, "geometry": {"type": "LineString", "coordinates": [[-91.730333, 44.0933321], [-91.730328, 44.0934113]]}}, {"type": "Feature", "properties": {"layer": "osm_deck", "osm_id": 1003186934, "highway": "footway", "name": null, "ref": null, "length_m": 11.4}, "geometry": {"type": "LineString", "coordinates": [[-91.7309819, 44.0936293], [-91.7309136, 44.0936297], [-91.73084, 44.0936302]]}}, {"type": "Feature", "properties": {"layer": "osm_deck", "osm_id": 1003186935, "highway": "footway", "name": null, "ref": null, "length_m": 11.3}, "geometry": {"type": "LineString", "coordinates": [[-91.7309796, 44.0935754], [-91.7309122, 44.0935754], [-91.7308389, 44.0935754]]}}, {"type": "Feature", "properties": {"layer": "osm_deck", "osm_id": 1003186936, "highway": "footway", "name": null, "ref": null, "length_m": 11.4}, "geometry": {"type": "LineString", "coordinates": [[-91.7309807, 44.0935223], [-91.7309108, 44.0935231], [-91.7308377, 44.093524]]}}, {"type": "Feature", "properties": {"layer": "osm_deck", "osm_id": 1003186937, "highway": "footway", "name": null, "ref": null, "length_m": 11.0}, "geometry": {"type": "LineString", "coordinates": [[-91.7308389, 44.0934795], [-91.7309096, 44.0934795], [-91.7309759, 44.0934795]]}}, {"type": "Feature", "properties": {"layer": "osm_deck", "osm_id": 1003186938, "highway": "footway", "name": null, "ref": null, "length_m": 10.7}, "geometry": {"type": "LineString", "coordinates": [[-91.7309712, 44.0934273], [-91.7309083, 44.0934277], [-91.7308377, 44.0934281]]}}, {"type": "Feature", "properties": {"layer": "osm_deck", "osm_id": 1003186939, "highway": "footway", "name": null, "ref": null, "length_m": 10.1}, "geometry": {"type": "LineString", "coordinates": [[-91.730964, 44.0933819], [-91.730907, 44.0933815], [-91.7308377, 44.093381]]}}, {"type": "Feature", "properties": {"layer": "osm_deck", "osm_id": 1003186940, "highway": "footway", "name": null, "ref": null, "length_m": 11.5}, "geometry": {"type": "LineString", "coordinates": [[-91.730703, 44.0934624], [-91.7306293, 44.0934628], [-91.73056, 44.0934632]]}}, {"type": "Feature", "properties": {"layer": "osm_deck", "osm_id": 1003186941, "highway": "footway", "name": null, "ref": null, "length_m": 11.9}, "geometry": {"type": "LineString", "coordinates": [[-91.7309819, 44.0936841], [-91.7309151, 44.0936841], [-91.7308329, 44.0936841]]}}, {"type": "Feature", "properties": {"layer": "osm_deck", "osm_id": 1003186942, "highway": "footway", "name": null, "ref": null, "length_m": 5.6}, "geometry": {"type": "LineString", "coordinates": [[-91.730917, 44.0937509], [-91.7308472, 44.0937518]]}}, {"type": "Feature", "properties": {"layer": "osm_deck", "osm_id": 1003186943, "highway": "footway", "name": null, "ref": null, "length_m": 5.3}, "geometry": {"type": "LineString", "coordinates": [[-91.7309161, 44.0937218], [-91.7309819, 44.0937218]]}}, {"type": "Feature", "properties": {"layer": "osm_deck", "osm_id": 1003186944, "highway": "footway", "name": null, "ref": null, "length_m": 6.1}, "geometry": {"type": "LineString", "coordinates": [[-91.7309186, 44.0938134], [-91.7308424, 44.0938143]]}}, {"type": "Feature", "properties": {"layer": "osm_deck", "osm_id": 1003186945, "highway": "footway", "name": null, "ref": null, "length_m": 5.4}, "geometry": {"type": "LineString", "coordinates": [[-91.7309191, 44.093828], [-91.7309866, 44.093828]]}}, {"type": "Feature", "properties": {"layer": "osm_deck", "osm_id": 1003186946, "highway": "footway", "name": null, "ref": null, "length_m": 5.8}, "geometry": {"type": "LineString", "coordinates": [[-91.7309177, 44.0937843], [-91.7309903, 44.0937843]]}}, {"type": "Feature", "properties": {"layer": "osm_deck", "osm_id": 1003186947, "highway": "footway", "name": null, "ref": null, "length_m": 5.2}, "geometry": {"type": "LineString", "coordinates": [[-91.7306284, 44.0934116], [-91.7306927, 44.0934126]]}}, {"type": "Feature", "properties": {"layer": "osm_deck", "osm_id": 1003186948, "highway": "footway", "name": null, "ref": null, "length_m": 5.2}, "geometry": {"type": "LineString", "coordinates": [[-91.7306277, 44.093378], [-91.7306927, 44.093378]]}}, {"type": "Feature", "properties": {"layer": "osm_deck", "osm_id": 1003186949, "highway": "footway", "name": null, "ref": null, "length_m": 11.9}, "geometry": {"type": "LineString", "coordinates": [[-91.7307055, 44.0935164], [-91.7306302, 44.0935164], [-91.7305566, 44.0935164]]}}, {"type": "Feature", "properties": {"layer": "osm_deck", "osm_id": 1003186950, "highway": "footway", "name": null, "ref": null, "length_m": 6.5}, "geometry": {"type": "LineString", "coordinates": [[-91.730636, 44.0938433], [-91.7305552, 44.0938443]]}}, {"type": "Feature", "properties": {"layer": "osm_deck", "osm_id": 1003186951, "highway": "footway", "name": null, "ref": null, "length_m": 5.4}, "geometry": {"type": "LineString", "coordinates": [[-91.7306355, 44.0938117], [-91.7307025, 44.0938117]]}}, {"type": "Feature", "properties": {"layer": "osm_deck", "osm_id": 1003186952, "highway": "footway", "name": null, "ref": null, "length_m": 8.5}, "geometry": {"type": "LineString", "coordinates": [[-91.7306349, 44.0937802], [-91.7305283, 44.0937791]]}}, {"type": "Feature", "properties": {"layer": "osm_deck", "osm_id": 1003186953, "highway": "footway", "name": null, "ref": null, "length_m": 10.9}, "geometry": {"type": "LineString", "coordinates": [[-91.7305665, 44.0937425], [-91.7306343, 44.0937435], [-91.7307026, 44.0937445]]}}, {"type": "Feature", "properties": {"layer": "osm_deck", "osm_id": 1003186954, "highway": "footway", "name": null, "ref": null, "length_m": 11.6}, "geometry": {"type": "LineString", "coordinates": [[-91.7307055, 44.0936793], [-91.730633, 44.0936793], [-91.730561, 44.0936793]]}}, {"type": "Feature", "properties": {"layer": "osm_deck", "osm_id": 1003186955, "highway": "footway", "name": null, "ref": null, "length_m": 5.3}, "geometry": {"type": "LineString", "coordinates": [[-91.7306325, 44.0936366], [-91.7306984, 44.0936356]]}}, {"type": "Feature", "properties": {"layer": "osm_deck", "osm_id": 1003186956, "highway": "footway", "name": null, "ref": null, "length_m": 6.0}, "geometry": {"type": "LineString", "coordinates": [[-91.7306321, 44.0936193], [-91.7305566, 44.0936193]]}}, {"type": "Feature", "properties": {"layer": "osm_deck", "osm_id": 1003186957, "highway": "footway", "name": null, "ref": null, "length_m": 6.3}, "geometry": {"type": "LineString", "coordinates": [[-91.7306309, 44.0935531], [-91.7305524, 44.0935521]]}}, {"type": "Feature", "properties": {"layer": "osm_deck", "osm_id": 1003186958, "highway": "footway", "name": null, "ref": null, "length_m": 5.3}, "geometry": {"type": "LineString", "coordinates": [[-91.7306314, 44.0935786], [-91.730697, 44.0935796]]}}, {"type": "Feature", "properties": {"layer": "osm_deck", "osm_id": 1003186960, "highway": "footway", "name": null, "ref": null, "length_m": 28.5}, "geometry": {"type": "LineString", "coordinates": [[-91.7311296, 44.0933179], [-91.7311237, 44.0935745]]}}, {"type": "Feature", "properties": {"layer": "osm_deck", "osm_id": 1089328274, "highway": "residential", "name": "Fimian Road", "ref": null, "length_m": 16.1, "nbi": "B06008300000000"}, "geometry": {"type": "LineString", "coordinates": [[-91.7399259, 44.2704221], [-91.7400858, 44.2705106]]}}, {"type": "Feature", "properties": {"layer": "osm_deck", "osm_id": 1094018586, "highway": "path", "name": "River Bottoms Boardwalk", "ref": null, "length_m": 100.5}, "geometry": {"type": "LineString", "coordinates": [[-91.5979486, 44.0570183], [-91.5973077, 44.0569537], [-91.596808, 44.0569915], [-91.5967053, 44.0569764]]}}, {"type": "Feature", "properties": {"layer": "osm_deck", "osm_id": 1094354702, "highway": "unclassified", "name": "Refuge Road", "ref": null, "length_m": 43.7, "nbi": "000032578-00043"}, "geometry": {"type": "LineString", "coordinates": [[-91.5193658, 44.0509484], [-91.5190356, 44.0512621]]}}, {"type": "Feature", "properties": {"layer": "osm_deck", "osm_id": 1101547873, "highway": "tertiary", "name": "County Road E", "ref": "E", "length_m": 32.4, "nbi": "B06003800000000"}, "geometry": {"type": "LineString", "coordinates": [[-91.7400084, 44.2726162], [-91.7403488, 44.272458]]}}, {"type": "Feature", "properties": {"layer": "osm_deck", "osm_id": 1101547874, "highway": "tertiary", "name": "County Road E", "ref": "E", "length_m": 24.0, "nbi": "B06002700000000"}, "geometry": {"type": "LineString", "coordinates": [[-91.704061, 44.2983611], [-91.7043421, 44.298284]]}}, {"type": "Feature", "properties": {"layer": "osm_deck", "osm_id": 1120164061, "highway": "tertiary", "name": "County Road C", "ref": "C", "length_m": 7.7, "nbi": "P06090900000000"}, "geometry": {"type": "LineString", "coordinates": [[-91.5544494, 44.2977712], [-91.5544515, 44.2978408]]}}, {"type": "Feature", "properties": {"layer": "osm_deck", "osm_id": 1120164069, "highway": "tertiary", "name": "County Road G", "ref": "G", "length_m": 11.3, "nbi": "B06010700000000"}, "geometry": {"type": "LineString", "coordinates": [[-91.6784483, 44.2093231], [-91.6783104, 44.2093007]]}}, {"type": "Feature", "properties": {"layer": "osm_deck", "osm_id": 1120164073, "highway": "tertiary", "name": "County Road E", "ref": "E", "length_m": 31.3, "nbi": "B06014800000000"}, "geometry": {"type": "LineString", "coordinates": [[-91.6807528, 44.2971771], [-91.6810923, 44.2973179]]}}, {"type": "Feature", "properties": {"layer": "osm_deck", "osm_id": 1154757193, "highway": "residential", "name": "Lewis Valley Road", "ref": null, "length_m": 11.7, "nbi": "B61014500000000"}, "geometry": {"type": "LineString", "coordinates": [[-91.4819764, 44.2979666], [-91.4821192, 44.2979423]]}}, {"type": "Feature", "properties": {"layer": "osm_deck", "osm_id": 1190470881, "highway": "trunk", "name": "State Highway 93", "ref": "WI 93", "length_m": 20.9, "nbi": "B61011100000000"}, "geometry": {"type": "LineString", "coordinates": [[-91.4482667, 44.1747484], [-91.4483522, 44.1749265]]}}, {"type": "Feature", "properties": {"layer": "osm_deck", "osm_id": 1190470883, "highway": "trunk", "name": "State Highway 93", "ref": "WI 93", "length_m": 31.9, "nbi": "B61011000000000"}, "geometry": {"type": "LineString", "coordinates": [[-91.4465494, 44.1683856], [-91.4466166, 44.1686688]]}}, {"type": "Feature", "properties": {"layer": "osm_deck", "osm_id": 1190470885, "highway": "trunk", "name": "State Highway 93", "ref": "WI 93", "length_m": 18.6, "nbi": "B61010900000000"}, "geometry": {"type": "LineString", "coordinates": [[-91.4425184, 44.1570946], [-91.4426373, 44.1572388]]}}, {"type": "Feature", "properties": {"layer": "osm_deck", "osm_id": 1190470887, "highway": "trunk", "name": "State Highway 93", "ref": "WI 93", "length_m": 9.5, "nbi": "B61011300000000"}, "geometry": {"type": "LineString", "coordinates": [[-91.4386381, 44.1418148], [-91.438692, 44.1418905]]}}, {"type": "Feature", "properties": {"layer": "osm_deck", "osm_id": 1190471971, "highway": "cycleway", "name": "Flyway Trail", "ref": null, "length_m": 16.1}, "geometry": {"type": "LineString", "coordinates": [[-91.6253615, 44.0707208], [-91.6255346, 44.0706479]]}}, {"type": "Feature", "properties": {"layer": "osm_deck", "osm_id": 1197753227, "highway": "cycleway", "name": null, "ref": null, "length_m": 9.5, "nbi": "6024"}, "geometry": {"type": "LineString", "coordinates": [[-91.7003479, 44.0446713], [-91.700413, 44.0447432]]}}, {"type": "Feature", "properties": {"layer": "osm_deck", "osm_id": 1217611584, "highway": "residential", "name": "Sullivan Road", "ref": null, "length_m": 14.4}, "geometry": {"type": "LineString", "coordinates": [[-91.4610617, 44.0110187], [-91.4611373, 44.0111365]]}}, {"type": "Feature", "properties": {"layer": "osm_deck", "osm_id": 1217611586, "highway": "tertiary", "name": "South Park Road", "ref": null, "length_m": 11.0, "nbi": "B61002000000000"}, "geometry": {"type": "LineString", "coordinates": [[-91.4768481, 44.0157169], [-91.4769805, 44.0157436]]}}, {"type": "Feature", "properties": {"layer": "osm_deck", "osm_id": 1319179328, "highway": "cycleway", "name": "Flyway Trail", "ref": null, "length_m": 81.1}, "geometry": {"type": "LineString", "coordinates": [[-91.6263588, 44.0702646], [-91.6267433, 44.0700812], [-91.6270988, 44.0697777]]}}, {"type": "Feature", "properties": {"layer": "osm_deck", "osm_id": 1378714041, "highway": "footway", "name": "River Road Trail Pedestrian Bridge", "ref": null, "length_m": 21.8}, "geometry": {"type": "LineString", "coordinates": [[-91.6135458, 44.0566636], [-91.6133238, 44.0565507]]}}, {"type": "Feature", "properties": {"layer": "osm_deck", "osm_id": 1414703630, "highway": "trunk", "name": "State Highway 93", "ref": "WI 93", "length_m": 25.2, "nbi": "B61007400000000"}, "geometry": {"type": "LineString", "coordinates": [[-91.473369, 44.2543225], [-91.4733424, 44.2545486]]}}, {"type": "Feature", "properties": {"layer": "osm_deck", "osm_id": 1430991273, "highway": "path", "name": null, "ref": null, "length_m": 13.6}, "geometry": {"type": "LineString", "coordinates": [[-91.6962662, 44.0413509], [-91.6961684, 44.0412512]]}}, {"type": "Feature", "properties": {"layer": "osm_deck", "osm_id": 1457670981, "highway": "unclassified", "name": "Schoepps Valley Road", "ref": null, "length_m": 16.0, "nbi": "B06018700000000"}, "geometry": {"type": "LineString", "coordinates": [[-91.716189, 44.2561719], [-91.7159952, 44.25621]]}}, {"type": "Feature", "properties": {"layer": "osm_deck", "osm_id": 1457670983, "highway": "unclassified", "name": "Schoepps Valley Road", "ref": null, "length_m": 44.1, "nbi": "B06023600000000"}, "geometry": {"type": "LineString", "coordinates": [[-91.7480895, 44.2458199], [-91.7477196, 44.2461149]]}}, {"type": "Feature", "properties": {"layer": "osm_deck", "osm_id": 1459900096, "highway": "tertiary", "name": "County Road E", "ref": "E", "length_m": 21.2, "nbi": "B06020800000000"}, "geometry": {"type": "LineString", "coordinates": [[-91.6708245, 44.2900216], [-91.6710904, 44.2900228]]}}, {"type": "Feature", "properties": {"layer": "osm_deck", "osm_id": 1459900098, "highway": "tertiary", "name": "County Road E", "ref": "E", "length_m": 24.5, "nbi": "B06014700000000"}, "geometry": {"type": "LineString", "coordinates": [[-91.6798441, 44.2956138], [-91.6798478, 44.2958343]]}}, {"type": "Feature", "properties": {"layer": "osm_deck", "osm_id": 1459900115, "highway": "tertiary", "name": "County Road E", "ref": "E", "length_m": 12.3}, "geometry": {"type": "LineString", "coordinates": [[-91.6545865, 44.2887689], [-91.6547152, 44.2888292]]}}, {"type": "Feature", "properties": {"layer": "osm_deck", "osm_id": 1490651688, "highway": "unclassified", "name": "Waumandee Creek Road", "ref": null, "length_m": 22.8, "nbi": "B06014900000000"}, "geometry": {"type": "LineString", "coordinates": [[-91.7581703, 44.191368], [-91.7584547, 44.1913834]]}}, {"type": "Feature", "properties": {"layer": "osm_deck", "osm_id": 1490651702, "highway": "unclassified", "name": "River Road", "ref": null, "length_m": 11.5, "nbi": "P06017200000000"}, "geometry": {"type": "LineString", "coordinates": [[-91.593775, 44.2186895], [-91.5936826, 44.2187687]]}}, {"type": "Feature", "properties": {"layer": "osm_deck", "osm_id": 1506886968, "highway": "residential", "name": "C Sobotta Lane", "ref": null, "length_m": 16.6, "nbi": "P61090800000000"}, "geometry": {"type": "LineString", "coordinates": [[-91.4369805, 44.2469217], [-91.4371885, 44.2469205]]}}, {"type": "Feature", "properties": {"layer": "osm_deck", "osm_id": 1507372966, "highway": "tertiary", "name": "County Road JJ", "ref": "CTH JJ", "length_m": 11.9, "nbi": "P61020100000000"}, "geometry": {"type": "LineString", "coordinates": [[-91.5435362, 44.1766535], [-91.5433987, 44.1766129]]}}, {"type": "Feature", "properties": {"layer": "osm_deck", "osm_id": 21624302, "highway": "cycleway", "name": "Buffalo River State Trail", "ref": null, "length_m": 22.3, "nbi": "P61010800000000"}, "geometry": {"type": "LineString", "coordinates": [[-91.4044026, 44.5509734], [-91.40415, 44.550886]]}}, {"type": "Feature", "properties": {"layer": "osm_deck", "osm_id": 241736460, "highway": "secondary", "name": "County Road B", "ref": "B", "length_m": 85.1}, "geometry": {"type": "LineString", "coordinates": [[-91.7246819, 44.4710429], [-91.7251856, 44.4710487], [-91.725676, 44.4710546], [-91.725751, 44.4710557]]}}, {"type": "Feature", "properties": {"layer": "osm_deck", "osm_id": 241736462, "highway": "tertiary", "name": "County Road D", "ref": "D", "length_m": 9.2, "nbi": "P06013700000000"}, "geometry": {"type": "LineString", "coordinates": [[-91.7353638, 44.4814731], [-91.7353684, 44.4815557]]}}, {"type": "Feature", "properties": {"layer": "osm_deck", "osm_id": 241736464, "highway": "secondary", "name": "County Road J", "ref": "J", "length_m": 56.0, "nbi": "B06002500000000"}, "geometry": {"type": "LineString", "coordinates": [[-91.7762178, 44.4440249], [-91.7763299, 44.4440138], [-91.7767899, 44.4439682], [-91.7769151, 44.4439559]]}}, {"type": "Feature", "properties": {"layer": "osm_deck", "osm_id": 241736466, "highway": "tertiary", "name": "County Highway Z", "ref": "CTH Z", "length_m": 22.6, "nbi": "P18012100000000"}, "geometry": {"type": "LineString", "coordinates": [[-91.6299446, 44.5997713], [-91.6299468, 44.5999743]]}}, {"type": "Feature", "properties": {"layer": "osm_deck", "osm_id": 241736471, "highway": "secondary", "name": "South Eau Claire Street", "ref": "H", "length_m": 76.4, "nbi": "B06004100000000"}, "geometry": {"type": "LineString", "coordinates": [[-91.6706023, 44.5615095], [-91.6706081, 44.562031], [-91.6706078, 44.562197]]}}, {"type": "Feature", "properties": {"layer": "osm_deck", "osm_id": 241736472, "highway": "secondary", "name": "North Eau Claire Street", "ref": "H", "length_m": 22.2}, "geometry": {"type": "LineString", "coordinates": [[-91.6707318, 44.5822879], [-91.6707318, 44.5824881]]}}, {"type": "Feature", "properties": {"layer": "osm_deck", "osm_id": 241736474, "highway": "residential", "name": "East Water Street", "ref": null, "length_m": 29.2, "nbi": "B06007000000000"}, "geometry": {"type": "LineString", "coordinates": [[-91.6689319, 44.565523], [-91.6685767, 44.5654534]]}}, {"type": "Feature", "properties": {"layer": "osm_deck", "osm_id": 241736476, "highway": "residential", "name": "Mock Road", "ref": null, "length_m": 7.1}, "geometry": {"type": "LineString", "coordinates": [[-91.7110341, 44.5766474], [-91.7110325, 44.5767116]]}}, {"type": "Feature", "properties": {"layer": "osm_deck", "osm_id": 241736481, "highway": "primary", "name": "State Road 37", "ref": "WI 37", "length_m": 21.6, "nbi": "B06011500000000"}, "geometry": {"type": "LineString", "coordinates": [[-91.7753354, 44.4456226], [-91.7753733, 44.4458152]]}}, {"type": "Feature", "properties": {"layer": "osm_deck", "osm_id": 241736482, "highway": "primary", "name": "State Road 37", "ref": "WI 37", "length_m": 37.3, "nbi": "B06007300000000"}, "geometry": {"type": "LineString", "coordinates": [[-91.6368745, 44.5918729], [-91.6365696, 44.5921288]]}}, {"type": "Feature", "properties": {"layer": "osm_deck", "osm_id": 241736483, "highway": "primary", "name": "State Road 37", "ref": "WI 37", "length_m": 15.7, "nbi": "B18015300000000"}, "geometry": {"type": "LineString", "coordinates": [[-91.6060283, 44.6126514], [-91.6059093, 44.6127643]]}}, {"type": "Feature", "properties": {"layer": "osm_deck", "osm_id": 241736484, "highway": "primary", "name": "West Riverside Avenue", "ref": "WI 37", "length_m": 32.6, "nbi": "B06003700000000"}, "geometry": {"type": "LineString", "coordinates": [[-91.6885608, 44.5577414], [-91.6882929, 44.5579637]]}}, {"type": "Feature", "properties": {"layer": "osm_deck", "osm_id": 241736485, "highway": "primary", "name": "State Road 37", "ref": "WI 37", "length_m": 65.2, "nbi": "B06011600000000"}, "geometry": {"type": "LineString", "coordinates": [[-91.7544169, 44.4609019], [-91.7536634, 44.4611329]]}}, {"type": "Feature", "properties": {"layer": "osm_deck", "osm_id": 241736486, "highway": "primary", "name": "State Road 37", "ref": "WI 37", "length_m": 93.5, "nbi": "B06011700000000"}, "geometry": {"type": "LineString", "coordinates": [[-91.7455184, 44.4625278], [-91.7450638, 44.4626847], [-91.7444609, 44.462895]]}}, {"type": "Feature", "properties": {"layer": "osm_deck", "osm_id": 241736494, "highway": "service", "name": null, "ref": null, "length_m": 9.1}, "geometry": {"type": "LineString", "coordinates": [[-91.7413963, 44.4642708], [-91.7414665, 44.4643359]]}}, {"type": "Feature", "properties": {"layer": "osm_deck", "osm_id": 241736495, "highway": "service", "name": null, "ref": null, "length_m": 9.8}, "geometry": {"type": "LineString", "coordinates": [[-91.713138, 44.5188568], [-91.713251, 44.5188913]]}}, {"type": "Feature", "properties": {"layer": "osm_deck", "osm_id": 241736499, "highway": "service", "name": null, "ref": null, "length_m": 63.8}, "geometry": {"type": "LineString", "coordinates": [[-91.7226141, 44.4920636], [-91.7225227, 44.4917494], [-91.7224575, 44.4915007]]}}, {"type": "Feature", "properties": {"layer": "osm_deck", "osm_id": 247887760, "highway": "trunk", "name": "State Highway 93", "ref": "WI 93", "length_m": 34.7, "nbi": "B61005100000000"}, "geometry": {"type": "LineString", "coordinates": [[-91.4006017, 44.4288752], [-91.4007953, 44.4291554]]}}, {"type": "Feature", "properties": {"layer": "osm_deck", "osm_id": 258555155, "highway": "residential", "name": "Cross Road", "ref": null, "length_m": 39.7, "nbi": "B61008100000000"}, "geometry": {"type": "LineString", "coordinates": [[-91.4530928, 44.3299628], [-91.4535909, 44.3299617]]}}, {"type": "Feature", "properties": {"layer": "osm_deck", "osm_id": 258555173, "highway": "trunk", "name": "State Highway 93", "ref": "WI 93", "length_m": 32.3, "nbi": "B61007200000000"}, "geometry": {"type": "LineString", "coordinates": [[-91.4418099, 44.3441657], [-91.4414645, 44.344318]]}}, {"type": "Feature", "properties": {"layer": "osm_deck", "osm_id": 258555174, "highway": "trunk", "name": "State Highway 93", "ref": "WI 93", "length_m": 18.4, "nbi": "B61007600000000"}, "geometry": {"type": "LineString", "coordinates": [[-91.4608118, 44.3142136], [-91.4608153, 44.3143794]]}}, {"type": "Feature", "properties": {"layer": "osm_deck", "osm_id": 275770719, "highway": "secondary", "name": "County Road H", "ref": "H", "length_m": 23.6, "nbi": "B06009700000000"}, "geometry": {"type": "LineString", "coordinates": [[-91.6200573, 44.488232], [-91.6200441, 44.488444]]}}, {"type": "Feature", "properties": {"layer": "osm_deck", "osm_id": 276084807, "highway": "secondary", "name": "County Road H", "ref": "H", "length_m": 16.0, "nbi": "B06018300000000"}, "geometry": {"type": "LineString", "coordinates": [[-91.6099659, 44.4664007], [-91.6099623, 44.4665447]]}}, {"type": "Feature", "properties": {"layer": "osm_deck", "osm_id": 277508677, "highway": "tertiary", "name": "County Road Z", "ref": "Z", "length_m": 27.3}, "geometry": {"type": "LineString", "coordinates": [[-91.6594429, 44.4761372], [-91.6597729, 44.4760701]]}}, {"type": "Feature", "properties": {"layer": "osm_deck", "osm_id": 277509166, "highway": "secondary", "name": "State Road 88", "ref": "WI 88", "length_m": 52.2, "nbi": "B06014400000000"}, "geometry": {"type": "LineString", "coordinates": [[-91.6770639, 44.4678998], [-91.6770563, 44.4680183], [-91.6770386, 44.4682976], [-91.677034, 44.4683694]]}}, {"type": "Feature", "properties": {"layer": "osm_deck", "osm_id": 282987386, "highway": "residential", "name": "Pape Valley Road", "ref": null, "length_m": 7.4, "nbi": "B06018100000000"}, "geometry": {"type": "LineString", "coordinates": [[-91.5401041, 44.3881536], [-91.5400896, 44.3882192]]}}, {"type": "Feature", "properties": {"layer": "osm_deck", "osm_id": 286964569, "highway": "tertiary", "name": "County Road HH", "ref": "HH", "length_m": 8.3, "nbi": "B06019600000000"}, "geometry": {"type": "LineString", "coordinates": [[-91.6036546, 44.5534763], [-91.6035508, 44.5534767]]}}, {"type": "Feature", "properties": {"layer": "osm_deck", "osm_id": 286964570, "highway": "tertiary", "name": "County Road HH", "ref": "HH", "length_m": 16.4}, "geometry": {"type": "LineString", "coordinates": [[-91.6193495, 44.5534948], [-91.6191433, 44.5534943]]}}, {"type": "Feature", "properties": {"layer": "osm_deck", "osm_id": 299129667, "highway": "tertiary", "name": "County Road CC", "ref": "CC", "length_m": 11.4, "nbi": "B06010600000000"}, "geometry": {"type": "LineString", "coordinates": [[-91.5879905, 44.3523136], [-91.5879097, 44.3523981]]}}, {"type": "Feature", "properties": {"layer": "osm_deck", "osm_id": 303985974, "highway": "tertiary", "name": "County Road EE", "ref": "EE", "length_m": 25.3, "nbi": "B06018200000000"}, "geometry": {"type": "LineString", "coordinates": [[-91.6827527, 44.3334924], [-91.6825121, 44.3333443]]}}, {"type": "Feature", "properties": {"layer": "osm_deck", "osm_id": 305352403, "highway": "trunk", "name": "State Highway 93", "ref": "WI 93", "length_m": 17.5, "nbi": "B61028700000000"}, "geometry": {"type": "LineString", "coordinates": [[-91.4580544, 44.554008], [-91.4580533, 44.5541652]]}}, {"type": "Feature", "properties": {"layer": "osm_deck", "osm_id": 306002052, "highway": "residential", "name": "Hagen Road", "ref": null, "length_m": 9.0}, "geometry": {"type": "LineString", "coordinates": [[-91.837512, 44.4675381], [-91.8375024, 44.4676186]]}}, {"type": "Feature", "properties": {"layer": "osm_deck", "osm_id": 327666585, "highway": "residential", "name": "Alleman Road", "ref": null, "length_m": 34.9, "nbi": "B06030100000000"}, "geometry": {"type": "LineString", "coordinates": [[-91.6157001, 44.5673696], [-91.6156725, 44.5676831]]}}, {"type": "Feature", "properties": {"layer": "osm_deck", "osm_id": 362156523, "highway": "unclassified", "name": "Missell Road", "ref": null, "length_m": 24.5, "nbi": "B61009700000000"}, "geometry": {"type": "LineString", "coordinates": [[-91.4331004, 44.5639049], [-91.4331011, 44.5641257]]}}, {"type": "Feature", "properties": {"layer": "osm_deck", "osm_id": 362746728, "highway": "residential", "name": "Hesch Road", "ref": null, "length_m": 14.2, "nbi": "B06009900000000"}, "geometry": {"type": "LineString", "coordinates": [[-91.6735535, 44.3378281], [-91.6737196, 44.3378747]]}}, {"type": "Feature", "properties": {"layer": "osm_deck", "osm_id": 363227518, "highway": "cycleway", "name": "Buffalo River State Trail", "ref": null, "length_m": 24.5}, "geometry": {"type": "LineString", "coordinates": [[-91.5159979, 44.5796798], [-91.5156896, 44.5796764]]}}, {"type": "Feature", "properties": {"layer": "osm_deck", "osm_id": 363227519, "highway": "cycleway", "name": "Buffalo River State Trail", "ref": null, "length_m": 28.0, "nbi": "B06003100000000"}, "geometry": {"type": "LineString", "coordinates": [[-91.5505416, 44.578411], [-91.5501956, 44.5784588]]}}, {"type": "Feature", "properties": {"layer": "osm_deck", "osm_id": 363227521, "highway": "cycleway", "name": "Buffalo River State Trail", "ref": null, "length_m": 26.8}, "geometry": {"type": "LineString", "coordinates": [[-91.4461735, 44.5645052], [-91.4464717, 44.5646187]]}}, {"type": "Feature", "properties": {"layer": "osm_deck", "osm_id": 363227522, "highway": "cycleway", "name": "Buffalo River State Trail", "ref": null, "length_m": 19.3}, "geometry": {"type": "LineString", "coordinates": [[-91.4316936, 44.559161], [-91.4314732, 44.5590873]]}}, {"type": "Feature", "properties": {"layer": "osm_deck", "osm_id": 363227523, "highway": "cycleway", "name": "Buffalo River State Trail", "ref": null, "length_m": 16.0}, "geometry": {"type": "LineString", "coordinates": [[-91.415186, 44.5542073], [-91.4153722, 44.5542632]]}}, {"type": "Feature", "properties": {"layer": "osm_deck", "osm_id": 363227524, "highway": "cycleway", "name": "Buffalo River State Trail", "ref": null, "length_m": 76.8}, "geometry": {"type": "LineString", "coordinates": [[-91.4699562, 44.572335], [-91.4691246, 44.5719819]]}}, {"type": "Feature", "properties": {"layer": "osm_deck", "osm_id": 363227532, "highway": "residential", "name": "Chimney Rock Road", "ref": null, "length_m": 10.8}, "geometry": {"type": "LineString", "coordinates": [[-91.4683264, 44.572497], [-91.4683275, 44.5725942]]}}, {"type": "Feature", "properties": {"layer": "osm_deck", "osm_id": 363227537, "highway": "primary", "name": "US Highway 10", "ref": "US 10", "length_m": 42.5, "nbi": "B06003100000000"}, "geometry": {"type": "LineString", "coordinates": [[-91.5505517, 44.5786241], [-91.5500261, 44.5786941]]}}, {"type": "Feature", "properties": {"layer": "osm_deck", "osm_id": 363229546, "highway": "cycleway", "name": "Buffalo River State Trail", "ref": null, "length_m": 16.0}, "geometry": {"type": "LineString", "coordinates": [[-91.5819286, 44.5752625], [-91.5817289, 44.5752821]]}}, {"type": "Feature", "properties": {"layer": "osm_deck", "osm_id": 363229547, "highway": "cycleway", "name": "Buffalo River State Trail", "ref": null, "length_m": 10.8}, "geometry": {"type": "LineString", "coordinates": [[-91.6204292, 44.5696428], [-91.6202951, 44.5696614]]}}, {"type": "Feature", "properties": {"layer": "osm_deck", "osm_id": 363229548, "highway": "cycleway", "name": "Buffalo River State Trail", "ref": null, "length_m": 21.0}, "geometry": {"type": "LineString", "coordinates": [[-91.5665469, 44.5767723], [-91.5662851, 44.5767989]]}}, {"type": "Feature", "properties": {"layer": "osm_deck", "osm_id": 363229549, "highway": "cycleway", "name": null, "ref": null, "length_m": 13.9}, "geometry": {"type": "LineString", "coordinates": [[-91.6577958, 44.5662816], [-91.6576416, 44.5663408]]}}, {"type": "Feature", "properties": {"layer": "osm_deck", "osm_id": 363229550, "highway": "cycleway", "name": "Buffalo River State Trail", "ref": null, "length_m": 13.7}, "geometry": {"type": "LineString", "coordinates": [[-91.6003101, 44.5727994], [-91.6001415, 44.572826]]}}, {"type": "Feature", "properties": {"layer": "osm_deck", "osm_id": 363229551, "highway": "cycleway", "name": "Buffalo River State Trail", "ref": null, "length_m": 18.3}, "geometry": {"type": "LineString", "coordinates": [[-91.6356768, 44.5688697], [-91.6354469, 44.5688695]]}}, {"type": "Feature", "properties": {"layer": "osm_deck", "osm_id": 363229560, "highway": "track", "name": "Pace Road", "ref": null, "length_m": 26.0}, "geometry": {"type": "LineString", "coordinates": [[-91.5643494, 44.5758519], [-91.564224, 44.5760683]]}}, {"type": "Feature", "properties": {"layer": "osm_deck", "osm_id": 419032823, "highway": "tertiary", "name": "County Road KK", "ref": "KK", "length_m": 59.1, "nbi": "B06005300000000"}, "geometry": {"type": "LineString", "coordinates": [[-91.8062599, 44.425145], [-91.8062198, 44.4249434], [-91.8061604, 44.4247695], [-91.8060797, 44.4246323]]}}, {"type": "Feature", "properties": {"layer": "osm_deck", "osm_id": 425632410, "highway": "tertiary", "name": "County Road U", "ref": "U", "length_m": 31.8}, "geometry": {"type": "LineString", "coordinates": [[-91.6901119, 44.3238727], [-91.689856, 44.3240919]]}}, {"type": "Feature", "properties": {"layer": "osm_deck", "osm_id": 432391025, "highway": "secondary", "name": "State Road 88", "ref": "WI 88", "length_m": 68.6, "nbi": "B06000200000000"}, "geometry": {"type": "LineString", "coordinates": [[-91.6958127, 44.526276], [-91.6959763, 44.5263347], [-91.6965839, 44.5265529]]}}, {"type": "Feature", "properties": {"layer": "osm_deck", "osm_id": 433242396, "highway": "secondary", "name": "County Road J", "ref": "J", "length_m": 54.0, "nbi": "B06015300000000"}, "geometry": {"type": "LineString", "coordinates": [[-91.7783144, 44.4438063], [-91.7784517, 44.4437951], [-91.7789885, 44.4437498]]}}, {"type": "Feature", "properties": {"layer": "osm_deck", "osm_id": 461978198, "highway": "tertiary", "name": "County Road U", "ref": "CTH U", "length_m": 7.6, "nbi": "P18007400000000"}, "geometry": {"type": "LineString", "coordinates": [[-91.4177417, 44.5972971], [-91.4177406, 44.5973659]]}}, {"type": "Feature", "properties": {"layer": "osm_deck", "osm_id": 483049853, "highway": "secondary", "name": "County Road A", "ref": "A", "length_m": 13.5, "nbi": "B06009200000000"}, "geometry": {"type": "LineString", "coordinates": [[-91.832659, 44.5939397], [-91.8326622, 44.5940613]]}}, {"type": "Feature", "properties": {"layer": "osm_deck", "osm_id": 567237469, "highway": "secondary", "name": "County Road J", "ref": "J", "length_m": 12.9, "nbi": "B06008600000000"}, "geometry": {"type": "LineString", "coordinates": [[-91.7971678, 44.4601244], [-91.7971698, 44.4602401]]}}, {"type": "Feature", "properties": {"layer": "osm_deck", "osm_id": 567240969, "highway": "secondary", "name": "County Road J", "ref": "J", "length_m": 21.5, "nbi": "B06010500000000"}, "geometry": {"type": "LineString", "coordinates": [[-91.797039, 44.4541451], [-91.7973096, 44.454143]]}}, {"type": "Feature", "properties": {"layer": "osm_deck", "osm_id": 567244325, "highway": "secondary", "name": "County Road D", "ref": "D;J", "length_m": 7.4, "nbi": "B06019300000000"}, "geometry": {"type": "LineString", "coordinates": [[-91.8010666, 44.4657984], [-91.8011592, 44.4657986]]}}, {"type": "Feature", "properties": {"layer": "osm_deck", "osm_id": 567246880, "highway": "residential", "name": "Moats Road", "ref": null, "length_m": 7.1, "nbi": "P06096200000000"}, "geometry": {"type": "LineString", "coordinates": [[-91.817412, 44.4837315], [-91.817501, 44.4837356]]}}, {"type": "Feature", "properties": {"layer": "osm_deck", "osm_id": 567246882, "highway": "residential", "name": "Hager Road", "ref": null, "length_m": 7.2}, "geometry": {"type": "LineString", "coordinates": [[-91.8239571, 44.4909951], [-91.824047, 44.490997]]}}, {"type": "Feature", "properties": {"layer": "osm_deck", "osm_id": 773653106, "highway": "primary", "name": "East Main Street", "ref": "US 10;WI 37", "length_m": 51.0, "nbi": "B06009600000000"}, "geometry": {"type": "LineString", "coordinates": [[-91.6683145, 44.5678555], [-91.6676717, 44.567855]]}}, {"type": "Feature", "properties": {"layer": "osm_deck", "osm_id": 800113743, "highway": "residential", "name": "North Washington Street", "ref": null, "length_m": 30.6, "nbi": "B06019200000000"}, "geometry": {"type": "LineString", "coordinates": [[-91.6623009, 44.5743668], [-91.6622478, 44.5744002], [-91.6620874, 44.574504], [-91.6620147, 44.5745511]]}}, {"type": "Feature", "properties": {"layer": "osm_deck", "osm_id": 802648451, "highway": "primary", "name": "State Road 37", "ref": "WI 37", "length_m": 30.1, "nbi": "B06088500000000"}, "geometry": {"type": "LineString", "coordinates": [[-91.6450768, 44.5847953], [-91.6448325, 44.585003]]}}, {"type": "Feature", "properties": {"layer": "osm_deck", "osm_id": 802719101, "highway": "secondary", "name": "County Road A", "ref": "A", "length_m": 18.7, "nbi": "B06008200000000"}, "geometry": {"type": "LineString", "coordinates": [[-91.6917202, 44.5678685], [-91.691956, 44.5678681]]}}, {"type": "Feature", "properties": {"layer": "osm_deck", "osm_id": 802719104, "highway": "footway", "name": null, "ref": null, "length_m": 48.3, "nbi": "B06009600000000"}, "geometry": {"type": "LineString", "coordinates": [[-91.6683196, 44.5679208], [-91.6677114, 44.5679211]]}}, {"type": "Feature", "properties": {"layer": "osm_deck", "osm_id": 802995751, "highway": "footway", "name": null, "ref": null, "length_m": 51.3, "nbi": "B06009600000000"}, "geometry": {"type": "LineString", "coordinates": [[-91.6683389, 44.5677917], [-91.6682889, 44.5677917], [-91.6680657, 44.5677917], [-91.6677681, 44.5677931], [-91.6676923, 44.5677913]]}}, {"type": "Feature", "properties": {"layer": "osm_deck", "osm_id": 876235129, "highway": "residential", "name": null, "ref": null, "length_m": 19.6, "nbi": "B06005700000000"}, "geometry": {"type": "LineString", "coordinates": [[-91.6532975, 44.57862], [-91.6530573, 44.5785777]]}}, {"type": "Feature", "properties": {"layer": "osm_deck", "osm_id": 876237037, "highway": "footway", "name": null, "ref": null, "length_m": 10.5}, "geometry": {"type": "LineString", "coordinates": [[-91.6675471, 44.5668641], [-91.6674246, 44.5668279]]}}, {"type": "Feature", "properties": {"layer": "osm_deck", "osm_id": 876240516, "highway": "footway", "name": null, "ref": null, "length_m": 25.9, "nbi": "B06007000000000"}, "geometry": {"type": "LineString", "coordinates": [[-91.6689877, 44.5654707], [-91.6686719, 44.5654138]]}}, {"type": "Feature", "properties": {"layer": "osm_deck", "osm_id": 876250135, "highway": "service", "name": null, "ref": null, "length_m": 10.8}, "geometry": {"type": "LineString", "coordinates": [[-91.6688884, 44.5675571], [-91.6688879, 44.5676542]]}}, {"type": "Feature", "properties": {"layer": "osm_deck", "osm_id": 876264627, "highway": "residential", "name": "Whitworth Road", "ref": null, "length_m": 11.9, "nbi": "B06017200000000"}, "geometry": {"type": "LineString", "coordinates": [[-91.6360582, 44.5893413], [-91.636208, 44.589344]]}}, {"type": "Feature", "properties": {"layer": "osm_deck", "osm_id": 876264630, "highway": "residential", "name": "Golf Road", "ref": null, "length_m": 31.7, "nbi": "B06007500000000"}, "geometry": {"type": "LineString", "coordinates": [[-91.6420885, 44.5853103], [-91.6417498, 44.5854618]]}}, {"type": "Feature", "properties": {"layer": "osm_deck", "osm_id": 879310281, "highway": "primary", "name": "State Road 37", "ref": "WI 37", "length_m": 9.2}, "geometry": {"type": "LineString", "coordinates": [[-91.7738883, 44.4493826], [-91.7738485, 44.4494602]]}}, {"type": "Feature", "properties": {"layer": "osm_deck", "osm_id": 886253754, "highway": "primary", "name": "US Highway 10", "ref": "US 10", "length_m": 16.5, "nbi": "B61015800000000"}, "geometry": {"type": "LineString", "coordinates": [[-91.3935289, 44.5564663], [-91.3937367, 44.5564637]]}}, {"type": "Feature", "properties": {"layer": "osm_deck", "osm_id": 887653948, "highway": "residential", "name": "Gonty Road", "ref": null, "length_m": 15.3, "nbi": "B06017100000000"}, "geometry": {"type": "LineString", "coordinates": [[-91.5578792, 44.5677983], [-91.5580711, 44.5678059]]}}, {"type": "Feature", "properties": {"layer": "osm_deck", "osm_id": 905514158, "highway": "tertiary", "name": "County Road HH", "ref": "HH", "length_m": 14.0, "nbi": "P06011700000000"}, "geometry": {"type": "LineString", "coordinates": [[-91.6427456, 44.5533534], [-91.6425692, 44.5533574]]}}, {"type": "Feature", "properties": {"layer": "osm_deck", "osm_id": 918066451, "highway": "tertiary", "name": "County Highway B", "ref": "CTH B;CTH W", "length_m": 18.8}, "geometry": {"type": "LineString", "coordinates": [[-91.6068295, 44.6107358], [-91.6065935, 44.6107546]]}}, {"type": "Feature", "properties": {"layer": "osm_deck", "osm_id": 919171930, "highway": "footway", "name": null, "ref": null, "length_m": 67.2}, "geometry": {"type": "LineString", "coordinates": [[-91.6706717, 44.5621114], [-91.6706666, 44.5615069]]}}, {"type": "Feature", "properties": {"layer": "osm_deck", "osm_id": 922314509, "highway": "service", "name": null, "ref": null, "length_m": 30.1}, "geometry": {"type": "LineString", "coordinates": [[-91.669863, 44.5744885], [-91.6694846, 44.5744881]]}}, {"type": "Feature", "properties": {"layer": "osm_deck", "osm_id": 927078868, "highway": "service", "name": null, "ref": null, "length_m": 11.7}, "geometry": {"type": "LineString", "coordinates": [[-91.6515911, 44.5795493], [-91.6516872, 44.5796287]]}}, {"type": "Feature", "properties": {"layer": "osm_deck", "osm_id": 929917126, "highway": "primary", "name": "US Highway 10", "ref": "US 10", "length_m": 11.1, "nbi": "B06011100000000"}, "geometry": {"type": "LineString", "coordinates": [[-91.7447223, 44.587926], [-91.7445825, 44.5879182]]}}, {"type": "Feature", "properties": {"layer": "osm_deck", "osm_id": 929924583, "highway": "primary", "name": "US Highway 10", "ref": "US 10", "length_m": 99.0}, "geometry": {"type": "LineString", "coordinates": [[-91.7791429, 44.5968545], [-91.778135, 44.5963301]]}}, {"type": "Feature", "properties": {"layer": "osm_deck", "osm_id": 929928415, "highway": "secondary", "name": "County Road A", "ref": "A", "length_m": 20.7}, "geometry": {"type": "LineString", "coordinates": [[-91.8009238, 44.5788366], [-91.8011724, 44.5788939]]}}, {"type": "Feature", "properties": {"layer": "osm_deck", "osm_id": 929928451, "highway": "unclassified", "name": "Kothbauer Road", "ref": null, "length_m": 18.8, "nbi": "B46004200000000"}, "geometry": {"type": "LineString", "coordinates": [[-91.7796, 44.5988337], [-91.7793637, 44.5988199]]}}, {"type": "Feature", "properties": {"layer": "osm_deck", "osm_id": 932254895, "highway": "service", "name": null, "ref": null, "length_m": 9.0}, "geometry": {"type": "LineString", "coordinates": [[-91.8159517, 44.4332768], [-91.8159464, 44.4331959]]}}, {"type": "Feature", "properties": {"layer": "osm_deck", "osm_id": 932394371, "highway": "service", "name": null, "ref": null, "length_m": 7.9}, "geometry": {"type": "LineString", "coordinates": [[-91.6336824, 44.3189282], [-91.6336849, 44.3189991]]}}, {"type": "Feature", "properties": {"layer": "osm_deck", "osm_id": 933168759, "highway": "residential", "name": "Ness Road", "ref": null, "length_m": 6.0}, "geometry": {"type": "LineString", "coordinates": [[-91.8124318, 44.4676454], [-91.8124331, 44.4675918]]}}, {"type": "Feature", "properties": {"layer": "osm_deck", "osm_id": 933358397, "highway": "service", "name": null, "ref": null, "length_m": 21.2}, "geometry": {"type": "LineString", "coordinates": [[-91.5818257, 44.6224323], [-91.5817997, 44.6226221]]}}, {"type": "Feature", "properties": {"layer": "osm_deck", "osm_id": 933724186, "highway": "service", "name": null, "ref": null, "length_m": 18.2}, "geometry": {"type": "LineString", "coordinates": [[-91.614891, 44.3988745], [-91.6148102, 44.3990279]]}}, {"type": "Feature", "properties": {"layer": "osm_deck", "osm_id": 936223134, "highway": "service", "name": null, "ref": null, "length_m": 9.3}, "geometry": {"type": "LineString", "coordinates": [[-91.6269858, 44.3394169], [-91.6269087, 44.3394796]]}}, {"type": "Feature", "properties": {"layer": "osm_deck", "osm_id": 938786458, "highway": "service", "name": null, "ref": null, "length_m": 11.7}, "geometry": {"type": "LineString", "coordinates": [[-91.4745552, 44.5273792], [-91.4747022, 44.5273866]]}}, {"type": "Feature", "properties": {"layer": "osm_deck", "osm_id": 938886857, "highway": "service", "name": null, "ref": null, "length_m": 14.8}, "geometry": {"type": "LineString", "coordinates": [[-91.5010394, 44.6127104], [-91.5011953, 44.6127843]]}}, {"type": "Feature", "properties": {"layer": "osm_deck", "osm_id": 940253228, "highway": "service", "name": null, "ref": null, "length_m": 9.7}, "geometry": {"type": "LineString", "coordinates": [[-91.701014, 44.575929], [-91.7010151, 44.5758421]]}}, {"type": "Feature", "properties": {"layer": "osm_deck", "osm_id": 941193951, "highway": "service", "name": null, "ref": null, "length_m": 8.7}, "geometry": {"type": "LineString", "coordinates": [[-91.4666426, 44.6182649], [-91.466677, 44.6183389]]}}, {"type": "Feature", "properties": {"layer": "osm_deck", "osm_id": 1006825185, "highway": "secondary", "name": "State Road 88", "ref": "WI 88", "length_m": 9.5, "nbi": "B06012500000000"}, "geometry": {"type": "LineString", "coordinates": [[-91.685195, 44.502786], [-91.6851959, 44.5028711]]}}, {"type": "Feature", "properties": {"layer": "osm_deck", "osm_id": 1006827818, "highway": "footway", "name": null, "ref": null, "length_m": 18.0}, "geometry": {"type": "LineString", "coordinates": [[-91.6689579, 44.5693563], [-91.6688161, 44.569483]]}}, {"type": "Feature", "properties": {"layer": "osm_deck", "osm_id": 1031525830, "highway": "tertiary", "name": "County Road ZZ", "ref": "ZZ", "length_m": 20.6}, "geometry": {"type": "LineString", "coordinates": [[-91.663641, 44.5299697], [-91.6635294, 44.5300298], [-91.6634336, 44.5300813]]}}, {"type": "Feature", "properties": {"layer": "osm_deck", "osm_id": 1031878615, "highway": "secondary", "name": "County Road H", "ref": "H", "length_m": 20.0}, "geometry": {"type": "LineString", "coordinates": [[-91.6570175, 44.5352623], [-91.6572687, 44.535272]]}}, {"type": "Feature", "properties": {"layer": "osm_deck", "osm_id": 1046310554, "highway": "trunk", "name": "State Highway 93", "ref": "WI 93", "length_m": 60.4}, "geometry": {"type": "LineString", "coordinates": [[-91.4710539, 44.5711971], [-91.4709512, 44.5717355]]}}, {"type": "Feature", "properties": {"layer": "osm_deck", "osm_id": 1090777501, "highway": "residential", "name": "Nelson Road", "ref": null, "length_m": 11.5, "nbi": "B06006900000000"}, "geometry": {"type": "LineString", "coordinates": [[-91.6405034, 44.5481277], [-91.6404715, 44.5482289]]}}, {"type": "Feature", "properties": {"layer": "osm_deck", "osm_id": 1091384136, "highway": "residential", "name": "Chimney Rock Road", "ref": null, "length_m": 22.1, "nbi": "B61013300000000"}, "geometry": {"type": "LineString", "coordinates": [[-91.4694088, 44.5740429], [-91.4696071, 44.5741823]]}}, {"type": "Feature", "properties": {"layer": "osm_deck", "osm_id": 1092999313, "highway": "service", "name": null, "ref": null, "length_m": 29.9}, "geometry": {"type": "LineString", "coordinates": [[-91.4338208, 44.3812697], [-91.4340837, 44.381278], [-91.434196, 44.381285]]}}, {"type": "Feature", "properties": {"layer": "osm_deck", "osm_id": 1092999315, "highway": "service", "name": null, "ref": null, "length_m": 17.4}, "geometry": {"type": "LineString", "coordinates": [[-91.4367731, 44.3834514], [-91.436791, 44.38351], [-91.436794, 44.383538], [-91.4367957, 44.3835528], [-91.4368024, 44.383606]]}}, {"type": "Feature", "properties": {"layer": "osm_deck", "osm_id": 1094271173, "highway": "unclassified", "name": "Island Road", "ref": null, "length_m": 18.1}, "geometry": {"type": "LineString", "coordinates": [[-91.4260707, 44.3617041], [-91.4258622, 44.3617696]]}}, {"type": "Feature", "properties": {"layer": "osm_deck", "osm_id": 1094271175, "highway": "trunk", "name": "Osseo Road", "ref": "WI 93", "length_m": 61.1, "nbi": "B61021100000000"}, "geometry": {"type": "LineString", "coordinates": [[-91.4202142, 44.3579074], [-91.420179, 44.358016], [-91.420123, 44.358261], [-91.4200959, 44.3584505]]}}, {"type": "Feature", "properties": {"layer": "osm_deck", "osm_id": 1094988942, "highway": "residential", "name": "Thompson Road", "ref": null, "length_m": 32.9, "nbi": "B61009400000000"}, "geometry": {"type": "LineString", "coordinates": [[-91.5092675, 44.5767329], [-91.5092145, 44.5770269]]}}, {"type": "Feature", "properties": {"layer": "osm_deck", "osm_id": 1096345322, "highway": "tertiary", "name": "County Road BB", "ref": "BB", "length_m": 51.9}, "geometry": {"type": "LineString", "coordinates": [[-91.5937128, 44.5704365], [-91.593653, 44.5709018]]}}, {"type": "Feature", "properties": {"layer": "osm_deck", "osm_id": 1104813566, "highway": "unclassified", "name": "Lyga Valley Road", "ref": null, "length_m": 15.7, "nbi": "B61022500000000"}, "geometry": {"type": "LineString", "coordinates": [[-91.5101011, 44.3807323], [-91.5100117, 44.3808581]]}}, {"type": "Feature", "properties": {"layer": "osm_deck", "osm_id": 1106933462, "highway": "unclassified", "name": "Segerstrom Road", "ref": null, "length_m": 26.0, "nbi": "B06005800000000"}, "geometry": {"type": "LineString", "coordinates": [[-91.5442037, 44.5754269], [-91.5442045, 44.5756613]]}}, {"type": "Feature", "properties": {"layer": "osm_deck", "osm_id": 1112067742, "highway": "residential", "name": "River Valley Road", "ref": null, "length_m": 16.8, "nbi": "B61016100000000"}, "geometry": {"type": "LineString", "coordinates": [[-91.4278169, 44.3355843], [-91.4277376, 44.3357244]]}}, {"type": "Feature", "properties": {"layer": "osm_deck", "osm_id": 1112067744, "highway": "residential", "name": "Creek Road", "ref": null, "length_m": 17.7, "nbi": "B61023300000000"}, "geometry": {"type": "LineString", "coordinates": [[-91.4199596, 44.3342726], [-91.4197603, 44.3343421]]}}, {"type": "Feature", "properties": {"layer": "osm_deck", "osm_id": 1113323840, "highway": "primary", "name": "State Road 37", "ref": "WI 37", "length_m": 38.9, "nbi": "B06017900000000"}, "geometry": {"type": "LineString", "coordinates": [[-91.8039536, 44.4039106], [-91.8037531, 44.4042302]]}}, {"type": "Feature", "properties": {"layer": "osm_deck", "osm_id": 1115229956, "highway": "tertiary", "name": "County Road HH", "ref": "CTH HH", "length_m": 6.0}, "geometry": {"type": "LineString", "coordinates": [[-91.5893798, 44.5607231], [-91.5894557, 44.5607247]]}}, {"type": "Feature", "properties": {"layer": "osm_deck", "osm_id": 1120164057, "highway": "tertiary", "name": "County Road C", "ref": "C", "length_m": 36.3, "nbi": "B06018900000000"}, "geometry": {"type": "LineString", "coordinates": [[-91.5548471, 44.3043451], [-91.5549061, 44.3043918], [-91.554942, 44.3044164], [-91.5550728, 44.3045077], [-91.5551804, 44.304567]]}}, {"type": "Feature", "properties": {"layer": "osm_deck", "osm_id": 1120164063, "highway": "tertiary", "name": "County Road C", "ref": "C", "length_m": 14.5, "nbi": "B06007600000000"}, "geometry": {"type": "LineString", "coordinates": [[-91.5544112, 44.3023193], [-91.5544126, 44.3024499]]}}, {"type": "Feature", "properties": {"layer": "osm_deck", "osm_id": 1120164077, "highway": "tertiary", "name": "County Road U", "ref": "U", "length_m": 30.8, "nbi": "B06023700000000"}, "geometry": {"type": "LineString", "coordinates": [[-91.6802443, 44.3301925], [-91.6799857, 44.3303989]]}}, {"type": "Feature", "properties": {"layer": "osm_deck", "osm_id": 1120164081, "highway": "tertiary", "name": "County Road U", "ref": "U", "length_m": 18.3, "nbi": "P06093000000000"}, "geometry": {"type": "LineString", "coordinates": [[-91.6643065, 44.3453975], [-91.6643184, 44.3455616]]}}, {"type": "Feature", "properties": {"layer": "osm_deck", "osm_id": 1120164083, "highway": "tertiary", "name": "County Road U", "ref": "U", "length_m": 14.0}, "geometry": {"type": "LineString", "coordinates": [[-91.657244, 44.371747], [-91.657133, 44.371845]]}}, {"type": "Feature", "properties": {"layer": "osm_deck", "osm_id": 1120164091, "highway": "unclassified", "name": "Konkel Valley Road", "ref": null, "length_m": 8.1}, "geometry": {"type": "LineString", "coordinates": [[-91.5543073, 44.3156578], [-91.5543065, 44.3157307]]}}, {"type": "Feature", "properties": {"layer": "osm_deck", "osm_id": 1120164093, "highway": "unclassified", "name": "Wolfe Road", "ref": null, "length_m": 9.2}, "geometry": {"type": "LineString", "coordinates": [[-91.6929967, 44.3376896], [-91.6929344, 44.3377597]]}}, {"type": "Feature", "properties": {"layer": "osm_deck", "osm_id": 1120164095, "highway": "tertiary", "name": "County Road U", "ref": "U", "length_m": 22.2, "nbi": "B06017500000000"}, "geometry": {"type": "LineString", "coordinates": [[-91.6652593, 44.3542483], [-91.665281, 44.354448]]}}, {"type": "Feature", "properties": {"layer": "osm_deck", "osm_id": 1120164271, "highway": "tertiary", "name": "County Road E", "ref": "E", "length_m": 36.8, "nbi": "P06008000000000"}, "geometry": {"type": "LineString", "coordinates": [[-91.773683, 44.3158018], [-91.7732218, 44.315812]]}}, {"type": "Feature", "properties": {"layer": "osm_deck", "osm_id": 1124456393, "highway": "primary", "name": "US Highway 10", "ref": "US 10", "length_m": 49.6, "nbi": "B06038700000000"}, "geometry": {"type": "LineString", "coordinates": [[-91.7038132, 44.5768446], [-91.7032051, 44.5767431]]}}, {"type": "Feature", "properties": {"layer": "osm_deck", "osm_id": 1128932096, "highway": "secondary", "name": "State Road 121", "ref": "WI 121", "length_m": 27.0, "nbi": "B61013200000000"}, "geometry": {"type": "LineString", "coordinates": [[-91.4220684, 44.4065185], [-91.422283, 44.406519], [-91.4224076, 44.4065192]]}}, {"type": "Feature", "properties": {"layer": "osm_deck", "osm_id": 1128932098, "highway": "residential", "name": "North 36th Road", "ref": null, "length_m": 25.3, "nbi": "B61018400000000"}, "geometry": {"type": "LineString", "coordinates": [[-91.4088065, 44.4179718], [-91.4089971, 44.4181541]]}}, {"type": "Feature", "properties": {"layer": "osm_deck", "osm_id": 1128932101, "highway": "residential", "name": "Halama Road", "ref": null, "length_m": 26.8, "nbi": "B61006000000000"}, "geometry": {"type": "LineString", "coordinates": [[-91.386671, 44.431389], [-91.3866836, 44.4316302]]}}, {"type": "Feature", "properties": {"layer": "osm_deck", "osm_id": 1128932102, "highway": "unclassified", "name": "Swede Valley Road", "ref": null, "length_m": 26.6, "nbi": "P61015300000000"}, "geometry": {"type": "LineString", "coordinates": [[-91.4304524, 44.3884167], [-91.4307869, 44.3884183]]}}, {"type": "Feature", "properties": {"layer": "osm_deck", "osm_id": 1131222601, "highway": "tertiary", "name": "County Road BB", "ref": "BB", "length_m": 7.6, "nbi": "P06096300000000"}, "geometry": {"type": "LineString", "coordinates": [[-91.5899129, 44.562558], [-91.5899123, 44.5626263]]}}, {"type": "Feature", "properties": {"layer": "osm_deck", "osm_id": 1136826777, "highway": "service", "name": null, "ref": null, "length_m": 16.1}, "geometry": {"type": "LineString", "coordinates": [[-91.7031682, 44.301613], [-91.7029745, 44.3015737]]}}, {"type": "Feature", "properties": {"layer": "osm_deck", "osm_id": 1148088920, "highway": "secondary", "name": "County Road H", "ref": "H", "length_m": 15.3}, "geometry": {"type": "LineString", "coordinates": [[-91.6677661, 44.5964854], [-91.6677618, 44.5966228]]}}, {"type": "Feature", "properties": {"layer": "osm_deck", "osm_id": 1149756593, "highway": "tertiary", "name": "County Road WW", "ref": "WW", "length_m": 17.0, "nbi": "B06010900000000"}, "geometry": {"type": "LineString", "coordinates": [[-91.5442364, 44.5940823], [-91.5442353, 44.5942355]]}}, {"type": "Feature", "properties": {"layer": "osm_deck", "osm_id": 1149760236, "highway": "residential", "name": "Segerstrom Road", "ref": null, "length_m": 11.0, "nbi": "B06018800000000"}, "geometry": {"type": "LineString", "coordinates": [[-91.5509005, 44.5602187], [-91.5507624, 44.5602153]]}}, {"type": "Feature", "properties": {"layer": "osm_deck", "osm_id": 1149760241, "highway": "tertiary", "name": "County Road HH", "ref": "HH", "length_m": 10.2, "nbi": "B06017000000000"}, "geometry": {"type": "LineString", "coordinates": [[-91.5426664, 44.5529835], [-91.5427949, 44.5529819]]}}, {"type": "Feature", "properties": {"layer": "osm_deck", "osm_id": 1209130065, "highway": "tertiary", "name": "5th Avenue North", "ref": "CTH D", "length_m": 33.8, "nbi": "B61006200000000"}, "geometry": {"type": "LineString", "coordinates": [[-91.392644, 44.5546662], [-91.3926492, 44.5549706]]}}, {"type": "Feature", "properties": {"layer": "osm_deck", "osm_id": 1209130068, "highway": "residential", "name": "Elm Street", "ref": null, "length_m": 10.7, "nbi": "B61012800000000"}, "geometry": {"type": "LineString", "coordinates": [[-91.3827032, 44.5529449], [-91.3828358, 44.5529284]]}}, {"type": "Feature", "properties": {"layer": "osm_deck", "osm_id": 1215785007, "highway": "tertiary", "name": "County Road U", "ref": "CTH U", "length_m": 11.2, "nbi": "B61018900000000"}, "geometry": {"type": "LineString", "coordinates": [[-91.4601532, 44.5813222], [-91.4600156, 44.5813019]]}}, {"type": "Feature", "properties": {"layer": "osm_deck", "osm_id": 1215785017, "highway": "primary", "name": "Mondovi Street East", "ref": "US 10", "length_m": 19.2, "nbi": "B61015700000000"}, "geometry": {"type": "LineString", "coordinates": [[-91.4692991, 44.5757731], [-91.4695331, 44.5758157]]}}, {"type": "Feature", "properties": {"layer": "osm_deck", "osm_id": 1215785021, "highway": "trunk", "name": "State Highway 93", "ref": "WI 93", "length_m": 42.3}, "geometry": {"type": "LineString", "coordinates": [[-91.4682545, 44.589012], [-91.4682808, 44.5893923]]}}, {"type": "Feature", "properties": {"layer": "osm_deck", "osm_id": 1347025478, "highway": "cycleway", "name": "Buffalo River State Trail", "ref": null, "length_m": 19.7, "nbi": "B61012800000000"}, "geometry": {"type": "LineString", "coordinates": [[-91.3827417, 44.5526914], [-91.3825013, 44.5527346]]}}, {"type": "Feature", "properties": {"layer": "osm_deck", "osm_id": 1364900063, "highway": "residential", "name": "Richards Road", "ref": null, "length_m": 10.9, "nbi": "P06090700000000"}, "geometry": {"type": "LineString", "coordinates": [[-91.6300923, 44.4673195], [-91.6300965, 44.4674176]]}}, {"type": "Feature", "properties": {"layer": "osm_deck", "osm_id": 1435788996, "highway": "residential", "name": "Moe Road", "ref": null, "length_m": 12.8, "nbi": "B06016100000000"}, "geometry": {"type": "LineString", "coordinates": [[-91.5958607, 44.595376], [-91.5960109, 44.5953346]]}}, {"type": "Feature", "properties": {"layer": "osm_deck", "osm_id": 1466297204, "highway": "tertiary", "name": "County Road NN", "ref": "NN", "length_m": 9.5, "nbi": "B06008400000000"}, "geometry": {"type": "LineString", "coordinates": [[-91.7510073, 44.4236513], [-91.7510087, 44.423737]]}}, {"type": "Feature", "properties": {"layer": "osm_deck", "osm_id": 1491879969, "highway": "residential", "name": "Lees Valley Road", "ref": null, "length_m": 12.8}, "geometry": {"type": "LineString", "coordinates": [[-91.6674598, 44.4562886], [-91.6676041, 44.4563401]]}}, {"type": "Feature", "properties": {"layer": "osm_deck", "osm_id": 1506886963, "highway": "residential", "name": "Bisek Road", "ref": null, "length_m": 26.1, "nbi": "P61017300000000"}, "geometry": {"type": "LineString", "coordinates": [[-91.4076325, 44.3272513], [-91.4076326, 44.3274865]]}}, {"type": "Feature", "properties": {"layer": "osm_deck", "osm_id": 1506886965, "highway": "tertiary", "name": "County Road BB", "ref": "CTH BB", "length_m": 29.4, "nbi": "P61015800000000"}, "geometry": {"type": "LineString", "coordinates": [[-91.4482219, 44.4089735], [-91.4482164, 44.4092377]]}}, {"type": "Feature", "properties": {"layer": "osm_deck", "osm_id": 1506886969, "highway": "unclassified", "name": "Wolfe Road", "ref": null, "length_m": 9.4, "nbi": "P61093900000000"}, "geometry": {"type": "LineString", "coordinates": [[-91.4983406, 44.385564], [-91.49823, 44.385594]]}}, {"type": "Feature", "properties": {"layer": "osm_deck", "osm_id": 1506887002, "highway": "unclassified", "name": "Brixen Road", "ref": null, "length_m": 18.5, "nbi": "P06014100000000"}, "geometry": {"type": "LineString", "coordinates": [[-91.7000297, 44.4692703], [-91.7000613, 44.469435]]}}, {"type": "Feature", "properties": {"layer": "osm_deck", "osm_id": 21507607, "highway": "construction", "name": "Great River State Trail", "ref": null, "length_m": 38.7}, "geometry": {"type": "LineString", "coordinates": [[-91.3779234, 43.9861298], [-91.3775757, 43.9858879]]}}, {"type": "Feature", "properties": {"layer": "osm_deck", "osm_id": 87229302, "highway": "motorway", "name": null, "ref": "US 53;WI 35", "length_m": 58.7, "nbi": "B32014800000000"}, "geometry": {"type": "LineString", "coordinates": [[-91.285987, 43.9697965], [-91.2859858, 43.9703245]]}}, {"type": "Feature", "properties": {"layer": "osm_deck", "osm_id": 87229305, "highway": "motorway", "name": null, "ref": "US 53;WI 35", "length_m": 44.4, "nbi": "B32014700000000"}, "geometry": {"type": "LineString", "coordinates": [[-91.2862917, 43.9702074], [-91.286296, 43.9698075]]}}, {"type": "Feature", "properties": {"layer": "osm_deck", "osm_id": 87230837, "highway": "motorway", "name": null, "ref": "US 53", "length_m": 60.9, "nbi": "B32015200000000"}, "geometry": {"type": "LineString", "coordinates": [[-91.2860825, 43.9955894], [-91.2860932, 43.9961374]]}}, {"type": "Feature", "properties": {"layer": "osm_deck", "osm_id": 87230839, "highway": "motorway", "name": null, "ref": "US 53;WI 35", "length_m": 41.2, "nbi": "B32015000000000"}, "geometry": {"type": "LineString", "coordinates": [[-91.2860395, 43.9842425], [-91.2860396, 43.9846131]]}}, {"type": "Feature", "properties": {"layer": "osm_deck", "osm_id": 87230841, "highway": "motorway", "name": null, "ref": "US 53;WI 35", "length_m": 40.3, "nbi": "B32014900000000"}, "geometry": {"type": "LineString", "coordinates": [[-91.2863508, 43.9846594], [-91.2863506, 43.9842966]]}}, {"type": "Feature", "properties": {"layer": "osm_deck", "osm_id": 87230845, "highway": "motorway", "name": null, "ref": "US 53", "length_m": 63.5, "nbi": "B32015100000000"}, "geometry": {"type": "LineString", "coordinates": [[-91.286383, 43.9963227], [-91.2863935, 43.9957515]]}}, {"type": "Feature", "properties": {"layer": "osm_deck", "osm_id": 87326662, "highway": "trunk", "name": "US 53", "ref": "US 53;WI 93", "length_m": 182.3, "nbi": "B32007900000000"}, "geometry": {"type": "LineString", "coordinates": [[-91.2910917, 44.0625338], [-91.2911057, 44.0608928]]}}, {"type": "Feature", "properties": {"layer": "osm_deck", "osm_id": 119767887, "highway": "primary", "name": "South Main Street", "ref": "US 53", "length_m": 163.4, "nbi": "B61013000000000"}, "geometry": {"type": "LineString", "coordinates": [[-91.3497427, 44.0796891], [-91.3494195, 44.0804729], [-91.3491641, 44.0810996]]}}, {"type": "Feature", "properties": {"layer": "osm_deck", "osm_id": 119767894, "highway": "primary", "name": "North Main Street", "ref": "US 53", "length_m": 67.3}, "geometry": {"type": "LineString", "coordinates": [[-91.3484025, 44.0842813], [-91.3479172, 44.084632], [-91.3478066, 44.0847081]]}}, {"type": "Feature", "properties": {"layer": "osm_deck", "osm_id": 141013587, "highway": "cycleway", "name": "Great River State Trail", "ref": null, "length_m": 66.7}, "geometry": {"type": "LineString", "coordinates": [[-91.354573, 43.970223], [-91.3539615, 43.9698161]]}}, {"type": "Feature", "properties": {"layer": "osm_deck", "osm_id": 141013592, "highway": "cycleway", "name": "Great River State Trail", "ref": null, "length_m": 56.3}, "geometry": {"type": "LineString", "coordinates": [[-91.371913, 43.9820389], [-91.3714067, 43.9816884]]}}, {"type": "Feature", "properties": {"layer": "osm_deck", "osm_id": 152220638, "highway": "residential", "name": "Niedfeldt Road", "ref": null, "length_m": 10.9, "nbi": "B32008100000000"}, "geometry": {"type": "LineString", "coordinates": [[-90.9519196, 43.9707267], [-90.951934, 43.9708241]]}}, {"type": "Feature", "properties": {"layer": "osm_deck", "osm_id": 226554142, "highway": "primary", "name": "State Highway 54", "ref": "WI 54", "length_m": 26.2, "nbi": "B27007600000000"}, "geometry": {"type": "LineString", "coordinates": [[-90.9429251, 44.183285], [-90.9426177, 44.1832042]]}}, {"type": "Feature", "properties": {"layer": "osm_deck", "osm_id": 228903861, "highway": "track", "name": null, "ref": null, "length_m": 30.8}, "geometry": {"type": "LineString", "coordinates": [[-91.3613014, 44.0758434], [-91.3612935, 44.0761208]]}}, {"type": "Feature", "properties": {"layer": "osm_deck", "osm_id": 232985014, "highway": "primary", "name": null, "ref": "US 53", "length_m": 65.2, "nbi": "B61020200000000"}, "geometry": {"type": "LineString", "coordinates": [[-91.3387054, 44.1171257], [-91.3386193, 44.1177096]]}}, {"type": "Feature", "properties": {"layer": "osm_deck", "osm_id": 242422599, "highway": "residential", "name": "Daulton Road", "ref": null, "length_m": 21.7, "nbi": "B61010300000000"}, "geometry": {"type": "LineString", "coordinates": [[-91.3351349, 44.113462], [-91.3348908, 44.1135465]]}}, {"type": "Feature", "properties": {"layer": "osm_deck", "osm_id": 242672370, "highway": "primary", "name": "State Highway 54", "ref": "WI 54", "length_m": 48.0, "nbi": "B27001600000000"}, "geometry": {"type": "LineString", "coordinates": [[-90.993452, 44.1467576], [-90.9934151, 44.1471889]]}}, {"type": "Feature", "properties": {"layer": "osm_deck", "osm_id": 242672482, "highway": "residential", "name": "East Hogg Street", "ref": null, "length_m": 47.2, "nbi": "B27009800000000"}, "geometry": {"type": "LineString", "coordinates": [[-90.9937615, 44.1323489], [-90.9931855, 44.1324417]]}}, {"type": "Feature", "properties": {"layer": "osm_deck", "osm_id": 242672483, "highway": "primary", "name": "State Highway 108", "ref": "WI 108", "length_m": 205.0}, "geometry": {"type": "LineString", "coordinates": [[-90.996212, 44.1082688], [-90.9952764, 44.1099859]]}}, {"type": "Feature", "properties": {"layer": "osm_deck", "osm_id": 244382882, "highway": "trunk", "name": "State Highway 93", "ref": "WI 93;WI 54", "length_m": 68.2, "nbi": "B61004800000000"}, "geometry": {"type": "LineString", "coordinates": [[-91.3587532, 44.0767989], [-91.3579034, 44.0768426]]}}, {"type": "Feature", "properties": {"layer": "osm_deck", "osm_id": 258582451, "highway": "primary", "name": "West 4th Street", "ref": "WI 95", "length_m": 17.0, "nbi": "B61010000000000"}, "geometry": {"type": "LineString", "coordinates": [[-91.2391208, 44.2909008], [-91.2389079, 44.2909032]]}}, {"type": "Feature", "properties": {"layer": "osm_deck", "osm_id": 284941086, "highway": "footway", "name": null, "ref": null, "length_m": 41.9}, "geometry": {"type": "LineString", "coordinates": [[-91.2848291, 44.0587469], [-91.2844751, 44.0584693]]}}, {"type": "Feature", "properties": {"layer": "osm_deck", "osm_id": 305808854, "highway": "secondary", "name": "1st Street West", "ref": "CTH D", "length_m": 28.8, "nbi": "B61005600000000"}, "geometry": {"type": "LineString", "coordinates": [[-91.2708737, 44.1696905], [-91.2711677, 44.169841]]}}, {"type": "Feature", "properties": {"layer": "osm_deck", "osm_id": 305808856, "highway": "secondary", "name": "Bridge Street", "ref": null, "length_m": 26.9, "nbi": "B61019300000000"}, "geometry": {"type": "LineString", "coordinates": [[-91.2707983, 44.1675909], [-91.2705179, 44.167725]]}}, {"type": "Feature", "properties": {"layer": "osm_deck", "osm_id": 305808858, "highway": "tertiary", "name": "County Road T", "ref": "CTH T", "length_m": 17.4, "nbi": "B61009100000000"}, "geometry": {"type": "LineString", "coordinates": [[-91.3255305, 44.1493277], [-91.3253162, 44.1493551]]}}, {"type": "Feature", "properties": {"layer": "osm_deck", "osm_id": 328104907, "highway": "tertiary", "name": "County Highway C", "ref": "CTH C", "length_m": 17.1, "nbi": "B32020300000000"}, "geometry": {"type": "LineString", "coordinates": [[-91.101892, 44.0246408], [-91.1018949, 44.0247943]]}}, {"type": "Feature", "properties": {"layer": "osm_deck", "osm_id": 352775222, "highway": "track", "name": null, "ref": null, "length_m": 41.7}, "geometry": {"type": "LineString", "coordinates": [[-91.3076382, 44.0207816], [-91.3081569, 44.0208127]]}}, {"type": "Feature", "properties": {"layer": "osm_deck", "osm_id": 352775223, "highway": "track", "name": null, "ref": null, "length_m": 47.0}, "geometry": {"type": "LineString", "coordinates": [[-91.3105216, 44.020997], [-91.3111048, 44.021039]]}}, {"type": "Feature", "properties": {"layer": "osm_deck", "osm_id": 354941395, "highway": "path", "name": null, "ref": null, "length_m": 23.3}, "geometry": {"type": "LineString", "coordinates": [[-91.3509907, 44.1006122], [-91.3507278, 44.1005215]]}}, {"type": "Feature", "properties": {"layer": "osm_deck", "osm_id": 362158027, "highway": "unclassified", "name": "Cooper Road", "ref": null, "length_m": 20.9, "nbi": "B61009200000000"}, "geometry": {"type": "LineString", "coordinates": [[-91.3575586, 44.0623521], [-91.3575977, 44.0625378]]}}, {"type": "Feature", "properties": {"layer": "osm_deck", "osm_id": 419051028, "highway": "primary", "name": "State Road 35", "ref": "WI 35", "length_m": 103.4}, "geometry": {"type": "LineString", "coordinates": [[-91.3281734, 43.9999159], [-91.3294602, 43.9999706]]}}, {"type": "Feature", "properties": {"layer": "osm_deck", "osm_id": 419051029, "highway": "primary", "name": "State Highway 35", "ref": "WI 35", "length_m": 55.9, "nbi": "B32001800000000"}, "geometry": {"type": "LineString", "coordinates": [[-91.3281734, 43.9999159], [-91.3274775, 43.9998891]]}}, {"type": "Feature", "properties": {"layer": "osm_deck", "osm_id": 419051030, "highway": "primary", "name": "State Highway 35", "ref": "WI 35", "length_m": 248.2, "nbi": "B32001600000000"}, "geometry": {"type": "LineString", "coordinates": [[-91.3213365, 43.9996353], [-91.3182475, 43.9995006]]}}, {"type": "Feature", "properties": {"layer": "osm_deck", "osm_id": 419288830, "highway": "track", "name": null, "ref": null, "length_m": 45.3}, "geometry": {"type": "LineString", "coordinates": [[-91.314072, 44.0212818], [-91.3146332, 44.0213285]]}}, {"type": "Feature", "properties": {"layer": "osm_deck", "osm_id": 419288834, "highway": "track", "name": null, "ref": null, "length_m": 20.1}, "geometry": {"type": "LineString", "coordinates": [[-91.3289399, 44.0233677], [-91.3291889, 44.0233875]]}}, {"type": "Feature", "properties": {"layer": "osm_deck", "osm_id": 419288835, "highway": "track", "name": null, "ref": null, "length_m": 48.3}, "geometry": {"type": "LineString", "coordinates": [[-91.3202986, 44.0231174], [-91.3209006, 44.0231207]]}}, {"type": "Feature", "properties": {"layer": "osm_deck", "osm_id": 419288836, "highway": "track", "name": null, "ref": null, "length_m": 18.1}, "geometry": {"type": "LineString", "coordinates": [[-91.3355951, 44.0240167], [-91.3358196, 44.0240317]]}}, {"type": "Feature", "properties": {"layer": "osm_deck", "osm_id": 425129930, "highway": "residential", "name": "Knudson Road", "ref": null, "length_m": 14.6, "nbi": "P32012600000000"}, "geometry": {"type": "LineString", "coordinates": [[-91.2197389, 43.970962], [-91.2197547, 43.9710931]]}}, {"type": "Feature", "properties": {"layer": "osm_deck", "osm_id": 425624244, "highway": "tertiary", "name": "County Highway VV", "ref": "CTH VV", "length_m": 14.2, "nbi": "B27006500000000"}, "geometry": {"type": "LineString", "coordinates": [[-91.1228789, 44.0788582], [-91.1228857, 44.0789861]]}}, {"type": "Feature", "properties": {"layer": "osm_deck", "osm_id": 433221040, "highway": "primary", "name": null, "ref": "US 53", "length_m": 67.9, "nbi": "B61011400000000"}, "geometry": {"type": "LineString", "coordinates": [[-91.341116, 44.1000036], [-91.3410347, 44.1006117]]}}, {"type": "Feature", "properties": {"layer": "osm_deck", "osm_id": 442212514, "highway": "primary", "name": null, "ref": "US 53", "length_m": 71.2, "nbi": "B61020400000000"}, "geometry": {"type": "LineString", "coordinates": [[-91.3231852, 44.1473837], [-91.3226275, 44.1478833]]}}, {"type": "Feature", "properties": {"layer": "osm_deck", "osm_id": 442212519, "highway": "primary", "name": "US Highway 53", "ref": "US 53", "length_m": 22.7, "nbi": "B61010100000000"}, "geometry": {"type": "LineString", "coordinates": [[-91.2711124, 44.1707235], [-91.2710172, 44.1709164]]}}, {"type": "Feature", "properties": {"layer": "osm_deck", "osm_id": 442212521, "highway": "primary", "name": null, "ref": "US 53", "length_m": 55.4, "nbi": "B61075100000000"}, "geometry": {"type": "LineString", "coordinates": [[-91.2530933, 44.1898336], [-91.2526905, 44.1902396]]}}, {"type": "Feature", "properties": {"layer": "osm_deck", "osm_id": 442212523, "highway": "primary", "name": null, "ref": "US 53", "length_m": 30.3, "nbi": "B61004700000000"}, "geometry": {"type": "LineString", "coordinates": [[-91.2374708, 44.2029658], [-91.2374643, 44.2032381]]}}, {"type": "Feature", "properties": {"layer": "osm_deck", "osm_id": 442212524, "highway": "primary", "name": null, "ref": "US 53", "length_m": 42.0, "nbi": "B61004600000000"}, "geometry": {"type": "LineString", "coordinates": [[-91.2394079, 44.2158781], [-91.2396816, 44.2162013]]}}, {"type": "Feature", "properties": {"layer": "osm_deck", "osm_id": 461756262, "highway": "unclassified", "name": "Baker Road", "ref": null, "length_m": 23.4, "nbi": "B32020900000000"}, "geometry": {"type": "LineString", "coordinates": [[-91.1993522, 44.0570563], [-91.1990636, 44.0570906]]}}, {"type": "Feature", "properties": {"layer": "osm_deck", "osm_id": 461756264, "highway": "tertiary", "name": "County Highway T", "ref": "CTH T;CTH V", "length_m": 41.3, "nbi": "P32008300000000"}, "geometry": {"type": "LineString", "coordinates": [[-91.1690765, 44.0383058], [-91.1693494, 44.0386213]]}}, {"type": "Feature", "properties": {"layer": "osm_deck", "osm_id": 461756268, "highway": "tertiary", "name": "County Highway M", "ref": "CTH M", "length_m": 42.2, "nbi": "B32054800000000"}, "geometry": {"type": "LineString", "coordinates": [[-91.1419093, 44.0321229], [-91.1419042, 44.0325028]]}}, {"type": "Feature", "properties": {"layer": "osm_deck", "osm_id": 615996015, "highway": "unclassified", "name": "Wanlass Road", "ref": null, "length_m": 8.8, "nbi": "B32019200000000"}, "geometry": {"type": "LineString", "coordinates": [[-90.9677273, 44.0223147], [-90.9677305, 44.0223942]]}}, {"type": "Feature", "properties": {"layer": "osm_deck", "osm_id": 616129363, "highway": "primary", "name": "State Highway 108", "ref": "WI 108", "length_m": 10.6, "nbi": "B32021000000000"}, "geometry": {"type": "LineString", "coordinates": [[-91.0521561, 44.0122933], [-91.0521551, 44.0123888]]}}, {"type": "Feature", "properties": {"layer": "osm_deck", "osm_id": 775783185, "highway": "tertiary", "name": "County Highway VV", "ref": "CTH VV", "length_m": 17.1, "nbi": "B27011500000000"}, "geometry": {"type": "LineString", "coordinates": [[-91.12472, 44.0856457], [-91.12468, 44.0857967]]}}, {"type": "Feature", "properties": {"layer": "osm_deck", "osm_id": 775783187, "highway": "tertiary", "name": "County Highway VV", "ref": "CTH VV", "length_m": 126.3, "nbi": "B27007900000000"}, "geometry": {"type": "LineString", "coordinates": [[-91.1248956, 44.0829167], [-91.1249852, 44.0832468], [-91.1250335, 44.0834642], [-91.1250669, 44.0837471], [-91.1250728, 44.0840431]]}}, {"type": "Feature", "properties": {"layer": "osm_deck", "osm_id": 933124157, "highway": "service", "name": null, "ref": null, "length_m": 29.1}, "geometry": {"type": "LineString", "coordinates": [[-91.0295341, 44.2636541], [-91.0295024, 44.2639147]]}}, {"type": "Feature", "properties": {"layer": "osm_deck", "osm_id": 933323401, "highway": "service", "name": null, "ref": null, "length_m": 6.7}, "geometry": {"type": "LineString", "coordinates": [[-90.980155, 44.0207823], [-90.9801197, 44.0207279]]}}, {"type": "Feature", "properties": {"layer": "osm_deck", "osm_id": 933700441, "highway": "service", "name": null, "ref": null, "length_m": 10.7}, "geometry": {"type": "LineString", "coordinates": [[-91.0959199, 44.2226979], [-91.095871, 44.2226087]]}}, {"type": "Feature", "properties": {"layer": "osm_deck", "osm_id": 935288909, "highway": "service", "name": null, "ref": null, "length_m": 12.6}, "geometry": {"type": "LineString", "coordinates": [[-91.1567846, 43.975216], [-91.1567585, 43.975104]]}}, {"type": "Feature", "properties": {"layer": "osm_deck", "osm_id": 935693662, "highway": "service", "name": null, "ref": null, "length_m": 6.9}, "geometry": {"type": "LineString", "coordinates": [[-91.0820013, 44.1572522], [-91.0819661, 44.1573085]]}}, {"type": "Feature", "properties": {"layer": "osm_deck", "osm_id": 935745667, "highway": "service", "name": null, "ref": null, "length_m": 9.4}, "geometry": {"type": "LineString", "coordinates": [[-90.9892859, 44.1636539], [-90.9891767, 44.1636233]]}}, {"type": "Feature", "properties": {"layer": "osm_deck", "osm_id": 939240829, "highway": "service", "name": null, "ref": null, "length_m": 8.5}, "geometry": {"type": "LineString", "coordinates": [[-90.994776, 43.9942146], [-90.9948012, 43.9942886]]}}, {"type": "Feature", "properties": {"layer": "osm_deck", "osm_id": 963008642, "highway": "residential", "name": "Morken Road", "ref": null, "length_m": 13.3}, "geometry": {"type": "LineString", "coordinates": [[-91.0435667, 44.2475543], [-91.0436078, 44.2476699]]}}, {"type": "Feature", "properties": {"layer": "osm_deck", "osm_id": 1079319438, "highway": "tertiary", "name": "County Road DE", "ref": "CTH DE", "length_m": 11.7, "nbi": "B32003100000000"}, "geometry": {"type": "LineString", "coordinates": [[-91.0525063, 44.0117779], [-91.052645, 44.0118094]]}}, {"type": "Feature", "properties": {"layer": "osm_deck", "osm_id": 1083797420, "highway": "cycleway", "name": "Great River State Trail", "ref": null, "length_m": 33.1}, "geometry": {"type": "LineString", "coordinates": [[-91.3657825, 43.9778499], [-91.3654829, 43.9776454]]}}, {"type": "Feature", "properties": {"layer": "osm_deck", "osm_id": 1096784374, "highway": "primary", "name": "State Road 35", "ref": "WI 35", "length_m": 39.4, "nbi": "B61001900000000"}, "geometry": {"type": "LineString", "coordinates": [[-91.352634, 44.0009675], [-91.352892, 44.000979], [-91.3531242, 44.0009902]]}}, {"type": "Feature", "properties": {"layer": "osm_deck", "osm_id": 1195215651, "highway": "tertiary", "name": "County Highway H", "ref": "CTH H", "length_m": 12.2, "nbi": "B27016400000000"}, "geometry": {"type": "LineString", "coordinates": [[-91.0192087, 44.1681041], [-91.0190808, 44.1681632]]}}, {"type": "Feature", "properties": {"layer": "osm_deck", "osm_id": 1214422206, "highway": "residential", "name": "East 2nd Street", "ref": null, "length_m": 17.8, "nbi": "B61018700000000"}, "geometry": {"type": "LineString", "coordinates": [[-91.229459, 44.2929515], [-91.2296817, 44.2929497]]}}, {"type": "Feature", "properties": {"layer": "osm_deck", "osm_id": 1266231386, "highway": "unclassified", "name": "Hagestad Lane", "ref": null, "length_m": 14.5, "nbi": "B61024600000000"}, "geometry": {"type": "LineString", "coordinates": [[-91.2509344, 44.1937365], [-91.2511153, 44.1937356]]}}, {"type": "Feature", "properties": {"layer": "osm_deck", "osm_id": 1288103298, "highway": "tertiary", "name": "County Highway TT", "ref": "CTH TT", "length_m": 9.4}, "geometry": {"type": "LineString", "coordinates": [[-91.2313951, 44.03468], [-91.2313199, 44.0347446]]}}, {"type": "Feature", "properties": {"layer": "osm_deck", "osm_id": 1423782643, "highway": "primary", "name": "State Highway 108", "ref": "WI 108", "length_m": 22.0, "nbi": "B27001000000000"}, "geometry": {"type": "LineString", "coordinates": [[-91.0023765, 44.0960116], [-91.002285, 44.0961986]]}}, {"type": "Feature", "properties": {"layer": "osm_deck", "osm_id": 1423782953, "highway": "secondary", "name": "State Highway 162", "ref": "WI 162", "length_m": 7.6, "nbi": "B32021600000000"}, "geometry": {"type": "LineString", "coordinates": [[-90.9644861, 43.9647318], [-90.9645122, 43.9646662]]}}, {"type": "Feature", "properties": {"layer": "osm_deck", "osm_id": 1423782979, "highway": "residential", "name": "Quall Coulee Road", "ref": null, "length_m": 9.9, "nbi": "B32017400000000"}, "geometry": {"type": "LineString", "coordinates": [[-90.9388558, 43.9935017], [-90.9389635, 43.9935456]]}}, {"type": "Feature", "properties": {"layer": "osm_deck", "osm_id": 1423782983, "highway": "residential", "name": "Johnson Coulee Road", "ref": null, "length_m": 13.0, "nbi": "P32014100000000"}, "geometry": {"type": "LineString", "coordinates": [[-90.9455228, 43.9853563], [-90.9456789, 43.9853862]]}}, {"type": "Feature", "properties": {"layer": "osm_deck", "osm_id": 1423782985, "highway": "residential", "name": "Johnson Coulee Road", "ref": null, "length_m": 7.5}, "geometry": {"type": "LineString", "coordinates": [[-90.9463557, 43.9856689], [-90.9464308, 43.9857092]]}}, {"type": "Feature", "properties": {"layer": "osm_deck", "osm_id": 1423783084, "highway": "residential", "name": "Garves Coulee Road", "ref": null, "length_m": 11.6, "nbi": "P32014200000000"}, "geometry": {"type": "LineString", "coordinates": [[-90.946382, 43.9752211], [-90.946527, 43.9752256]]}}, {"type": "Feature", "properties": {"layer": "osm_deck", "osm_id": 1429092156, "highway": "service", "name": null, "ref": null, "length_m": 4.7}, "geometry": {"type": "LineString", "coordinates": [[-90.9875701, 44.0437659], [-90.9875454, 44.0438042]]}}, {"type": "Feature", "properties": {"layer": "osm_deck", "osm_id": 1429092196, "highway": "residential", "name": "West Indies Road", "ref": null, "length_m": 8.0, "nbi": "P27004400000000"}, "geometry": {"type": "LineString", "coordinates": [[-91.0179765, 44.1290549], [-91.0178765, 44.1290571]]}}, {"type": "Feature", "properties": {"layer": "osm_deck", "osm_id": 1429092221, "highway": "unclassified", "name": "Lake Road", "ref": null, "length_m": 7.9, "nbi": "P27003500000000"}, "geometry": {"type": "LineString", "coordinates": [[-91.0009882, 44.0893097], [-91.001086, 44.0893037]]}}, {"type": "Feature", "properties": {"layer": "osm_deck", "osm_id": 1429092257, "highway": "residential", "name": "Manser Road", "ref": null, "length_m": 11.2, "nbi": "P27013400000000"}, "geometry": {"type": "LineString", "coordinates": [[-91.0873158, 44.1105282], [-91.0874281, 44.1105887]]}}, {"type": "Feature", "properties": {"layer": "osm_deck", "osm_id": 1429092262, "highway": "residential", "name": "Sandberg Road", "ref": null, "length_m": 21.2, "nbi": "B27013200000000"}, "geometry": {"type": "LineString", "coordinates": [[-91.1033992, 44.0971063], [-91.10331, 44.0972859]]}}, {"type": "Feature", "properties": {"layer": "osm_deck", "osm_id": 1429092292, "highway": "unclassified", "name": "Herman Coulee Road", "ref": null, "length_m": 15.4, "nbi": "B32015300000000"}, "geometry": {"type": "LineString", "coordinates": [[-91.009419, 43.9960486], [-91.0096102, 43.9960595]]}}, {"type": "Feature", "properties": {"layer": "osm_deck", "osm_id": 1429092346, "highway": "tertiary", "name": "County Highway D", "ref": "CTH D;CTH M", "length_m": 15.0, "nbi": "P32092500000000"}, "geometry": {"type": "LineString", "coordinates": [[-91.1418643, 44.0213076], [-91.1416772, 44.0213071]]}}, {"type": "Feature", "properties": {"layer": "osm_deck", "osm_id": 1429092376, "highway": "tertiary", "name": "County Highway D", "ref": "CTH D", "length_m": 20.7, "nbi": "B32024000000000"}, "geometry": {"type": "LineString", "coordinates": [[-91.210624, 43.972045], [-91.2106201, 43.9722313]]}}, {"type": "Feature", "properties": {"layer": "osm_deck", "osm_id": 1429092439, "highway": "tertiary", "name": "County Highway V", "ref": "CTH V", "length_m": 16.0, "nbi": "P32009500000000"}, "geometry": {"type": "LineString", "coordinates": [[-91.2087834, 44.0280216], [-91.2085841, 44.0280229]]}}, {"type": "Feature", "properties": {"layer": "osm_deck", "osm_id": 1429092440, "highway": "tertiary", "name": "County Highway V", "ref": "CTH V", "length_m": 29.2, "nbi": "B32023700000000"}, "geometry": {"type": "LineString", "coordinates": [[-91.2555902, 43.9876967], [-91.2555975, 43.9879592]]}}, {"type": "Feature", "properties": {"layer": "osm_deck", "osm_id": 1429092443, "highway": "tertiary", "name": "County Highway T", "ref": "CTH T", "length_m": 29.1, "nbi": "P32008200000000"}, "geometry": {"type": "LineString", "coordinates": [[-91.1792837, 44.0398946], [-91.1789749, 44.0397565]]}}, {"type": "Feature", "properties": {"layer": "osm_deck", "osm_id": 1429092544, "highway": "tertiary", "name": "County Highway M", "ref": "CTH M", "length_m": 12.1, "nbi": "B32024100000000"}, "geometry": {"type": "LineString", "coordinates": [[-91.1621453, 43.9738872], [-91.1620799, 43.9739851]]}}, {"type": "Feature", "properties": {"layer": "osm_deck", "osm_id": 1429092560, "highway": "residential", "name": "Wenzel Road", "ref": null, "length_m": 7.5, "nbi": "P32092400000000"}, "geometry": {"type": "LineString", "coordinates": [[-91.0223561, 44.0150134], [-91.0223561, 44.0150813]]}}, {"type": "Feature", "properties": {"layer": "osm_deck", "osm_id": 1429092562, "highway": "tertiary", "name": "County Highway T", "ref": "CTH T", "length_m": 17.3, "nbi": "B32017500000000"}, "geometry": {"type": "LineString", "coordinates": [[-91.0078554, 44.0167032], [-91.0077812, 44.0168492]]}}, {"type": "Feature", "properties": {"layer": "osm_deck", "osm_id": 1429092567, "highway": "tertiary", "name": "County Highway T", "ref": "CTH T", "length_m": 24.6, "nbi": "P32008600000000"}, "geometry": {"type": "LineString", "coordinates": [[-91.0288642, 44.013947], [-91.0285581, 44.0139421]]}}, {"type": "Feature", "properties": {"layer": "osm_deck", "osm_id": 1429092604, "highway": "primary", "name": "State Highway 54", "ref": "WI 54", "length_m": 19.2, "nbi": "B61016300000000"}, "geometry": {"type": "LineString", "coordinates": [[-91.194851, 44.0945867], [-91.1950871, 44.0946156]]}}, {"type": "Feature", "properties": {"layer": "osm_deck", "osm_id": 1429092605, "highway": "primary", "name": "State Highway 54", "ref": "WI 54", "length_m": 18.8, "nbi": "B61010800000000"}, "geometry": {"type": "LineString", "coordinates": [[-91.2138792, 44.0947801], [-91.2140992, 44.0947206]]}}, {"type": "Feature", "properties": {"layer": "osm_deck", "osm_id": 1429092611, "highway": "primary", "name": "State Highway 54", "ref": "WI 54", "length_m": 15.0, "nbi": "B27001800000000"}, "geometry": {"type": "LineString", "coordinates": [[-91.1161698, 44.0917911], [-91.1163374, 44.0917299]]}}, {"type": "Feature", "properties": {"layer": "osm_deck", "osm_id": 1429092629, "highway": "tertiary", "name": "County Highway A", "ref": "CTH A", "length_m": 15.8, "nbi": "P32004300000000"}, "geometry": {"type": "LineString", "coordinates": [[-91.0437114, 44.0500722], [-91.0439081, 44.0500751]]}}, {"type": "Feature", "properties": {"layer": "osm_deck", "osm_id": 1429092682, "highway": "tertiary", "name": "County Road DE", "ref": "CTH DE", "length_m": 15.1, "nbi": "B32016800000000"}, "geometry": {"type": "LineString", "coordinates": [[-91.0270229, 43.9969447], [-91.0271481, 43.9970457]]}}, {"type": "Feature", "properties": {"layer": "osm_deck", "osm_id": 1429092730, "highway": "primary", "name": "State Highway 54", "ref": "WI 54", "length_m": 51.8, "nbi": "B27023300000000"}, "geometry": {"type": "LineString", "coordinates": [[-91.1280925, 44.0948394], [-91.1285582, 44.0951627]]}}, {"type": "Feature", "properties": {"layer": "osm_deck", "osm_id": 1431144847, "highway": "footway", "name": null, "ref": null, "length_m": 9.6, "nbi": "B61018700000000"}, "geometry": {"type": "LineString", "coordinates": [[-91.2296748, 44.2930096], [-91.2295542, 44.2930103]]}}, {"type": "Feature", "properties": {"layer": "osm_deck", "osm_id": 1443621453, "highway": "residential", "name": "Lasse Road", "ref": null, "length_m": 7.8, "nbi": "P27091600000000"}, "geometry": {"type": "LineString", "coordinates": [[-91.0942319, 44.1451617], [-91.0943017, 44.1451132]]}}, {"type": "Feature", "properties": {"layer": "osm_deck", "osm_id": 1443621456, "highway": "residential", "name": "Mighty Maples Road", "ref": null, "length_m": 12.8}, "geometry": {"type": "LineString", "coordinates": [[-91.0894254, 44.1449999], [-91.0894675, 44.1448886]]}}, {"type": "Feature", "properties": {"layer": "osm_deck", "osm_id": 1497706577, "highway": "unclassified", "name": "Truax Road", "ref": null, "length_m": 25.3, "nbi": "B61006800000000"}, "geometry": {"type": "LineString", "coordinates": [[-91.303232, 44.1512623], [-91.3032319, 44.1514896]]}}, {"type": "Feature", "properties": {"layer": "osm_deck", "osm_id": 1507372965, "highway": "unclassified", "name": "Larson Road", "ref": null, "length_m": 10.6}, "geometry": {"type": "LineString", "coordinates": [[-91.0947451, 43.9913558], [-91.0948743, 43.9913742]]}}, {"type": "Feature", "properties": {"layer": "osm_deck", "osm_id": 1507372969, "highway": "unclassified", "name": "Whalen Road", "ref": null, "length_m": 24.2, "nbi": "P61021800000000"}, "geometry": {"type": "LineString", "coordinates": [[-91.23681, 44.1577207], [-91.2371131, 44.1577193]]}}, {"type": "Feature", "properties": {"layer": "osm_deck", "osm_id": 1507372970, "highway": "residential", "name": "Rand Road", "ref": null, "length_m": 17.9, "nbi": "P27012600000000"}, "geometry": {"type": "LineString", "coordinates": [[-91.0109672, 44.1640422], [-91.0111676, 44.1639709]]}}, {"type": "Feature", "properties": {"layer": "osm_deck", "osm_id": 1507372972, "highway": "residential", "name": "Roaring Creek Road", "ref": null, "length_m": 16.1, "nbi": "P27012800000000"}, "geometry": {"type": "LineString", "coordinates": [[-90.9497306, 44.1872622], [-90.949655, 44.1873961]]}}, {"type": "Feature", "properties": {"layer": "osm_deck", "osm_id": 1507575605, "highway": "residential", "name": "Church Road", "ref": null, "length_m": 13.5, "nbi": "P27093300000000"}, "geometry": {"type": "LineString", "coordinates": [[-90.9802645, 44.2320505], [-90.980238, 44.2321709]]}}, {"type": "Feature", "properties": {"layer": "osm_deck", "osm_id": 1507575606, "highway": "residential", "name": "Kittleson Road", "ref": null, "length_m": 11.1}, "geometry": {"type": "LineString", "coordinates": [[-91.2558843, 44.2012566], [-91.2559967, 44.2013155]]}}, {"type": "Feature", "properties": {"layer": "osm_deck", "osm_id": 21467408, "highway": "tertiary", "name": "County Road K", "ref": "CTH K", "length_m": 62.2, "nbi": "B18006600000000"}, "geometry": {"type": "LineString", "coordinates": [[-91.2566548, 44.6202216], [-91.2566366, 44.620781]]}}, {"type": "Feature", "properties": {"layer": "osm_deck", "osm_id": 39381050, "highway": "unclassified", "name": "South Pole Grove Road", "ref": null, "length_m": 93.4}, "geometry": {"type": "LineString", "coordinates": [[-90.9639372, 44.3616185], [-90.9639545, 44.3624592]]}}, {"type": "Feature", "properties": {"layer": "osm_deck", "osm_id": 39381566, "highway": "trunk", "name": "10th Street", "ref": "US 10", "length_m": 74.5, "nbi": "B61015600000000"}, "geometry": {"type": "LineString", "coordinates": [[-91.2045124, 44.5792065], [-91.2054509, 44.579215]]}}, {"type": "Feature", "properties": {"layer": "osm_deck", "osm_id": 39381569, "highway": "trunk", "name": "10th Street", "ref": "US 10", "length_m": 73.6}, "geometry": {"type": "LineString", "coordinates": [[-91.2053086, 44.5790507], [-91.2043817, 44.5790507]]}}, {"type": "Feature", "properties": {"layer": "osm_deck", "osm_id": 39381582, "highway": "unclassified", "name": "Gilbertson Road", "ref": null, "length_m": 62.6, "nbi": "B27005200000000"}, "geometry": {"type": "LineString", "coordinates": [[-91.1235823, 44.4952391], [-91.1227969, 44.4952794]]}}, {"type": "Feature", "properties": {"layer": "osm_deck", "osm_id": 39381585, "highway": "residential", "name": "Haugen Road", "ref": null, "length_m": 88.8}, "geometry": {"type": "LineString", "coordinates": [[-91.107017, 44.4772855], [-91.1061158, 44.4777571]]}}, {"type": "Feature", "properties": {"layer": "osm_deck", "osm_id": 39381595, "highway": "secondary", "name": "WI 121", "ref": "WI 121;CTH FF", "length_m": 92.0, "nbi": "B27004600000000"}, "geometry": {"type": "LineString", "coordinates": [[-91.0934629, 44.4591692], [-91.0933173, 44.4591565], [-91.0924432, 44.4590056], [-91.0923376, 44.4589834]]}}, {"type": "Feature", "properties": {"layer": "osm_deck", "osm_id": 39381767, "highway": "residential", "name": "Robin Road", "ref": null, "length_m": 60.8, "nbi": "B18006500000000"}, "geometry": {"type": "LineString", "coordinates": [[-91.2790903, 44.6261719], [-91.2784381, 44.626459]]}}, {"type": "Feature", "properties": {"layer": "osm_deck", "osm_id": 51063795, "highway": "motorway", "name": null, "ref": "I 94", "length_m": 55.1, "nbi": "B61021500000000"}, "geometry": {"type": "LineString", "coordinates": [[-91.2123579, 44.5889706], [-91.2120362, 44.588531]]}}, {"type": "Feature", "properties": {"layer": "osm_deck", "osm_id": 51063797, "highway": "motorway", "name": null, "ref": "I 94", "length_m": 55.5, "nbi": "B61021600000000"}, "geometry": {"type": "LineString", "coordinates": [[-91.2117348, 44.588646], [-91.2120598, 44.5890879]]}}, {"type": "Feature", "properties": {"layer": "osm_deck", "osm_id": 51063805, "highway": "motorway", "name": null, "ref": "I 94", "length_m": 53.2, "nbi": "B27003500000000"}, "geometry": {"type": "LineString", "coordinates": [[-91.1632677, 44.5467716], [-91.163055, 44.54657], [-91.1629014, 44.5463723]]}}, {"type": "Feature", "properties": {"layer": "osm_deck", "osm_id": 51063809, "highway": "motorway", "name": null, "ref": "I 94", "length_m": 54.0, "nbi": "B27003600000000"}, "geometry": {"type": "LineString", "coordinates": [[-91.1614148, 44.5462706], [-91.1617796, 44.5466811]]}}, {"type": "Feature", "properties": {"layer": "osm_deck", "osm_id": 51063878, "highway": "motorway", "name": null, "ref": "I 94", "length_m": 33.9, "nbi": "B27003700000000"}, "geometry": {"type": "LineString", "coordinates": [[-91.1555453, 44.5354127], [-91.1553292, 44.5351495]]}}, {"type": "Feature", "properties": {"layer": "osm_deck", "osm_id": 51063880, "highway": "motorway", "name": null, "ref": "I 94", "length_m": 32.7, "nbi": "B27003800000000"}, "geometry": {"type": "LineString", "coordinates": [[-91.1549684, 44.5351977], [-91.155159, 44.5354586]]}}, {"type": "Feature", "properties": {"layer": "osm_deck", "osm_id": 51064117, "highway": "motorway", "name": null, "ref": "I 94", "length_m": 78.2, "nbi": "B27002500000000"}, "geometry": {"type": "LineString", "coordinates": [[-91.0027838, 44.3869785], [-91.0019767, 44.386578]]}}, {"type": "Feature", "properties": {"layer": "osm_deck", "osm_id": 51064120, "highway": "motorway", "name": null, "ref": "I 94", "length_m": 76.6, "nbi": "B27002500000000"}, "geometry": {"type": "LineString", "coordinates": [[-91.0017025, 44.3867237], [-91.0024923, 44.3871174]]}}, {"type": "Feature", "properties": {"layer": "osm_deck", "osm_id": 51064121, "highway": "tertiary", "name": "County Road FF", "ref": "CTH FF", "length_m": 102.7}, "geometry": {"type": "LineString", "coordinates": [[-91.0399744, 44.4107598], [-91.0401031, 44.4116794]]}}, {"type": "Feature", "properties": {"layer": "osm_deck", "osm_id": 51064125, "highway": "motorway", "name": null, "ref": "I 94", "length_m": 55.8, "nbi": "B27002700000000"}, "geometry": {"type": "LineString", "coordinates": [[-90.9238025, 44.3451264], [-90.9231802, 44.3448962]]}}, {"type": "Feature", "properties": {"layer": "osm_deck", "osm_id": 51064127, "highway": "motorway", "name": null, "ref": "I 94", "length_m": 49.3, "nbi": "B27002800000000"}, "geometry": {"type": "LineString", "coordinates": [[-90.9232338, 44.3451954], [-90.9237945, 44.3453829]]}}, {"type": "Feature", "properties": {"layer": "osm_deck", "osm_id": 78088733, "highway": "residential", "name": "Ryder Road", "ref": null, "length_m": 81.5, "nbi": "B18006700000000"}, "geometry": {"type": "LineString", "coordinates": [[-91.2375104, 44.6116521], [-91.2365392, 44.61189]]}}, {"type": "Feature", "properties": {"layer": "osm_deck", "osm_id": 101532638, "highway": "residential", "name": "Fall Coulee Road", "ref": null, "length_m": 18.8, "nbi": "B27011300000000"}, "geometry": {"type": "LineString", "coordinates": [[-91.0481631, 44.4085229], [-91.0479284, 44.4085049]]}}, {"type": "Feature", "properties": {"layer": "osm_deck", "osm_id": 203188273, "highway": "primary", "name": "US Highway 12", "ref": "US 12;WI 27", "length_m": 100.2, "nbi": "B18006100000000"}, "geometry": {"type": "LineString", "coordinates": [[-90.9856006, 44.6155599], [-90.9858577, 44.6159704], [-90.9861511, 44.6163705]]}}, {"type": "Feature", "properties": {"layer": "osm_deck", "osm_id": 203193499, "highway": "residential", "name": "East Main Street", "ref": null, "length_m": 9.7, "nbi": "B18011100000000"}, "geometry": {"type": "LineString", "coordinates": [[-90.9505069, 44.5999157], [-90.9503852, 44.5999152]]}}, {"type": "Feature", "properties": {"layer": "osm_deck", "osm_id": 203193501, "highway": "residential", "name": "Humbird Street", "ref": null, "length_m": 17.8, "nbi": "P18072600000000"}, "geometry": {"type": "LineString", "coordinates": [[-90.9527179, 44.5970681], [-90.9527193, 44.5972283]]}}, {"type": "Feature", "properties": {"layer": "osm_deck", "osm_id": 203193504, "highway": "unclassified", "name": "North Front Street", "ref": null, "length_m": 6.0}, "geometry": {"type": "LineString", "coordinates": [[-90.9736122, 44.6067348], [-90.9736651, 44.6067733]]}}, {"type": "Feature", "properties": {"layer": "osm_deck", "osm_id": 203193505, "highway": "unclassified", "name": "Pond Road", "ref": null, "length_m": 34.8, "nbi": "P18011300000000"}, "geometry": {"type": "LineString", "coordinates": [[-90.9515555, 44.6107047], [-90.9511166, 44.6107005]]}}, {"type": "Feature", "properties": {"layer": "osm_deck", "osm_id": 203193508, "highway": "trunk", "name": "US Highway 10", "ref": "US 10;US 12;WI 27", "length_m": 20.5, "nbi": "B18019300000000"}, "geometry": {"type": "LineString", "coordinates": [[-90.9533515, 44.5966164], [-90.9530931, 44.59662]]}}, {"type": "Feature", "properties": {"layer": "osm_deck", "osm_id": 203195575, "highway": "residential", "name": "East Giloy Road", "ref": null, "length_m": 8.4}, "geometry": {"type": "LineString", "coordinates": [[-90.9438275, 44.5099642], [-90.9439336, 44.5099624]]}}, {"type": "Feature", "properties": {"layer": "osm_deck", "osm_id": 232985013, "highway": "primary", "name": null, "ref": "US 53;WI 121", "length_m": 90.0}, "geometry": {"type": "LineString", "coordinates": [[-91.2948011, 44.3747949], [-91.293672, 44.3748026]]}}, {"type": "Feature", "properties": {"layer": "osm_deck", "osm_id": 232985016, "highway": "primary", "name": "Main Street", "ref": "US 53;WI 121;CTH D", "length_m": 61.7, "nbi": "B61005000000000"}, "geometry": {"type": "LineString", "coordinates": [[-91.3163414, 44.3720876], [-91.3161897, 44.3723575], [-91.3160217, 44.3725926]]}}, {"type": "Feature", "properties": {"layer": "osm_deck", "osm_id": 256119359, "highway": "secondary", "name": "County Road R", "ref": "CTH R", "length_m": 17.0, "nbi": "B61009600000000"}, "geometry": {"type": "LineString", "coordinates": [[-91.1757737, 44.5941045], [-91.1757743, 44.5942575]]}}, {"type": "Feature", "properties": {"layer": "osm_deck", "osm_id": 256120472, "highway": "primary", "name": "US Highway 12", "ref": "US 12;WI 27", "length_m": 58.9, "nbi": "B27084600000000"}, "geometry": {"type": "LineString", "coordinates": [[-90.9652847, 44.5955906], [-90.9659078, 44.5958779]]}}, {"type": "Feature", "properties": {"layer": "osm_deck", "osm_id": 258578372, "highway": "residential", "name": "Wade Road", "ref": null, "length_m": 43.6, "nbi": "B61005700000000"}, "geometry": {"type": "LineString", "coordinates": [[-91.2922223, 44.3494329], [-91.2916755, 44.349435]]}}, {"type": "Feature", "properties": {"layer": "osm_deck", "osm_id": 258583175, "highway": "secondary", "name": "County Highway P", "ref": "CTH P", "length_m": 28.4, "nbi": "B27010900000000"}, "geometry": {"type": "LineString", "coordinates": [[-91.1253589, 44.3270489], [-91.1253491, 44.3273048]]}}, {"type": "Feature", "properties": {"layer": "osm_deck", "osm_id": 258583177, "highway": "primary", "name": "State Highway 95", "ref": "WI 95", "length_m": 13.4, "nbi": "B27010700000000"}, "geometry": {"type": "LineString", "coordinates": [[-91.1170731, 44.3335725], [-91.116932, 44.3336376]]}}, {"type": "Feature", "properties": {"layer": "osm_deck", "osm_id": 258584868, "highway": "motorway", "name": null, "ref": "I 94", "length_m": 42.0, "nbi": "B27002100000000"}, "geometry": {"type": "LineString", "coordinates": [[-91.0064006, 44.3887329], [-91.0059673, 44.388518]]}}, {"type": "Feature", "properties": {"layer": "osm_deck", "osm_id": 258584869, "highway": "motorway", "name": null, "ref": "I 94", "length_m": 42.1, "nbi": "B27002200000000"}, "geometry": {"type": "LineString", "coordinates": [[-91.0056471, 44.3886469], [-91.0060849, 44.3888592]]}}, {"type": "Feature", "properties": {"layer": "osm_deck", "osm_id": 258584872, "highway": "residential", "name": "North Davis Road", "ref": null, "length_m": 19.3, "nbi": "B27010500000000"}, "geometry": {"type": "LineString", "coordinates": [[-91.0849348, 44.342602], [-91.0849347, 44.3427756]]}}, {"type": "Feature", "properties": {"layer": "osm_deck", "osm_id": 258584875, "highway": "primary", "name": "North State Street", "ref": "WI 95;CTH FF", "length_m": 37.6, "nbi": "B27016000000000"}, "geometry": {"type": "LineString", "coordinates": [[-91.0136188, 44.3852261], [-91.0138621, 44.3855159]]}}, {"type": "Feature", "properties": {"layer": "osm_deck", "osm_id": 258584880, "highway": "primary", "name": "State Highway 95", "ref": "WI 95", "length_m": 26.2, "nbi": "B27010800000000"}, "geometry": {"type": "LineString", "coordinates": [[-91.0795721, 44.3491089], [-91.079281, 44.3492174]]}}, {"type": "Feature", "properties": {"layer": "osm_deck", "osm_id": 258584883, "highway": "residential", "name": "Taylor Road", "ref": null, "length_m": 12.5, "nbi": "B27008700000000"}, "geometry": {"type": "LineString", "coordinates": [[-91.0886429, 44.3352558], [-91.0884857, 44.3352554]]}}, {"type": "Feature", "properties": {"layer": "osm_deck", "osm_id": 258584888, "highway": "motorway_link", "name": null, "ref": null, "length_m": 79.0, "nbi": "B27002500000000"}, "geometry": {"type": "LineString", "coordinates": [[-91.0028553, 44.3869338], [-91.0020276, 44.3865417]]}}, {"type": "Feature", "properties": {"layer": "osm_deck", "osm_id": 258584890, "highway": "motorway_link", "name": null, "ref": null, "length_m": 43.1, "nbi": "B27002200000000"}, "geometry": {"type": "LineString", "coordinates": [[-91.0055454, 44.3886866], [-91.006003, 44.3888938]]}}, {"type": "Feature", "properties": {"layer": "osm_deck", "osm_id": 258585430, "highway": "primary", "name": "State Highway 95", "ref": "WI 95", "length_m": 24.5, "nbi": "B27009100000000"}, "geometry": {"type": "LineString", "coordinates": [[-90.9733405, 44.4036801], [-90.9734588, 44.4034768]]}}, {"type": "Feature", "properties": {"layer": "osm_deck", "osm_id": 299861241, "highway": "secondary", "name": "County Road N", "ref": "CTH N", "length_m": 25.8, "nbi": "B27016100000000"}, "geometry": {"type": "LineString", "coordinates": [[-91.125573, 44.3189055], [-91.125567, 44.3191372]]}}, {"type": "Feature", "properties": {"layer": "osm_deck", "osm_id": 303998233, "highway": "secondary", "name": "County Highway P", "ref": "CTH P", "length_m": 17.0}, "geometry": {"type": "LineString", "coordinates": [[-91.1446081, 44.3992352], [-91.1446082, 44.3993882]]}}, {"type": "Feature", "properties": {"layer": "osm_deck", "osm_id": 383657959, "highway": "motorway", "name": null, "ref": "I 94", "length_m": 51.0, "nbi": "B27014900000000"}, "geometry": {"type": "LineString", "coordinates": [[-91.095784, 44.4625493], [-91.09549, 44.4621419]]}}, {"type": "Feature", "properties": {"layer": "osm_deck", "osm_id": 383657960, "highway": "motorway", "name": null, "ref": "I 94", "length_m": 50.3, "nbi": "B27014900000000"}, "geometry": {"type": "LineString", "coordinates": [[-91.0951491, 44.4621839], [-91.095455, 44.4625799]]}}, {"type": "Feature", "properties": {"layer": "osm_deck", "osm_id": 416708924, "highway": "primary", "name": "Ekern Street", "ref": "US 53", "length_m": 45.3, "nbi": "B61005800000000"}, "geometry": {"type": "LineString", "coordinates": [[-91.210743, 44.426935], [-91.2106592, 44.4273385]]}}, {"type": "Feature", "properties": {"layer": "osm_deck", "osm_id": 421649122, "highway": "tertiary", "name": "County Road B", "ref": "CTH B", "length_m": 19.8, "nbi": "P61005900000000"}, "geometry": {"type": "LineString", "coordinates": [[-91.206189, 44.5711419], [-91.2061773, 44.5713199]]}}, {"type": "Feature", "properties": {"layer": "osm_deck", "osm_id": 425404671, "highway": "tertiary", "name": "North Lincoln Road", "ref": null, "length_m": 55.4, "nbi": "B27007100000000"}, "geometry": {"type": "LineString", "coordinates": [[-91.0646728, 44.3528866], [-91.0646662, 44.353385]]}}, {"type": "Feature", "properties": {"layer": "osm_deck", "osm_id": 426198691, "highway": "motorway", "name": null, "ref": "I 94", "length_m": 43.9, "nbi": "B61021700000000"}, "geometry": {"type": "LineString", "coordinates": [[-91.211783, 44.5881853], [-91.2115268, 44.5878352]]}}, {"type": "Feature", "properties": {"layer": "osm_deck", "osm_id": 426198694, "highway": "motorway", "name": null, "ref": "I 94", "length_m": 37.1, "nbi": "B61021800000000"}, "geometry": {"type": "LineString", "coordinates": [[-91.2112389, 44.5879716], [-91.2114562, 44.5882671]]}}, {"type": "Feature", "properties": {"layer": "osm_deck", "osm_id": 432596430, "highway": "secondary", "name": "State Highway 121", "ref": "WI 121", "length_m": 61.2, "nbi": "B27096400000000"}, "geometry": {"type": "LineString", "coordinates": [[-91.0018503, 44.4491782], [-91.0012057, 44.4488778]]}}, {"type": "Feature", "properties": {"layer": "osm_deck", "osm_id": 433836757, "highway": "tertiary", "name": "County Highway G", "ref": "CTH G", "length_m": 17.6}, "geometry": {"type": "LineString", "coordinates": [[-91.1454799, 44.5380146], [-91.1454756, 44.5378565]]}}, {"type": "Feature", "properties": {"layer": "osm_deck", "osm_id": 445268601, "highway": "footway", "name": null, "ref": null, "length_m": 32.1}, "geometry": {"type": "LineString", "coordinates": [[-91.0124987, 44.3857457], [-91.0126579, 44.3860113]]}}, {"type": "Feature", "properties": {"layer": "osm_deck", "osm_id": 485522736, "highway": "primary", "name": "Harmony Street", "ref": "US 53", "length_m": 24.3, "nbi": "B61011800000000"}, "geometry": {"type": "LineString", "coordinates": [[-91.2239387, 44.5767709], [-91.2239336, 44.5769896]]}}, {"type": "Feature", "properties": {"layer": "osm_deck", "osm_id": 485529838, "highway": "primary", "name": "10th Street", "ref": "US 10;US 53", "length_m": 17.4, "nbi": "B61028200000000"}, "geometry": {"type": "LineString", "coordinates": [[-91.2259697, 44.5793957], [-91.2261888, 44.5793932]]}}, {"type": "Feature", "properties": {"layer": "osm_deck", "osm_id": 485533654, "highway": "tertiary", "name": "Main Street", "ref": "CTH NN", "length_m": 22.6, "nbi": "B61017000000000"}, "geometry": {"type": "LineString", "coordinates": [[-91.221718, 44.582644], [-91.2217135, 44.5828476]]}}, {"type": "Feature", "properties": {"layer": "osm_deck", "osm_id": 485546712, "highway": "cycleway", "name": "Buffalo River State Trail", "ref": null, "length_m": 34.6}, "geometry": {"type": "LineString", "coordinates": [[-91.2299093, 44.5786199], [-91.2295684, 44.5788136]]}}, {"type": "Feature", "properties": {"layer": "osm_deck", "osm_id": 486793802, "highway": "primary", "name": "State Highway 95", "ref": "WI 95;CTH S", "length_m": 61.6}, "geometry": {"type": "LineString", "coordinates": [[-91.2328769, 44.2992612], [-91.2322601, 44.2995949]]}}, {"type": "Feature", "properties": {"layer": "osm_deck", "osm_id": 567121300, "highway": "trunk", "name": "US Highway 10", "ref": "US 10", "length_m": 31.5, "nbi": "B27015100000000"}, "geometry": {"type": "LineString", "coordinates": [[-90.9704407, 44.5921658], [-90.9700841, 44.5922905]]}}, {"type": "Feature", "properties": {"layer": "osm_deck", "osm_id": 575573562, "highway": "footway", "name": null, "ref": null, "length_m": 25.1}, "geometry": {"type": "LineString", "coordinates": [[-91.3141797, 44.3686361], [-91.3144944, 44.3686402]]}}, {"type": "Feature", "properties": {"layer": "osm_deck", "osm_id": 803146023, "highway": "path", "name": null, "ref": null, "length_m": 8.9}, "geometry": {"type": "LineString", "coordinates": [[-91.2129807, 44.5744697], [-91.212903, 44.5744124]]}}, {"type": "Feature", "properties": {"layer": "osm_deck", "osm_id": 803146024, "highway": "path", "name": null, "ref": null, "length_m": 15.5}, "geometry": {"type": "LineString", "coordinates": [[-91.2138981, 44.5740742], [-91.2137721, 44.5741812]]}}, {"type": "Feature", "properties": {"layer": "osm_deck", "osm_id": 857935845, "highway": "residential", "name": "Tioga Road", "ref": null, "length_m": 17.2, "nbi": "B18014100000000"}, "geometry": {"type": "LineString", "coordinates": [[-90.9245716, 44.6070267], [-90.9243554, 44.6070263]]}}, {"type": "Feature", "properties": {"layer": "osm_deck", "osm_id": 938354389, "highway": "service", "name": null, "ref": null, "length_m": 5.6}, "geometry": {"type": "LineString", "coordinates": [[-91.1635275, 44.3153601], [-91.1635973, 44.3153566]]}}, {"type": "Feature", "properties": {"layer": "osm_deck", "osm_id": 1029114055, "highway": "unclassified", "name": "Peterson Road", "ref": null, "length_m": 25.1, "nbi": "B61008200000000"}, "geometry": {"type": "LineString", "coordinates": [[-91.3269556, 44.5630081], [-91.3269859, 44.5632333]]}}, {"type": "Feature", "properties": {"layer": "osm_deck", "osm_id": 1056728118, "highway": "cycleway", "name": "Buffalo River State Trail", "ref": null, "length_m": 13.8}, "geometry": {"type": "LineString", "coordinates": [[-91.3569065, 44.5575002], [-91.3570752, 44.5574697]]}}, {"type": "Feature", "properties": {"layer": "osm_deck", "osm_id": 1056728120, "highway": "cycleway", "name": "Buffalo River State Trail", "ref": null, "length_m": 15.4}, "geometry": {"type": "LineString", "coordinates": [[-91.2532457, 44.5759456], [-91.2530601, 44.5759851]]}}, {"type": "Feature", "properties": {"layer": "osm_deck", "osm_id": 1056728122, "highway": "cycleway", "name": "Buffalo River State Trail", "ref": null, "length_m": 29.3}, "geometry": {"type": "LineString", "coordinates": [[-91.207889, 44.5904986], [-91.2075627, 44.5906227]]}}, {"type": "Feature", "properties": {"layer": "osm_deck", "osm_id": 1071397464, "highway": "tertiary", "name": "County Road FF", "ref": "CTH FF", "length_m": 9.4}, "geometry": {"type": "LineString", "coordinates": [[-91.0522575, 44.4244932], [-91.0522831, 44.4245756]]}}, {"type": "Feature", "properties": {"layer": "osm_deck", "osm_id": 1071397480, "highway": "unclassified", "name": "Burton Road", "ref": null, "length_m": 10.5}, "geometry": {"type": "LineString", "coordinates": [[-91.0392673, 44.4158684], [-91.0392614, 44.4159628]]}}, {"type": "Feature", "properties": {"layer": "osm_deck", "osm_id": 1071397500, "highway": "residential", "name": "North Sechlerville Road", "ref": null, "length_m": 10.8}, "geometry": {"type": "LineString", "coordinates": [[-91.0308085, 44.3814868], [-91.0308126, 44.381584]]}}, {"type": "Feature", "properties": {"layer": "osm_deck", "osm_id": 1071397502, "highway": "primary", "name": "State Highway 95", "ref": "WI 95", "length_m": 9.1, "nbi": "B27011400000000"}, "geometry": {"type": "LineString", "coordinates": [[-91.0292532, 44.380909], [-91.0291567, 44.3809527]]}}, {"type": "Feature", "properties": {"layer": "osm_deck", "osm_id": 1071397512, "highway": "residential", "name": "South Sechlerville Road", "ref": null, "length_m": 28.6, "nbi": "B27005800000000"}, "geometry": {"type": "LineString", "coordinates": [[-91.0306905, 44.377556], [-91.0306917, 44.3778135]]}}, {"type": "Feature", "properties": {"layer": "osm_deck", "osm_id": 1094969090, "highway": "footway", "name": "Stoddard Sidewalk", "ref": null, "length_m": 13.8}, "geometry": {"type": "LineString", "coordinates": [[-91.216072, 44.575516], [-91.2161279, 44.5753985]]}}, {"type": "Feature", "properties": {"layer": "osm_deck", "osm_id": 1094969092, "highway": "footway", "name": "Stoddard Sidewalk", "ref": null, "length_m": 10.5}, "geometry": {"type": "LineString", "coordinates": [[-91.216149, 44.5749693], [-91.2162493, 44.5749077]]}}, {"type": "Feature", "properties": {"layer": "osm_deck", "osm_id": 1097818957, "highway": "service", "name": null, "ref": null, "length_m": 17.2}, "geometry": {"type": "LineString", "coordinates": [[-91.1840203, 44.4399803], [-91.1840345, 44.440135]]}}, {"type": "Feature", "properties": {"layer": "osm_deck", "osm_id": 1135308852, "highway": "service", "name": null, "ref": null, "length_m": 13.9}, "geometry": {"type": "LineString", "coordinates": [[-91.195428, 44.433745], [-91.1955717, 44.4338164]]}}, {"type": "Feature", "properties": {"layer": "osm_deck", "osm_id": 1154628345, "highway": "residential", "name": "South River Road", "ref": null, "length_m": 35.8, "nbi": "B61008000000000"}, "geometry": {"type": "LineString", "coordinates": [[-91.1664869, 44.3069295], [-91.1664695, 44.3072516]]}}, {"type": "Feature", "properties": {"layer": "osm_deck", "osm_id": 1337579277, "highway": "tertiary", "name": "County Road FF", "ref": "CTH FF", "length_m": 16.0}, "geometry": {"type": "LineString", "coordinates": [[-91.1231546, 44.4901152], [-91.1232605, 44.4902375]]}}, {"type": "Feature", "properties": {"layer": "osm_deck", "osm_id": 1337579281, "highway": "residential", "name": "Bluff View Road", "ref": null, "length_m": 11.1, "nbi": "B27013800000000"}, "geometry": {"type": "LineString", "coordinates": [[-91.1352378, 44.5364716], [-91.1352328, 44.5365717]]}}, {"type": "Feature", "properties": {"layer": "osm_deck", "osm_id": 1435152309, "highway": "unclassified", "name": "Tracey Valley Road", "ref": null, "length_m": 21.7, "nbi": "B61007300000000"}, "geometry": {"type": "LineString", "coordinates": [[-91.2677115, 44.5730095], [-91.2677974, 44.5731947]]}}, {"type": "Feature", "properties": {"layer": "osm_deck", "osm_id": 1435152314, "highway": "unclassified", "name": "Riphenberg Road", "ref": null, "length_m": 11.7, "nbi": "B61021900000000"}, "geometry": {"type": "LineString", "coordinates": [[-91.2611029, 44.5612421], [-91.2609553, 44.5612421]]}}, {"type": "Feature", "properties": {"layer": "osm_deck", "osm_id": 1435152319, "highway": "cycleway", "name": "Buffalo River State Trail", "ref": null, "length_m": 19.4, "nbi": "B61017600000000"}, "geometry": {"type": "LineString", "coordinates": [[-91.2178554, 44.586811], [-91.2176367, 44.5868898]]}}, {"type": "Feature", "properties": {"layer": "osm_deck", "osm_id": 1435152325, "highway": "cycleway", "name": "Buffalo River State Trail", "ref": null, "length_m": 32.7}, "geometry": {"type": "LineString", "coordinates": [[-91.1992148, 44.5919574], [-91.199626, 44.5919623]]}}, {"type": "Feature", "properties": {"layer": "osm_deck", "osm_id": 1435152331, "highway": "cycleway", "name": "Buffalo River State Trail", "ref": null, "length_m": 9.2}, "geometry": {"type": "LineString", "coordinates": [[-91.3687273, 44.5552896], [-91.3686169, 44.5553144]]}}, {"type": "Feature", "properties": {"layer": "osm_deck", "osm_id": 1435152343, "highway": "cycleway", "name": "Buffalo River State Trail", "ref": null, "length_m": 8.5}, "geometry": {"type": "LineString", "coordinates": [[-91.1921078, 44.5919085], [-91.1922142, 44.5919093]]}}, {"type": "Feature", "properties": {"layer": "osm_deck", "osm_id": 1452312403, "highway": "tertiary", "name": "County Road FF", "ref": "CTH FF", "length_m": 17.3, "nbi": "B27008400000000"}, "geometry": {"type": "LineString", "coordinates": [[-91.0996813, 44.4615073], [-91.0996901, 44.4616627]]}}, {"type": "Feature", "properties": {"layer": "osm_deck", "osm_id": 1506886957, "highway": "secondary", "name": "County Road P", "ref": "CTH P", "length_m": 7.9, "nbi": "P61094500000000"}, "geometry": {"type": "LineString", "coordinates": [[-91.1778046, 44.4225897], [-91.177904, 44.42259]]}}, {"type": "Feature", "properties": {"layer": "osm_deck", "osm_id": 1506886959, "highway": "unclassified", "name": "East Dagget Coulee Road", "ref": null, "length_m": 26.8, "nbi": "P61014200000000"}, "geometry": {"type": "LineString", "coordinates": [[-91.2211115, 44.4170202], [-91.2214157, 44.4171232]]}}, {"type": "Feature", "properties": {"layer": "osm_deck", "osm_id": 1506886962, "highway": "residential", "name": "Loga Road", "ref": null, "length_m": 14.9, "nbi": "P61013200000000"}, "geometry": {"type": "LineString", "coordinates": [[-91.3613061, 44.4580121], [-91.3614938, 44.4580127]]}}]}