2026-10-02T16:11:09.8982304Z Current runner version: '2.337.0'
2026-10-02T16:11:09.9008295Z ##[group]Runner Image Provisioner
2026-10-02T16:11:09.9009444Z Hosted Compute Agent
2026-10-02T16:11:09.9010066Z Version: 20260901.588
2026-10-02T16:11:09.9010798Z Commit: f88ec8081b781fac6c440065ac7ff9e710ce3d0b
2026-10-02T16:11:09.9011556Z Build Date: 2026-09-01T19:56:44Z
2026-10-02T16:11:09.9012286Z Worker ID: {59bf8466-fdca-4836-a9bb-dd877fcee631}
2026-10-02T16:11:09.9013117Z Azure Region: northcentralus
2026-10-02T16:11:09.9013805Z ##[endgroup]
2026-10-02T16:11:09.9015287Z ##[group]Operating System
2026-10-02T16:11:09.9015950Z Ubuntu
2026-10-02T16:11:09.9016528Z 24.04.5
2026-10-02T16:11:09.9017145Z LTS
2026-10-02T16:11:09.9017693Z ##[endgroup]
2026-10-02T16:11:09.9018303Z ##[group]Runner Image
2026-10-02T16:11:09.9019197Z Image: ubuntu-24.04
2026-10-02T16:11:09.9019834Z Version: 20260927.320.1
2026-10-02T16:11:09.9021202Z Included Software: https://github.com/actions/runner-images/blob/ubuntu24/20260927.320/images/ubuntu/Ubuntu2404-Readme.md
2026-10-02T16:11:09.9022807Z Image Release: https://github.com/actions/runner-images/releases/tag/ubuntu24%2F20260927.320
2026-10-02T16:11:09.9023813Z ##[endgroup]
2026-10-02T16:11:09.9025031Z ##[group]GITHUB_TOKEN Permissions
2026-10-02T16:11:09.9026962Z Contents: read
2026-10-02T16:11:09.9027664Z Metadata: read
2026-10-02T16:11:09.9028360Z ##[endgroup]
2026-10-02T16:11:09.9030770Z Secret source: Actions
2026-10-02T16:11:09.9031864Z Cache mode: write
2026-10-02T16:11:09.9032621Z Prepare workflow directory
2026-10-02T16:11:09.9467835Z Prepare all required actions
2026-10-02T16:11:09.9535524Z Getting action download info
2026-10-02T16:11:10.1976551Z Download action repository 'actions/checkout@v6' (SHA:d23441a48e516b6c34aea4fa41551a30e30af803)
2026-10-02T16:11:10.3141993Z Download action repository 'actions/setup-java@v5' (SHA:b6effb05e454b25005698d916606bdc6ffcbf961)
2026-10-02T16:11:10.8651759Z Download action repository 'actions/setup-node@v6' (SHA:249970729cb0ef3589644e2896645e5dc5ba9c38)
2026-10-02T16:11:11.0080400Z Download action repository 'actions/upload-artifact@v5' (SHA:330a01c490aca151604b8cf639adc76d48f6c5d4)
2026-10-02T16:11:11.3060883Z Complete job name: Firestore rules + economy functions + game flows + save recovery (emulator)
2026-10-02T16:11:11.4000411Z ##[group]Run actions/checkout@v6
2026-10-02T16:11:11.4002125Z with:
2026-10-02T16:11:11.4003154Z   persist-credentials: false
2026-10-02T16:11:11.4004430Z   repository: pederaus9-ux/Bugsy
2026-10-02T16:11:11.4014295Z   token: ***
2026-10-02T16:11:11.4015291Z   ssh-strict: true
2026-10-02T16:11:11.4016403Z   ssh-user: git
2026-10-02T16:11:11.4017445Z   clean: true
2026-10-02T16:11:11.4018539Z   sparse-checkout-cone-mode: true
2026-10-02T16:11:11.4019935Z   fetch-depth: 1
2026-10-02T16:11:11.4020947Z   fetch-tags: false
2026-10-02T16:11:11.4022073Z   show-progress: true
2026-10-02T16:11:11.4023133Z   lfs: false
2026-10-02T16:11:11.4024137Z   submodules: false
2026-10-02T16:11:11.4025252Z   set-safe-directory: true
2026-10-02T16:11:11.4026409Z   allow-unsafe-pr-checkout: false
2026-10-02T16:11:11.4028082Z ##[endgroup]
2026-10-02T16:11:11.5066204Z Syncing repository: pederaus9-ux/Bugsy
2026-10-02T16:11:11.5070546Z ##[group]Getting Git version info
2026-10-02T16:11:11.5072897Z Working directory is '/home/runner/work/Bugsy/Bugsy'
2026-10-02T16:11:11.5075552Z [command]/usr/bin/git version
2026-10-02T16:11:11.5144077Z git version 2.55.0
2026-10-02T16:11:11.5169361Z ##[endgroup]
2026-10-02T16:11:11.5196851Z Temporarily overriding HOME='/home/runner/work/_temp/36d4c176-2e1e-4006-9505-5b8571a94a44' before making global git config changes
2026-10-02T16:11:11.5200543Z Adding repository directory to the temporary git global config as a safe directory
2026-10-02T16:11:11.5203821Z [command]/usr/bin/git config --global --add safe.directory /home/runner/work/Bugsy/Bugsy
2026-10-02T16:11:11.5260389Z Deleting the contents of '/home/runner/work/Bugsy/Bugsy'
2026-10-02T16:11:11.5273257Z ##[group]Determining repository object format
2026-10-02T16:11:11.5275553Z ##[endgroup]
2026-10-02T16:11:11.5282787Z ##[group]Initializing the repository
2026-10-02T16:11:11.5366026Z [command]/usr/bin/git init /home/runner/work/Bugsy/Bugsy
2026-10-02T16:11:11.5379968Z hint: Using 'master' as the name for the initial branch. This default branch name
2026-10-02T16:11:11.5382993Z hint: will change to "main" in Git 3.0. To configure the initial branch name
2026-10-02T16:11:11.5386072Z hint: to use in all of your new repositories, which will suppress this warning,
2026-10-02T16:11:11.5388376Z hint: call:
2026-10-02T16:11:11.5389794Z hint:
2026-10-02T16:11:11.5391334Z hint: 	git config --global init.defaultBranch <name>
2026-10-02T16:11:11.5393187Z hint:
2026-10-02T16:11:11.5394915Z hint: Names commonly chosen instead of 'master' are 'main', 'trunk' and
2026-10-02T16:11:11.5397311Z hint: 'development'. The just-created branch can be renamed via this command:
2026-10-02T16:11:11.5399493Z hint:
2026-10-02T16:11:11.5400458Z hint: 	git branch -m <name>
2026-10-02T16:11:11.5401455Z hint:
2026-10-02T16:11:11.5402768Z hint: Disable this message with "git config set advice.defaultBranchName false"
2026-10-02T16:11:11.5404769Z Initialized empty Git repository in /home/runner/work/Bugsy/Bugsy/.git/
2026-10-02T16:11:11.5410787Z [command]/usr/bin/git remote add origin https://github.com/pederaus9-ux/Bugsy
2026-10-02T16:11:11.5467226Z ##[endgroup]
2026-10-02T16:11:11.5469770Z ##[group]Disabling automatic garbage collection
2026-10-02T16:11:11.5471927Z [command]/usr/bin/git config --local gc.auto 0
2026-10-02T16:11:11.5507568Z ##[endgroup]
2026-10-02T16:11:11.5510228Z ##[group]Setting up auth
2026-10-02T16:11:11.5511856Z Removing SSH command configuration
2026-10-02T16:11:11.5515404Z [command]/usr/bin/git config --local --name-only --get-regexp core\.sshCommand
2026-10-02T16:11:11.5554506Z [command]/usr/bin/git submodule foreach --recursive sh -c "git config --local --name-only --get-regexp 'core\.sshCommand' && git config --local --unset-all 'core.sshCommand' || :"
2026-10-02T16:11:11.5941869Z Removing HTTP extra header
2026-10-02T16:11:11.5951593Z [command]/usr/bin/git config --local --name-only --get-regexp http\.https\:\/\/github\.com\/\.extraheader
2026-10-02T16:11:11.5994980Z [command]/usr/bin/git submodule foreach --recursive sh -c "git config --local --name-only --get-regexp 'http\.https\:\/\/github\.com\/\.extraheader' && git config --local --unset-all 'http.https://github.com/.extraheader' || :"
2026-10-02T16:11:11.6235019Z Removing includeIf entries pointing to credentials config files
2026-10-02T16:11:11.6241998Z [command]/usr/bin/git config --local --name-only --get-regexp ^includeIf\.gitdir:
2026-10-02T16:11:11.6280411Z [command]/usr/bin/git submodule foreach --recursive git config --local --show-origin --name-only --get-regexp remote.origin.url
2026-10-02T16:11:11.6523930Z [command]/usr/bin/git config --file /home/runner/work/_temp/git-credentials-f58f4c10-df9b-4e5b-8226-a2d7f7c9b2e8.config http.https://github.com/.extraheader AUTHORIZATION: basic ***
2026-10-02T16:11:11.6567534Z [command]/usr/bin/git config --local includeIf.gitdir:/home/runner/work/Bugsy/Bugsy/.git.path /home/runner/work/_temp/git-credentials-f58f4c10-df9b-4e5b-8226-a2d7f7c9b2e8.config
2026-10-02T16:11:11.6605327Z [command]/usr/bin/git config --local includeIf.gitdir:/home/runner/work/Bugsy/Bugsy/.git/worktrees/*.path /home/runner/work/_temp/git-credentials-f58f4c10-df9b-4e5b-8226-a2d7f7c9b2e8.config
2026-10-02T16:11:11.6645186Z [command]/usr/bin/git config --local includeIf.gitdir:/github/workspace/.git.path /github/runner_temp/git-credentials-f58f4c10-df9b-4e5b-8226-a2d7f7c9b2e8.config
2026-10-02T16:11:11.6687824Z [command]/usr/bin/git config --local includeIf.gitdir:/github/workspace/.git/worktrees/*.path /github/runner_temp/git-credentials-f58f4c10-df9b-4e5b-8226-a2d7f7c9b2e8.config
2026-10-02T16:11:11.6720765Z ##[endgroup]
2026-10-02T16:11:11.6722215Z ##[group]Fetching the repository
2026-10-02T16:11:11.6728503Z [command]/usr/bin/git -c protocol.version=2 fetch --no-tags --prune --no-recurse-submodules --depth=1 origin +16f5d93c914d7b8407aa8f992b6fbc2b85af82d0:refs/remotes/pull/39/merge
2026-10-02T16:11:12.4940523Z From https://github.com/pederaus9-ux/Bugsy
2026-10-02T16:11:12.4942854Z  * [new ref]         16f5d93c914d7b8407aa8f992b6fbc2b85af82d0 -> pull/39/merge
2026-10-02T16:11:12.4948275Z ##[endgroup]
2026-10-02T16:11:12.4949241Z ##[group]Determining the checkout info
2026-10-02T16:11:12.4950054Z ##[endgroup]
2026-10-02T16:11:12.4955256Z [command]/usr/bin/git sparse-checkout disable
2026-10-02T16:11:12.5011018Z [command]/usr/bin/git config --local --unset-all extensions.worktreeConfig
2026-10-02T16:11:12.5045786Z ##[group]Checking out the ref
2026-10-02T16:11:12.5049966Z [command]/usr/bin/git checkout --progress --force refs/remotes/pull/39/merge
2026-10-02T16:11:12.5480536Z Note: switching to 'refs/remotes/pull/39/merge'.
2026-10-02T16:11:12.5480975Z 
2026-10-02T16:11:12.5481239Z You are in 'detached HEAD' state. You can look around, make experimental
2026-10-02T16:11:12.5481822Z changes and commit them, and you can discard any commits you make in this
2026-10-02T16:11:12.5482421Z state without impacting any branches by switching back to a branch.
2026-10-02T16:11:12.5482742Z 
2026-10-02T16:11:12.5482996Z If you want to create a new branch to retain commits you create, you may
2026-10-02T16:11:12.5483498Z do so (now or later) by using -c with the switch command. Example:
2026-10-02T16:11:12.5483787Z 
2026-10-02T16:11:12.5483934Z   git switch -c <new-branch-name>
2026-10-02T16:11:12.5484133Z 
2026-10-02T16:11:12.5484273Z Or undo this operation with:
2026-10-02T16:11:12.5484471Z 
2026-10-02T16:11:12.5484595Z   git switch -
2026-10-02T16:11:12.5484773Z 
2026-10-02T16:11:12.5485071Z Turn off this advice by setting config variable advice.detachedHead to false
2026-10-02T16:11:12.5485418Z 
2026-10-02T16:11:12.5485797Z HEAD is now at 16f5d93 Merge 85b1d75e78604a2ae6c527f5ce8040ac3dcc012f into 0b25c98765220f6f2f5ce3d0eb0c7b4335e12eb8
2026-10-02T16:11:12.5498679Z ##[endgroup]
2026-10-02T16:11:12.5549343Z [command]/usr/bin/git log -1 --format=%H
2026-10-02T16:11:12.5579080Z 16f5d93c914d7b8407aa8f992b6fbc2b85af82d0
2026-10-02T16:11:12.5591248Z ##[group]Removing auth
2026-10-02T16:11:12.5591630Z Removing SSH command configuration
2026-10-02T16:11:12.5595752Z [command]/usr/bin/git config --local --name-only --get-regexp core\.sshCommand
2026-10-02T16:11:12.5633498Z [command]/usr/bin/git submodule foreach --recursive sh -c "git config --local --name-only --get-regexp 'core\.sshCommand' && git config --local --unset-all 'core.sshCommand' || :"
2026-10-02T16:11:12.5873517Z Removing HTTP extra header
2026-10-02T16:11:12.5877420Z [command]/usr/bin/git config --local --name-only --get-regexp http\.https\:\/\/github\.com\/\.extraheader
2026-10-02T16:11:12.5917969Z [command]/usr/bin/git submodule foreach --recursive sh -c "git config --local --name-only --get-regexp 'http\.https\:\/\/github\.com\/\.extraheader' && git config --local --unset-all 'http.https://github.com/.extraheader' || :"
2026-10-02T16:11:12.6161599Z Removing includeIf entries pointing to credentials config files
2026-10-02T16:11:12.6165104Z [command]/usr/bin/git config --local --name-only --get-regexp ^includeIf\.gitdir:
2026-10-02T16:11:12.6198551Z includeif.gitdir:/home/runner/work/Bugsy/Bugsy/.git.path
2026-10-02T16:11:12.6199640Z includeif.gitdir:/home/runner/work/Bugsy/Bugsy/.git/worktrees/*.path
2026-10-02T16:11:12.6200466Z includeif.gitdir:/github/workspace/.git.path
2026-10-02T16:11:12.6201205Z includeif.gitdir:/github/workspace/.git/worktrees/*.path
2026-10-02T16:11:12.6210196Z [command]/usr/bin/git config --local --get-all includeif.gitdir:/home/runner/work/Bugsy/Bugsy/.git.path
2026-10-02T16:11:12.6239472Z /home/runner/work/_temp/git-credentials-f58f4c10-df9b-4e5b-8226-a2d7f7c9b2e8.config
2026-10-02T16:11:12.6250646Z [command]/usr/bin/git config --local --unset includeif.gitdir:/home/runner/work/Bugsy/Bugsy/.git.path /home/runner/work/_temp/git-credentials-f58f4c10-df9b-4e5b-8226-a2d7f7c9b2e8.config
2026-10-02T16:11:12.6290411Z [command]/usr/bin/git config --local --get-all includeif.gitdir:/home/runner/work/Bugsy/Bugsy/.git/worktrees/*.path
2026-10-02T16:11:12.6316870Z /home/runner/work/_temp/git-credentials-f58f4c10-df9b-4e5b-8226-a2d7f7c9b2e8.config
2026-10-02T16:11:12.6325777Z [command]/usr/bin/git config --local --unset includeif.gitdir:/home/runner/work/Bugsy/Bugsy/.git/worktrees/*.path /home/runner/work/_temp/git-credentials-f58f4c10-df9b-4e5b-8226-a2d7f7c9b2e8.config
2026-10-02T16:11:12.6366801Z [command]/usr/bin/git config --local --get-all includeif.gitdir:/github/workspace/.git.path
2026-10-02T16:11:12.6394404Z /github/runner_temp/git-credentials-f58f4c10-df9b-4e5b-8226-a2d7f7c9b2e8.config
2026-10-02T16:11:12.6404789Z [command]/usr/bin/git config --local --unset includeif.gitdir:/github/workspace/.git.path /github/runner_temp/git-credentials-f58f4c10-df9b-4e5b-8226-a2d7f7c9b2e8.config
2026-10-02T16:11:12.6451340Z [command]/usr/bin/git config --local --get-all includeif.gitdir:/github/workspace/.git/worktrees/*.path
2026-10-02T16:11:12.6478057Z /github/runner_temp/git-credentials-f58f4c10-df9b-4e5b-8226-a2d7f7c9b2e8.config
2026-10-02T16:11:12.6490482Z [command]/usr/bin/git config --local --unset includeif.gitdir:/github/workspace/.git/worktrees/*.path /github/runner_temp/git-credentials-f58f4c10-df9b-4e5b-8226-a2d7f7c9b2e8.config
2026-10-02T16:11:12.6534050Z [command]/usr/bin/git submodule foreach --recursive git config --local --show-origin --name-only --get-regexp remote.origin.url
2026-10-02T16:11:12.6768189Z Removing credentials config '/home/runner/work/_temp/git-credentials-f58f4c10-df9b-4e5b-8226-a2d7f7c9b2e8.config'
2026-10-02T16:11:12.6777056Z ##[endgroup]
2026-10-02T16:11:12.7075731Z ##[group]Run actions/setup-java@v5
2026-10-02T16:11:12.7076089Z with:
2026-10-02T16:11:12.7076349Z   distribution: temurin
2026-10-02T16:11:12.7076634Z   java-version: 21
2026-10-02T16:11:12.7076912Z   java-package: jdk
2026-10-02T16:11:12.7077181Z   check-latest: false
2026-10-02T16:11:12.7077454Z   set-default: true
2026-10-02T16:11:12.7077728Z   verify-signature: false
2026-10-02T16:11:12.7078039Z   server-id: github
2026-10-02T16:11:12.7078321Z   server-username: GITHUB_ACTOR
2026-10-02T16:11:12.7078648Z   server-password: GITHUB_TOKEN
2026-10-02T16:11:12.7079108Z   overwrite-settings: true
2026-10-02T16:11:12.7079405Z   job-status: success
2026-10-02T16:11:12.7082132Z   token: ***
2026-10-02T16:11:12.7082413Z   show-download-progress: false
2026-10-02T16:11:12.7082732Z ##[endgroup]
2026-10-02T16:11:12.8621883Z ##[group]Installed distributions
2026-10-02T16:11:12.8793356Z Resolved Java 21.0.12+1 from tool-cache
2026-10-02T16:11:12.8793976Z Setting Java 21.0.12+1 as the default
2026-10-02T16:11:12.8805347Z Creating toolchains.xml for JDK version 21 from temurin
2026-10-02T16:11:12.8876843Z Writing to /home/runner/.m2/toolchains.xml
2026-10-02T16:11:12.8877302Z 
2026-10-02T16:11:12.8877514Z Java configuration:
2026-10-02T16:11:12.8877982Z   Distribution: temurin
2026-10-02T16:11:12.8878443Z   Version: 21.0.12+1
2026-10-02T16:11:12.8879288Z   Path: /opt/hostedtoolcache/Java_Temurin-Hotspot_jdk/21.0.12-1/x64
2026-10-02T16:11:12.8879859Z 
2026-10-02T16:11:12.8880443Z ##[endgroup]
2026-10-02T16:11:12.8933847Z Creating settings.xml with server-id: github
2026-10-02T16:11:12.8935138Z Writing to /home/runner/.m2/settings.xml
2026-10-02T16:11:12.8936501Z Configured MAVEN_ARGS to include -ntp to suppress Maven transfer progress logs. Set 'show-download-progress: true' to keep the download progress output.
2026-10-02T16:11:12.9156528Z ##[group]Run actions/setup-node@v6
2026-10-02T16:11:12.9157085Z with:
2026-10-02T16:11:12.9157491Z   node-version: 22
2026-10-02T16:11:12.9157905Z   cache: npm
2026-10-02T16:11:12.9158442Z   cache-dependency-path: farm3d/firebase/package-lock.json
2026-10-02T16:11:12.9159276Z   check-latest: false
2026-10-02T16:11:12.9164336Z   token: ***
2026-10-02T16:11:12.9164783Z   package-manager-cache: true
2026-10-02T16:11:12.9165271Z env:
2026-10-02T16:11:12.9165838Z   JAVA_HOME: /opt/hostedtoolcache/Java_Temurin-Hotspot_jdk/21.0.12-1/x64
2026-10-02T16:11:12.9166749Z   JAVA_HOME_21_X64: /opt/hostedtoolcache/Java_Temurin-Hotspot_jdk/21.0.12-1/x64
2026-10-02T16:11:12.9167793Z   MAVEN_ARGS: -ntp
2026-10-02T16:11:12.9168208Z ##[endgroup]
2026-10-02T16:11:13.0867896Z Found in cache @ /opt/hostedtoolcache/node/22.23.3/x64
2026-10-02T16:11:13.0871250Z ##[group]Environment details
2026-10-02T16:11:16.4314010Z node: v22.23.3
2026-10-02T16:11:16.4314390Z npm: 10.9.9
2026-10-02T16:11:16.4314723Z yarn: 1.22.22
2026-10-02T16:11:16.4315733Z ##[endgroup]
2026-10-02T16:11:16.4335166Z [command]/opt/hostedtoolcache/node/22.23.3/x64/bin/npm config get cache
2026-10-02T16:11:16.7671160Z /home/runner/.npm
2026-10-02T16:11:16.8842994Z Cache hit for: node-cache-Linux-x64-npm-b660949991950745c13b9e79ac4e4a31392c8aad5e11947b2d3a07bda91b5807
2026-10-02T16:11:17.7899545Z Received 113861839 of 113861839 (100.0%), 135.4 MBs/sec
2026-10-02T16:11:17.7900341Z Cache Size: ~109 MB (113861839 B)
2026-10-02T16:11:17.7936590Z [command]/usr/bin/tar -xf /home/runner/work/_temp/998bfc4e-8668-4498-aeaa-2ba706b7464f/cache.tzst -P -C /home/runner/work/Bugsy/Bugsy --use-compress-program unzstd
2026-10-02T16:11:18.0906282Z Cache restored successfully
2026-10-02T16:11:18.0970461Z Cache restored from key: node-cache-Linux-x64-npm-b660949991950745c13b9e79ac4e4a31392c8aad5e11947b2d3a07bda91b5807
2026-10-02T16:11:18.1198209Z ##[group]Run npm ci --ignore-scripts
2026-10-02T16:11:18.1198889Z [36;1mnpm ci --ignore-scripts[0m
2026-10-02T16:11:18.1511222Z shell: /usr/bin/bash -e {0}
2026-10-02T16:11:18.1511573Z env:
2026-10-02T16:11:18.1511932Z   JAVA_HOME: /opt/hostedtoolcache/Java_Temurin-Hotspot_jdk/21.0.12-1/x64
2026-10-02T16:11:18.1512449Z   JAVA_HOME_21_X64: /opt/hostedtoolcache/Java_Temurin-Hotspot_jdk/21.0.12-1/x64
2026-10-02T16:11:18.1512845Z   MAVEN_ARGS: -ntp
2026-10-02T16:11:18.1513071Z ##[endgroup]
2026-10-02T16:11:24.0166270Z npm warn deprecated tar@6.2.1: Old versions of tar are not supported, and contain widely publicized security vulnerabilities, which have been fixed in the current version. Please update. Support for old versions may be purchased (at exorbitant rates) by contacting i@izs.me
2026-10-02T16:11:24.1131534Z npm warn deprecated node-domexception@1.0.0: Use your platform's native DOMException instead
2026-10-02T16:11:24.2770145Z npm warn deprecated json-ptr@3.1.1: Package no longer supported. Contact Support at https://www.npmjs.com/support for more info.
2026-10-02T16:11:24.7130253Z npm warn deprecated uuid@8.3.2: uuid@10 and below is no longer supported.  For ESM codebases, update to uuid@latest.  For CommonJS codebases, use uuid@11 (but be aware this version will likely be deprecated in 2028).
2026-10-02T16:11:24.8766820Z npm warn deprecated uuid@9.0.1: uuid@10 and below is no longer supported.  For ESM codebases, update to uuid@latest.  For CommonJS codebases, use uuid@11 (but be aware this version will likely be deprecated in 2028).
2026-10-02T16:11:24.9672016Z npm warn deprecated glob@10.5.0: Old versions of glob are not supported, and contain widely publicized security vulnerabilities, which have been fixed in the current version. Please update. Support for old versions may be purchased (at exorbitant rates) by contacting i@izs.me
2026-10-02T16:11:30.6471904Z 
2026-10-02T16:11:30.6473048Z added 844 packages, and audited 845 packages in 12s
2026-10-02T16:11:30.6473552Z 
2026-10-02T16:11:30.6473876Z 100 packages are looking for funding
2026-10-02T16:11:30.6474345Z   run `npm fund` for details
2026-10-02T16:11:31.0729284Z 
2026-10-02T16:11:31.0730242Z 19 vulnerabilities (6 moderate, 11 high, 2 critical)
2026-10-02T16:11:31.0730885Z 
2026-10-02T16:11:31.0731296Z To address issues that do not require attention, run:
2026-10-02T16:11:31.0731846Z   npm audit fix
2026-10-02T16:11:31.0732061Z 
2026-10-02T16:11:31.0732484Z To address all issues (including breaking changes), run:
2026-10-02T16:11:31.0733060Z   npm audit fix --force
2026-10-02T16:11:31.0733308Z 
2026-10-02T16:11:31.0733498Z Run `npm audit` for details.
2026-10-02T16:11:31.1783939Z ##[group]Run npm ci --ignore-scripts
2026-10-02T16:11:31.1784405Z [36;1mnpm ci --ignore-scripts[0m
2026-10-02T16:11:31.1864645Z shell: /usr/bin/bash -e {0}
2026-10-02T16:11:31.1864924Z env:
2026-10-02T16:11:31.1865253Z   JAVA_HOME: /opt/hostedtoolcache/Java_Temurin-Hotspot_jdk/21.0.12-1/x64
2026-10-02T16:11:31.1865768Z   JAVA_HOME_21_X64: /opt/hostedtoolcache/Java_Temurin-Hotspot_jdk/21.0.12-1/x64
2026-10-02T16:11:31.1866169Z   MAVEN_ARGS: -ntp
2026-10-02T16:11:31.1866395Z ##[endgroup]
2026-10-02T16:11:32.6002479Z npm warn deprecated node-domexception@1.0.0: Use your platform's native DOMException instead
2026-10-02T16:11:32.8856693Z npm warn deprecated uuid@9.0.1: uuid@10 and below is no longer supported.  For ESM codebases, update to uuid@latest.  For CommonJS codebases, use uuid@11 (but be aware this version will likely be deprecated in 2028).
2026-10-02T16:11:33.6637138Z 
2026-10-02T16:11:33.6638147Z added 252 packages, and audited 253 packages in 2s
2026-10-02T16:11:33.6638961Z 
2026-10-02T16:11:33.6639287Z 39 packages are looking for funding
2026-10-02T16:11:33.6639834Z   run `npm fund` for details
2026-10-02T16:11:33.6753720Z 
2026-10-02T16:11:33.6754356Z 9 moderate severity vulnerabilities
2026-10-02T16:11:33.6754696Z 
2026-10-02T16:11:33.6755062Z To address issues that do not require attention, run:
2026-10-02T16:11:33.6755591Z   npm audit fix
2026-10-02T16:11:33.6755798Z 
2026-10-02T16:11:33.6756166Z To address all issues (including breaking changes), run:
2026-10-02T16:11:33.6756705Z   npm audit fix --force
2026-10-02T16:11:33.6756946Z 
2026-10-02T16:11:33.6757155Z Run `npm audit` for details.
2026-10-02T16:11:33.6962572Z ##[group]Run npx playwright install --with-deps chromium
2026-10-02T16:11:33.6963114Z [36;1mnpx playwright install --with-deps chromium[0m
2026-10-02T16:11:33.7032818Z shell: /usr/bin/bash -e {0}
2026-10-02T16:11:33.7033089Z env:
2026-10-02T16:11:33.7033410Z   JAVA_HOME: /opt/hostedtoolcache/Java_Temurin-Hotspot_jdk/21.0.12-1/x64
2026-10-02T16:11:33.7033911Z   JAVA_HOME_21_X64: /opt/hostedtoolcache/Java_Temurin-Hotspot_jdk/21.0.12-1/x64
2026-10-02T16:11:33.7034318Z   MAVEN_ARGS: -ntp
2026-10-02T16:11:33.7034559Z ##[endgroup]
2026-10-02T16:11:34.6025171Z Installing dependencies...
2026-10-02T16:11:34.6086348Z Switching to root user to install dependencies...
2026-10-02T16:11:34.7000914Z Get:1 file:/etc/apt/apt-mirrors.txt Mirrorlist [144 B]
2026-10-02T16:11:34.7261174Z Get:6 https://packages.microsoft.com/ubuntu/24.04/prod noble InRelease [3600 B]
2026-10-02T16:11:34.7440777Z Hit:2 http://azure.archive.ubuntu.com/ubuntu noble InRelease
2026-10-02T16:11:34.7475119Z Get:3 http://azure.archive.ubuntu.com/ubuntu noble-updates InRelease [126 kB]
2026-10-02T16:11:34.7551046Z Get:4 http://azure.archive.ubuntu.com/ubuntu noble-backports InRelease [126 kB]
2026-10-02T16:11:34.7579936Z Get:5 http://azure.archive.ubuntu.com/ubuntu noble-security InRelease [126 kB]
2026-10-02T16:11:34.8156870Z Get:7 https://packages.microsoft.com/ubuntu/24.04/prod noble/main arm64 Packages [458 kB]
2026-10-02T16:11:34.8345598Z Get:8 https://packages.microsoft.com/ubuntu/24.04/prod noble/main amd64 Packages [511 kB]
2026-10-02T16:11:34.8400305Z Get:9 https://packages.microsoft.com/ubuntu/24.04/prod noble/main armhf Packages [12.6 kB]
2026-10-02T16:11:35.1585035Z Get:10 http://azure.archive.ubuntu.com/ubuntu noble-updates/main amd64 Packages [1364 kB]
2026-10-02T16:11:35.1710192Z Get:11 http://azure.archive.ubuntu.com/ubuntu noble-updates/main Translation-en [304 kB]
2026-10-02T16:11:35.1720033Z Get:12 http://azure.archive.ubuntu.com/ubuntu noble-updates/main amd64 Components [180 kB]
2026-10-02T16:11:35.1740982Z Get:13 http://azure.archive.ubuntu.com/ubuntu noble-updates/universe amd64 Packages [1699 kB]
2026-10-02T16:11:35.1850472Z Get:14 http://azure.archive.ubuntu.com/ubuntu noble-updates/universe Translation-en [341 kB]
2026-10-02T16:11:35.1886473Z Get:15 http://azure.archive.ubuntu.com/ubuntu noble-updates/universe amd64 Components [388 kB]
2026-10-02T16:11:35.1920156Z Get:16 http://azure.archive.ubuntu.com/ubuntu noble-updates/restricted amd64 Packages [1720 kB]
2026-10-02T16:11:35.2009857Z Get:17 http://azure.archive.ubuntu.com/ubuntu noble-updates/restricted Translation-en [394 kB]
2026-10-02T16:11:35.2034147Z Get:18 http://azure.archive.ubuntu.com/ubuntu noble-updates/multiverse amd64 Components [940 B]
2026-10-02T16:11:35.2308219Z Get:19 http://azure.archive.ubuntu.com/ubuntu noble-backports/main amd64 Components [5764 B]
2026-10-02T16:11:35.2745945Z Get:20 http://azure.archive.ubuntu.com/ubuntu noble-backports/universe amd64 Components [12.6 kB]
2026-10-02T16:11:35.2949385Z Get:21 http://azure.archive.ubuntu.com/ubuntu noble-security/main amd64 Packages [1069 kB]
2026-10-02T16:11:35.3012459Z Get:22 http://azure.archive.ubuntu.com/ubuntu noble-security/main Translation-en [221 kB]
2026-10-02T16:11:35.3032284Z Get:23 http://azure.archive.ubuntu.com/ubuntu noble-security/main amd64 Components [46.3 kB]
2026-10-02T16:11:35.3047325Z Get:24 http://azure.archive.ubuntu.com/ubuntu noble-security/universe amd64 Packages [1216 kB]
2026-10-02T16:11:35.3113926Z Get:25 http://azure.archive.ubuntu.com/ubuntu noble-security/universe Translation-en [244 kB]
2026-10-02T16:11:35.3138088Z Get:26 http://azure.archive.ubuntu.com/ubuntu noble-security/universe amd64 Components [76.3 kB]
2026-10-02T16:11:35.3154506Z Get:27 http://azure.archive.ubuntu.com/ubuntu noble-security/restricted amd64 Packages [1566 kB]
2026-10-02T16:11:35.3270258Z Get:28 http://azure.archive.ubuntu.com/ubuntu noble-security/restricted Translation-en [361 kB]
2026-10-02T16:11:39.8783014Z Fetched 12.6 MB in 2s (7480 kB/s)
2026-10-02T16:11:40.6993513Z Reading package lists...
2026-10-02T16:11:40.7251414Z Reading package lists...
2026-10-02T16:11:40.9167571Z Building dependency tree...
2026-10-02T16:11:40.9174663Z Reading state information...
2026-10-02T16:11:41.0753959Z libasound2t64 is already the newest version (1.2.11-1ubuntu0.3).
2026-10-02T16:11:41.0754764Z libasound2t64 set to manually installed.
2026-10-02T16:11:41.0760348Z libatk-bridge2.0-0t64 is already the newest version (2.52.0-1build1).
2026-10-02T16:11:41.0761311Z libatk-bridge2.0-0t64 set to manually installed.
2026-10-02T16:11:41.0762169Z libatk1.0-0t64 is already the newest version (2.52.0-1build1).
2026-10-02T16:11:41.0762910Z libatk1.0-0t64 set to manually installed.
2026-10-02T16:11:41.0763716Z libatspi2.0-0t64 is already the newest version (2.52.0-1build1).
2026-10-02T16:11:41.0764517Z libatspi2.0-0t64 set to manually installed.
2026-10-02T16:11:41.0765293Z libcairo2 is already the newest version (1.18.0-3build1).
2026-10-02T16:11:41.0766010Z libcairo2 set to manually installed.
2026-10-02T16:11:41.0767040Z libcups2t64 is already the newest version (2.4.7-1.2ubuntu7.14).
2026-10-02T16:11:41.0767816Z libcups2t64 set to manually installed.
2026-10-02T16:11:41.0768589Z libdbus-1-3 is already the newest version (1.14.10-4ubuntu4.1).
2026-10-02T16:11:41.0769651Z libdbus-1-3 set to manually installed.
2026-10-02T16:11:41.0770432Z libdrm2 is already the newest version (2.4.125-1ubuntu0.1~24.04.2).
2026-10-02T16:11:41.0771209Z libdrm2 set to manually installed.
2026-10-02T16:11:41.0772075Z libglib2.0-0t64 is already the newest version (2.80.0-6ubuntu3.9).
2026-10-02T16:11:41.0772850Z libglib2.0-0t64 set to manually installed.
2026-10-02T16:11:41.0773710Z libnspr4 is already the newest version (2:4.35-1.1build1).
2026-10-02T16:11:41.0774496Z libnspr4 set to manually installed.
2026-10-02T16:11:41.0775293Z libnss3 is already the newest version (2:3.98-1ubuntu0.2).
2026-10-02T16:11:41.0776071Z libnss3 set to manually installed.
2026-10-02T16:11:41.0776678Z libpango-1.0-0 is already the newest version (1.52.1+ds-1build1).
2026-10-02T16:11:41.0777184Z libpango-1.0-0 set to manually installed.
2026-10-02T16:11:41.0777763Z libx11-6 is already the newest version (2:1.8.7-1build1).
2026-10-02T16:11:41.0778198Z libx11-6 set to manually installed.
2026-10-02T16:11:41.0779082Z libxcb1 is already the newest version (1.15-1ubuntu2).
2026-10-02T16:11:41.0779456Z libxcb1 set to manually installed.
2026-10-02T16:11:41.0779887Z libxcomposite1 is already the newest version (1:0.4.5-1build3).
2026-10-02T16:11:41.0780631Z libxcomposite1 set to manually installed.
2026-10-02T16:11:41.0781052Z libxdamage1 is already the newest version (1:1.1.6-1build1).
2026-10-02T16:11:41.0781460Z libxdamage1 set to manually installed.
2026-10-02T16:11:41.0781968Z libxext6 is already the newest version (2:1.3.4-1build2).
2026-10-02T16:11:41.0782354Z libxext6 set to manually installed.
2026-10-02T16:11:41.0782762Z libxfixes3 is already the newest version (1:6.0.0-2build1).
2026-10-02T16:11:41.0783161Z libxfixes3 set to manually installed.
2026-10-02T16:11:41.0783584Z libxkbcommon0 is already the newest version (1.6.0-1build1).
2026-10-02T16:11:41.0783981Z libxkbcommon0 set to manually installed.
2026-10-02T16:11:41.0784393Z libxrandr2 is already the newest version (2:1.5.2-2build1).
2026-10-02T16:11:41.0784766Z libxrandr2 set to manually installed.
2026-10-02T16:11:41.0785169Z xvfb is already the newest version (2:21.1.12-1ubuntu1.8).
2026-10-02T16:11:41.0785741Z fonts-noto-color-emoji is already the newest version (2.047-0ubuntu0.24.04.1).
2026-10-02T16:11:41.0786312Z libfontconfig1 is already the newest version (2.15.0-1.1ubuntu2).
2026-10-02T16:11:41.0786738Z libfontconfig1 set to manually installed.
2026-10-02T16:11:41.0787184Z libfreetype6 is already the newest version (2.13.2+dfsg-1ubuntu0.1).
2026-10-02T16:11:41.0787615Z libfreetype6 set to manually installed.
2026-10-02T16:11:41.0788040Z fonts-liberation is already the newest version (1:2.1.5-3).
2026-10-02T16:11:41.0788463Z fonts-liberation set to manually installed.
2026-10-02T16:11:41.0789455Z The following additional packages will be installed:
2026-10-02T16:11:41.0790282Z   libgl1-mesa-dri libglx-mesa0 mesa-libgallium xfonts-encodings xfonts-utils
2026-10-02T16:11:41.0790780Z Recommended packages:
2026-10-02T16:11:41.0791105Z   fonts-ipafont-mincho fonts-tlwg-loma
2026-10-02T16:11:41.0972385Z The following NEW packages will be installed:
2026-10-02T16:11:41.0972929Z   fonts-freefont-ttf fonts-ipafont-gothic fonts-tlwg-loma-otf fonts-unifont
2026-10-02T16:11:41.0978238Z   fonts-wqy-zenhei xfonts-cyrillic xfonts-encodings xfonts-scalable
2026-10-02T16:11:41.0978857Z   xfonts-utils
2026-10-02T16:11:41.0982584Z The following packages will be upgraded:
2026-10-02T16:11:41.0986931Z   libgbm1 libgl1-mesa-dri libglx-mesa0 mesa-libgallium
2026-10-02T16:11:41.1162751Z 4 upgraded, 9 newly installed, 0 to remove and 21 not upgraded.
2026-10-02T16:11:41.1163245Z Need to get 32.1 MB of archives.
2026-10-02T16:11:41.1163723Z After this operation, 79.5 MB of additional disk space will be used.
2026-10-02T16:11:41.1164269Z Get:1 file:/etc/apt/apt-mirrors.txt Mirrorlist [144 B]
2026-10-02T16:11:41.2645500Z Get:2 http://azure.archive.ubuntu.com/ubuntu noble/universe amd64 fonts-ipafont-gothic all 00303-21ubuntu1 [3513 kB]
2026-10-02T16:11:44.7379737Z Get:3 http://azure.archive.ubuntu.com/ubuntu noble/main amd64 fonts-freefont-ttf all 20211204+svn4273-2 [5641 kB]
2026-10-02T16:11:49.9806957Z Get:4 http://azure.archive.ubuntu.com/ubuntu noble/universe amd64 fonts-tlwg-loma-otf all 1:0.7.3-1 [107 kB]
2026-10-02T16:11:50.1107539Z Get:5 http://azure.archive.ubuntu.com/ubuntu noble/universe amd64 fonts-unifont all 1:15.1.01-1build1 [2993 kB]
2026-10-02T16:11:52.7772355Z Get:6 http://azure.archive.ubuntu.com/ubuntu noble/universe amd64 fonts-wqy-zenhei all 0.9.45-8 [7472 kB]
2026-10-02T16:11:58.9493354Z Get:7 http://azure.archive.ubuntu.com/ubuntu noble-updates/main amd64 libgl1-mesa-dri amd64 25.2.8-0ubuntu0.24.04.4 [38.0 kB]
2026-10-02T16:11:59.0181833Z Get:8 http://azure.archive.ubuntu.com/ubuntu noble-updates/main amd64 libglx-mesa0 amd64 25.2.8-0ubuntu0.24.04.4 [110 kB]
2026-10-02T16:11:59.1427685Z Get:9 http://azure.archive.ubuntu.com/ubuntu noble-updates/main amd64 libgbm1 amd64 25.2.8-0ubuntu0.24.04.4 [34.2 kB]
2026-10-02T16:11:59.2085152Z Get:10 http://azure.archive.ubuntu.com/ubuntu noble-updates/main amd64 mesa-libgallium amd64 25.2.8-0ubuntu0.24.04.4 [10.8 MB]
2026-10-02T16:12:07.7827165Z Get:11 http://azure.archive.ubuntu.com/ubuntu noble/main amd64 xfonts-encodings all 1:1.0.5-0ubuntu2 [578 kB]
2026-10-02T16:12:08.2286578Z Get:12 http://azure.archive.ubuntu.com/ubuntu noble/main amd64 xfonts-utils amd64 1:7.7+6build3 [94.4 kB]
2026-10-02T16:12:08.3365517Z Get:13 http://azure.archive.ubuntu.com/ubuntu noble/universe amd64 xfonts-cyrillic all 1:1.0.5+nmu1 [384 kB]
2026-10-02T16:12:08.6495134Z Get:14 http://azure.archive.ubuntu.com/ubuntu noble/main amd64 xfonts-scalable all 1:1.0.3-1.3 [304 kB]
2026-10-02T16:12:09.1266290Z Fetched 32.1 MB in 28s (1155 kB/s)
2026-10-02T16:12:09.1534758Z Selecting previously unselected package fonts-ipafont-gothic.
2026-10-02T16:12:09.1832905Z (Reading database ... 
2026-10-02T16:12:09.1833342Z (Reading database ... 5%
2026-10-02T16:12:09.1833641Z (Reading database ... 10%
2026-10-02T16:12:09.1833924Z (Reading database ... 15%
2026-10-02T16:12:09.1834185Z (Reading database ... 20%
2026-10-02T16:12:09.1834459Z (Reading database ... 25%
2026-10-02T16:12:09.1834714Z (Reading database ... 30%
2026-10-02T16:12:09.1834968Z (Reading database ... 35%
2026-10-02T16:12:09.1835215Z (Reading database ... 40%
2026-10-02T16:12:09.1835490Z (Reading database ... 45%
2026-10-02T16:12:09.1835732Z (Reading database ... 50%
2026-10-02T16:12:09.1874393Z (Reading database ... 55%
2026-10-02T16:12:09.3478920Z (Reading database ... 60%
2026-10-02T16:12:09.5382532Z (Reading database ... 65%
2026-10-02T16:12:09.7433876Z (Reading database ... 70%
2026-10-02T16:12:09.9106375Z (Reading database ... 75%
2026-10-02T16:12:10.0913083Z (Reading database ... 80%
2026-10-02T16:12:10.2975260Z (Reading database ... 85%
2026-10-02T16:12:10.4924932Z (Reading database ... 90%
2026-10-02T16:12:10.6588086Z (Reading database ... 95%
2026-10-02T16:12:10.6588465Z (Reading database ... 100%
2026-10-02T16:12:10.6589111Z (Reading database ... 202296 files and directories currently installed.)
2026-10-02T16:12:10.6634820Z Preparing to unpack .../00-fonts-ipafont-gothic_00303-21ubuntu1_all.deb ...
2026-10-02T16:12:10.6731018Z Unpacking fonts-ipafont-gothic (00303-21ubuntu1) ...
2026-10-02T16:12:10.9072034Z Selecting previously unselected package fonts-freefont-ttf.
2026-10-02T16:12:10.9205248Z Preparing to unpack .../01-fonts-freefont-ttf_20211204+svn4273-2_all.deb ...
2026-10-02T16:12:10.9210309Z Unpacking fonts-freefont-ttf (20211204+svn4273-2) ...
2026-10-02T16:12:11.0194525Z Selecting previously unselected package fonts-tlwg-loma-otf.
2026-10-02T16:12:11.0326999Z Preparing to unpack .../02-fonts-tlwg-loma-otf_1%3a0.7.3-1_all.deb ...
2026-10-02T16:12:11.0332443Z Unpacking fonts-tlwg-loma-otf (1:0.7.3-1) ...
2026-10-02T16:12:11.0535928Z Selecting previously unselected package fonts-unifont.
2026-10-02T16:12:11.0664473Z Preparing to unpack .../03-fonts-unifont_1%3a15.1.01-1build1_all.deb ...
2026-10-02T16:12:11.0670856Z Unpacking fonts-unifont (1:15.1.01-1build1) ...
2026-10-02T16:12:11.1750952Z Selecting previously unselected package fonts-wqy-zenhei.
2026-10-02T16:12:11.1884739Z Preparing to unpack .../04-fonts-wqy-zenhei_0.9.45-8_all.deb ...
2026-10-02T16:12:11.1989929Z Unpacking fonts-wqy-zenhei (0.9.45-8) ...
2026-10-02T16:12:11.6794126Z Preparing to unpack .../05-libgl1-mesa-dri_25.2.8-0ubuntu0.24.04.4_amd64.deb ...
2026-10-02T16:12:11.6941074Z Unpacking libgl1-mesa-dri:amd64 (25.2.8-0ubuntu0.24.04.4) over (25.2.8-0ubuntu0.24.04.2) ...
2026-10-02T16:12:11.7578133Z Preparing to unpack .../06-libglx-mesa0_25.2.8-0ubuntu0.24.04.4_amd64.deb ...
2026-10-02T16:12:11.7604071Z Unpacking libglx-mesa0:amd64 (25.2.8-0ubuntu0.24.04.4) over (25.2.8-0ubuntu0.24.04.2) ...
2026-10-02T16:12:11.8008609Z Preparing to unpack .../07-libgbm1_25.2.8-0ubuntu0.24.04.4_amd64.deb ...
2026-10-02T16:12:11.8082354Z Unpacking libgbm1:amd64 (25.2.8-0ubuntu0.24.04.4) over (25.2.8-0ubuntu0.24.04.2) ...
2026-10-02T16:12:11.8485482Z Preparing to unpack .../08-mesa-libgallium_25.2.8-0ubuntu0.24.04.4_amd64.deb ...
2026-10-02T16:12:11.8502320Z Unpacking mesa-libgallium:amd64 (25.2.8-0ubuntu0.24.04.4) over (25.2.8-0ubuntu0.24.04.2) ...
2026-10-02T16:12:12.0246845Z Selecting previously unselected package xfonts-encodings.
2026-10-02T16:12:12.0380658Z Preparing to unpack .../09-xfonts-encodings_1%3a1.0.5-0ubuntu2_all.deb ...
2026-10-02T16:12:12.0386119Z Unpacking xfonts-encodings (1:1.0.5-0ubuntu2) ...
2026-10-02T16:12:12.0680325Z Selecting previously unselected package xfonts-utils.
2026-10-02T16:12:12.0808574Z Preparing to unpack .../10-xfonts-utils_1%3a7.7+6build3_amd64.deb ...
2026-10-02T16:12:12.0813717Z Unpacking xfonts-utils (1:7.7+6build3) ...
2026-10-02T16:12:12.1326693Z Selecting previously unselected package xfonts-cyrillic.
2026-10-02T16:12:12.1457756Z Preparing to unpack .../11-xfonts-cyrillic_1%3a1.0.5+nmu1_all.deb ...
2026-10-02T16:12:12.1464914Z Unpacking xfonts-cyrillic (1:1.0.5+nmu1) ...
2026-10-02T16:12:12.1801044Z Selecting previously unselected package xfonts-scalable.
2026-10-02T16:12:12.1931718Z Preparing to unpack .../12-xfonts-scalable_1%3a1.0.3-1.3_all.deb ...
2026-10-02T16:12:12.1937322Z Unpacking xfonts-scalable (1:1.0.3-1.3) ...
2026-10-02T16:12:12.2380185Z Setting up mesa-libgallium:amd64 (25.2.8-0ubuntu0.24.04.4) ...
2026-10-02T16:12:12.2399148Z Setting up libgbm1:amd64 (25.2.8-0ubuntu0.24.04.4) ...
2026-10-02T16:12:12.2414430Z Setting up libgl1-mesa-dri:amd64 (25.2.8-0ubuntu0.24.04.4) ...
2026-10-02T16:12:12.2486016Z Setting up fonts-wqy-zenhei (0.9.45-8) ...
2026-10-02T16:12:12.2593825Z Setting up fonts-freefont-ttf (20211204+svn4273-2) ...
2026-10-02T16:12:12.2607565Z Setting up fonts-tlwg-loma-otf (1:0.7.3-1) ...
2026-10-02T16:12:12.2621962Z Setting up xfonts-encodings (1:1.0.5-0ubuntu2) ...
2026-10-02T16:12:12.2636216Z Setting up fonts-ipafont-gothic (00303-21ubuntu1) ...
2026-10-02T16:12:12.2704523Z update-alternatives: using /usr/share/fonts/opentype/ipafont-gothic/ipag.ttf to provide /usr/share/fonts/truetype/fonts-japanese-gothic.ttf (fonts-japanese-gothic.ttf) in auto mode
2026-10-02T16:12:12.2727541Z Setting up fonts-unifont (1:15.1.01-1build1) ...
2026-10-02T16:12:12.2743718Z Setting up libglx-mesa0:amd64 (25.2.8-0ubuntu0.24.04.4) ...
2026-10-02T16:12:12.2758136Z Setting up xfonts-utils (1:7.7+6build3) ...
2026-10-02T16:12:12.2794766Z Setting up xfonts-cyrillic (1:1.0.5+nmu1) ...
2026-10-02T16:12:12.3354902Z Setting up xfonts-scalable (1:1.0.3-1.3) ...
2026-10-02T16:12:12.3777937Z Processing triggers for libc-bin (2.39-0ubuntu8.9) ...
2026-10-02T16:12:12.4116851Z Processing triggers for man-db (2.12.0-4build2) ...
2026-10-02T16:12:12.4138219Z Not building database; man-db/auto-update is not 'true'.
2026-10-02T16:12:12.4152757Z Processing triggers for fontconfig (2.15.0-1.1ubuntu2) ...
2026-10-02T16:12:13.2502215Z 
2026-10-02T16:12:13.2502949Z Running kernel seems to be up-to-date.
2026-10-02T16:12:13.2503346Z 
2026-10-02T16:12:13.2503594Z No services need to be restarted.
2026-10-02T16:12:13.2503877Z 
2026-10-02T16:12:13.2504113Z No containers need to be restarted.
2026-10-02T16:12:13.2504414Z 
2026-10-02T16:12:13.2504712Z No user sessions are running outdated binaries.
2026-10-02T16:12:13.2505037Z 
2026-10-02T16:12:13.2505505Z No VM guests are running outdated hypervisor (qemu) binaries on this host.
2026-10-02T16:12:14.1711336Z Downloading Chrome for Testing 151.0.7922.34 (playwright chromium v1234) from https://cdn.playwright.dev/builds/cft/151.0.7922.34/linux64/chrome-linux64.zip
2026-10-02T16:12:15.1894589Z |                                                                                |   0% of 184.3 MiB
2026-10-02T16:12:15.3734418Z |■■■■■■■■                                                                        |  10% of 184.3 MiB
2026-10-02T16:12:15.4922395Z |■■■■■■■■■■■■■■■■                                                                |  20% of 184.3 MiB
2026-10-02T16:12:15.5838247Z |■■■■■■■■■■■■■■■■■■■■■■■■                                                        |  30% of 184.3 MiB
2026-10-02T16:12:15.6796074Z |■■■■■■■■■■■■■■■■■■■■■■■■■■■■■■■■                                                |  40% of 184.3 MiB
2026-10-02T16:12:15.8074478Z |■■■■■■■■■■■■■■■■■■■■■■■■■■■■■■■■■■■■■■■■                                        |  50% of 184.3 MiB
2026-10-02T16:12:15.9137044Z |■■■■■■■■■■■■■■■■■■■■■■■■■■■■■■■■■■■■■■■■■■■■■■■■                                |  60% of 184.3 MiB
2026-10-02T16:12:16.0225018Z |■■■■■■■■■■■■■■■■■■■■■■■■■■■■■■■■■■■■■■■■■■■■■■■■■■■■■■■■                        |  70% of 184.3 MiB
2026-10-02T16:12:16.1285411Z |■■■■■■■■■■■■■■■■■■■■■■■■■■■■■■■■■■■■■■■■■■■■■■■■■■■■■■■■■■■■■■■■                |  80% of 184.3 MiB
2026-10-02T16:12:16.2523002Z |■■■■■■■■■■■■■■■■■■■■■■■■■■■■■■■■■■■■■■■■■■■■■■■■■■■■■■■■■■■■■■■■■■■■■■■■        |  90% of 184.3 MiB
2026-10-02T16:12:16.3632503Z |■■■■■■■■■■■■■■■■■■■■■■■■■■■■■■■■■■■■■■■■■■■■■■■■■■■■■■■■■■■■■■■■■■■■■■■■■■■■■■■■| 100% of 184.3 MiB
2026-10-02T16:12:18.9342938Z Chrome for Testing 151.0.7922.34 (playwright chromium v1234) downloaded to /home/runner/.cache/ms-playwright/chromium-1234
2026-10-02T16:12:18.9345344Z Downloading FFmpeg (playwright ffmpeg v1011) from https://cdn.playwright.dev/dbazure/download/playwright/builds/ffmpeg/1011/ffmpeg-linux.zip
2026-10-02T16:12:19.9119781Z |                                                                                |   0% of 2.3 MiB
2026-10-02T16:12:19.9159471Z |■■■■■■■■                                                                        |  10% of 2.3 MiB
2026-10-02T16:12:19.9181711Z |■■■■■■■■■■■■■■■■                                                                |  20% of 2.3 MiB
2026-10-02T16:12:19.9200175Z |■■■■■■■■■■■■■■■■■■■■■■■■                                                        |  30% of 2.3 MiB
2026-10-02T16:12:19.9218326Z |■■■■■■■■■■■■■■■■■■■■■■■■■■■■■■■■                                                |  40% of 2.3 MiB
2026-10-02T16:12:19.9235871Z |■■■■■■■■■■■■■■■■■■■■■■■■■■■■■■■■■■■■■■■■                                        |  50% of 2.3 MiB
2026-10-02T16:12:19.9246733Z |■■■■■■■■■■■■■■■■■■■■■■■■■■■■■■■■■■■■■■■■■■■■■■■■                                |  60% of 2.3 MiB
2026-10-02T16:12:19.9257562Z |■■■■■■■■■■■■■■■■■■■■■■■■■■■■■■■■■■■■■■■■■■■■■■■■■■■■■■■■                        |  70% of 2.3 MiB
2026-10-02T16:12:19.9274511Z |■■■■■■■■■■■■■■■■■■■■■■■■■■■■■■■■■■■■■■■■■■■■■■■■■■■■■■■■■■■■■■■■                |  80% of 2.3 MiB
2026-10-02T16:12:19.9290649Z |■■■■■■■■■■■■■■■■■■■■■■■■■■■■■■■■■■■■■■■■■■■■■■■■■■■■■■■■■■■■■■■■■■■■■■■■        |  90% of 2.3 MiB
2026-10-02T16:12:19.9298195Z |■■■■■■■■■■■■■■■■■■■■■■■■■■■■■■■■■■■■■■■■■■■■■■■■■■■■■■■■■■■■■■■■■■■■■■■■■■■■■■■■| 100% of 2.3 MiB
2026-10-02T16:12:19.9843308Z FFmpeg (playwright ffmpeg v1011) downloaded to /home/runner/.cache/ms-playwright/ffmpeg-1011
2026-10-02T16:12:19.9846175Z Downloading Chrome Headless Shell 151.0.7922.34 (playwright chromium-headless-shell v1234) from https://cdn.playwright.dev/builds/cft/151.0.7922.34/linux64/chrome-headless-shell-linux64.zip
2026-10-02T16:12:21.0195073Z |                                                                                |   0% of 114.7 MiB
2026-10-02T16:12:21.2785252Z |■■■■■■■■                                                                        |  10% of 114.7 MiB
2026-10-02T16:12:21.3352961Z |■■■■■■■■■■■■■■■■                                                                |  20% of 114.7 MiB
2026-10-02T16:12:21.3898563Z |■■■■■■■■■■■■■■■■■■■■■■■■                                                        |  30% of 114.7 MiB
2026-10-02T16:12:21.4374838Z |■■■■■■■■■■■■■■■■■■■■■■■■■■■■■■■■                                                |  40% of 114.7 MiB
2026-10-02T16:12:21.4769579Z |■■■■■■■■■■■■■■■■■■■■■■■■■■■■■■■■■■■■■■■■                                        |  50% of 114.7 MiB
2026-10-02T16:12:21.5176728Z |■■■■■■■■■■■■■■■■■■■■■■■■■■■■■■■■■■■■■■■■■■■■■■■■                                |  60% of 114.7 MiB
2026-10-02T16:12:21.5629410Z |■■■■■■■■■■■■■■■■■■■■■■■■■■■■■■■■■■■■■■■■■■■■■■■■■■■■■■■■                        |  70% of 114.7 MiB
2026-10-02T16:12:21.6061134Z |■■■■■■■■■■■■■■■■■■■■■■■■■■■■■■■■■■■■■■■■■■■■■■■■■■■■■■■■■■■■■■■■                |  80% of 114.7 MiB
2026-10-02T16:12:21.6496093Z |■■■■■■■■■■■■■■■■■■■■■■■■■■■■■■■■■■■■■■■■■■■■■■■■■■■■■■■■■■■■■■■■■■■■■■■■        |  90% of 114.7 MiB
2026-10-02T16:12:21.6950537Z |■■■■■■■■■■■■■■■■■■■■■■■■■■■■■■■■■■■■■■■■■■■■■■■■■■■■■■■■■■■■■■■■■■■■■■■■■■■■■■■■| 100% of 114.7 MiB
2026-10-02T16:12:23.5319418Z Chrome Headless Shell 151.0.7922.34 (playwright chromium-headless-shell v1234) downloaded to /home/runner/.cache/ms-playwright/chromium_headless_shell-1234
2026-10-02T16:12:23.5573180Z ##[group]Run npm test
2026-10-02T16:12:23.5573468Z [36;1mnpm test[0m
2026-10-02T16:12:23.5643330Z shell: /usr/bin/bash -e {0}
2026-10-02T16:12:23.5643609Z env:
2026-10-02T16:12:23.5643937Z   JAVA_HOME: /opt/hostedtoolcache/Java_Temurin-Hotspot_jdk/21.0.12-1/x64
2026-10-02T16:12:23.5644445Z   JAVA_HOME_21_X64: /opt/hostedtoolcache/Java_Temurin-Hotspot_jdk/21.0.12-1/x64
2026-10-02T16:12:23.5644831Z   MAVEN_ARGS: -ntp
2026-10-02T16:12:23.5645063Z ##[endgroup]
2026-10-02T16:12:23.6791678Z 
2026-10-02T16:12:23.6792275Z > sunny-acres-firestore-rules-tests@1.0.0 test
2026-10-02T16:12:23.6793699Z > firebase emulators:exec --only firestore,auth,functions --project demo-sunny-acres "node --test tests/rules.test.mjs && node --test tests/economy.test.mjs && node --test tests/canon.test.mjs && node tests/flows.browser.cjs && node tests/recovery.browser.cjs"
2026-10-02T16:12:23.6794636Z 
2026-10-02T16:12:27.1456116Z [36m[1mi  emulators:[22m[39m Starting emulators: auth, functions, firestore
2026-10-02T16:12:27.1457956Z [36m[1mi  emulators:[22m[39m Detected demo project ID "demo-sunny-acres", emulated services will use a demo configuration and attempts to access non-emulated services for this project will fail.
2026-10-02T16:12:27.1900615Z [33m[1m⚠ [22m[39m It appears you are running in a CI environment. You can avoid downloading the Firestore Emulator repeatedly by caching the /home/runner/.cache/firebase/emulators directory.
2026-10-02T16:12:27.1901940Z [36m[1mi  firestore:[22m[39m downloading cloud-firestore-emulator-v1.19.8.jar...
2026-10-02T16:12:27.9407333Z 
2026-10-02T16:12:28.1192528Z [36m[1mi  firestore:[22m[39m Firestore Emulator logging to [1mfirestore-debug.log[22m
2026-10-02T16:12:30.3318393Z [32m[1m✔  firestore:[22m[39m Firestore Emulator UI websocket is running on 9150.
2026-10-02T16:12:35.3232269Z [36m[1mi  functions:[22m[39m Watching "/home/runner/work/Bugsy/Bugsy/farm3d/firebase/functions" for Cloud Functions...
2026-10-02T16:12:35.6703908Z [33m[1m⚠ [22m[39m [1m[33mfunctions: [39m[22mpackage.json indicates an outdated version of firebase-functions. Please upgrade using [1mnpm install --save firebase-functions@latest[22m in your functions directory.
2026-10-02T16:12:35.6706074Z [33m[1m⚠ [22m[39m [1m[33mfunctions: [39m[22mPlease note that there will be breaking changes when you upgrade.
2026-10-02T16:12:35.6714100Z [32m[1m✔  functions:[22m[39m Using node@22 from host.
2026-10-02T16:12:35.7795162Z Serving at port 8377
2026-10-02T16:12:35.7795496Z 
2026-10-02T16:12:39.9682104Z [32m[1m✔  functions:[22m[39m Loaded functions definitions from source: economyAct.
2026-10-02T16:12:39.9701094Z [32m[1m✔  functions[us-central1-economyAct]:[22m[39m [1mhttp[22m function initialized (http://127.0.0.1:5001/demo-sunny-acres/us-central1/economyAct).
2026-10-02T16:12:39.9715715Z [36m[1mi [22m[39m Running script: [1mnode --test tests/rules.test.mjs && node --test tests/economy.test.mjs && node --test tests/canon.test.mjs && node tests/flows.browser.cjs && node tests/recovery.browser.cjs[22m
2026-10-02T16:12:40.0193168Z TAP version 13
2026-10-02T16:12:42.2411268Z # Subtest: farms: owner saves, reads and updates with the revision transaction
2026-10-02T16:12:42.2450971Z ok 1 - farms: owner saves, reads and updates with the revision transaction
2026-10-02T16:12:42.2483077Z   ---
2026-10-02T16:12:42.2511157Z   duration_ms: 2038.706347
2026-10-02T16:12:42.2533810Z   type: 'test'
2026-10-02T16:12:42.2534275Z   ...
2026-10-02T16:12:42.3863221Z # Subtest: farms: a save from before revisions (no rev field) can still be updated
2026-10-02T16:12:42.3864471Z ok 2 - farms: a save from before revisions (no rev field) can still be updated
2026-10-02T16:12:42.3865531Z   ---
2026-10-02T16:12:42.3865941Z   duration_ms: 145.045472
2026-10-02T16:12:42.3866360Z   type: 'test'
2026-10-02T16:12:42.3866690Z   ...
2026-10-02T16:12:42.5221695Z # [2026-10-02T16:12:42.520Z]  @firebase/firestore: Firestore (11.10.0): GrpcConnection RPC 'Write' stream 0x3e976a25 error. Code: 7 Message: 7 PERMISSION_DENIED: 
2026-10-02T16:12:42.5223003Z # false for 'create' @ L42, false for 'update' @ L42
2026-10-02T16:12:42.5586212Z # [2026-10-02T16:12:42.557Z]  @firebase/firestore: Firestore (11.10.0): GrpcConnection RPC 'Write' stream 0x3e976a26 error. Code: 7 Message: 7 PERMISSION_DENIED: 
2026-10-02T16:12:42.5587947Z # false for 'create' @ L42, false for 'update' @ L42
2026-10-02T16:12:42.5801975Z # [2026-10-02T16:12:42.578Z]  @firebase/firestore: Firestore (11.10.0): GrpcConnection RPC 'Write' stream 0x3e976a27 error. Code: 7 Message: 7 PERMISSION_DENIED: 
2026-10-02T16:12:42.5829865Z # false for 'delete' @ L48
2026-10-02T16:12:42.6304151Z # Subtest: farms: nobody else, and nobody signed out, can read or write
2026-10-02T16:12:42.6305540Z ok 3 - farms: nobody else, and nobody signed out, can read or write
2026-10-02T16:12:42.6306551Z   ---
2026-10-02T16:12:42.6307000Z   duration_ms: 245.26124
2026-10-02T16:12:42.6307427Z   type: 'test'
2026-10-02T16:12:42.6307748Z   ...
2026-10-02T16:12:42.6981427Z # [2026-10-02T16:12:42.697Z]  @firebase/firestore: Firestore (11.10.0): GrpcConnection RPC 'Write' stream 0x3e976a2a error. Code: 7 Message: 7 PERMISSION_DENIED: 
2026-10-02T16:12:42.6983678Z # evaluation error at L42:32 for 'create' @ L42, evaluation error at L42:32 for 'update' @ L42, false for 'update' @ L42
2026-10-02T16:12:42.7193959Z # [2026-10-02T16:12:42.718Z]  @firebase/firestore: Firestore (11.10.0): GrpcConnection RPC 'Write' stream 0x3e976a2b error. Code: 7 Message: 7 PERMISSION_DENIED: 
2026-10-02T16:12:42.7196179Z # evaluation error at L42:32 for 'create' @ L42, evaluation error at L42:32 for 'update' @ L42, false for 'update' @ L42
2026-10-02T16:12:42.7334032Z # [2026-10-02T16:12:42.732Z]  @firebase/firestore: Firestore (11.10.0): GrpcConnection RPC 'Write' stream 0x3e976a2c error. Code: 7 Message: 7 PERMISSION_DENIED: 
2026-10-02T16:12:42.7339723Z # false for 'create' @ L42, false for 'update' @ L42
2026-10-02T16:12:42.7508533Z # [2026-10-02T16:12:42.750Z]  @firebase/firestore: Firestore (11.10.0): GrpcConnection RPC 'Write' stream 0x3e976a2d error. Code: 7 Message: 7 PERMISSION_DENIED: 
2026-10-02T16:12:42.7510208Z # false for 'create' @ L42, false for 'update' @ L42
2026-10-02T16:12:42.8176019Z # [2026-10-02T16:12:42.816Z]  @firebase/firestore: Firestore (11.10.0): GrpcConnection RPC 'Write' stream 0x3e976a2e error. Code: 7 Message: 7 PERMISSION_DENIED: 
2026-10-02T16:12:42.8177341Z # false for 'create' @ L42, false for 'update' @ L42
2026-10-02T16:12:42.8420299Z # Subtest: farms: rev must move forward by exactly one; shape and size are checked
2026-10-02T16:12:42.8439725Z ok 4 - farms: rev must move forward by exactly one; shape and size are checked
2026-10-02T16:12:42.8457489Z   ---
2026-10-02T16:12:42.8458228Z   duration_ms: 209.563408
2026-10-02T16:12:42.8459069Z   type: 'test'
2026-10-02T16:12:42.8461029Z   ...
2026-10-02T16:12:42.9644474Z # Subtest: farms: nobody can list or count farms, not even the owner (a count needs list, and list returns every save)
2026-10-02T16:12:42.9671930Z ok 5 - farms: nobody can list or count farms, not even the owner (a count needs list, and list returns every save)
2026-10-02T16:12:42.9680785Z   ---
2026-10-02T16:12:42.9681443Z   duration_ms: 124.072871
2026-10-02T16:12:42.9682104Z   type: 'test'
2026-10-02T16:12:42.9682721Z   ...
2026-10-02T16:12:43.8622825Z # Subtest: authorization matrix: get, list and count for every collection and role
2026-10-02T16:12:43.8624151Z ok 6 - authorization matrix: get, list and count for every collection and role
2026-10-02T16:12:43.8624956Z   ---
2026-10-02T16:12:43.8625453Z   duration_ms: 897.565232
2026-10-02T16:12:43.8626016Z   type: 'test'
2026-10-02T16:12:43.8626485Z   ...
2026-10-02T16:12:43.9414302Z # Subtest: owner check: documents that an unverified owner-email token is accepted (residual risk, see README)
2026-10-02T16:12:43.9416437Z ok 7 - owner check: documents that an unverified owner-email token is accepted (residual risk, see README)
2026-10-02T16:12:43.9417552Z   ---
2026-10-02T16:12:43.9418600Z   duration_ms: 79.763198
2026-10-02T16:12:43.9419433Z   type: 'test'
2026-10-02T16:12:43.9419783Z   ...
2026-10-02T16:12:44.0229452Z # [2026-10-02T16:12:44.022Z]  @firebase/firestore: Firestore (11.10.0): GrpcConnection RPC 'Write' stream 0x3e976a70 error. Code: 7 Message: 7 PERMISSION_DENIED: 
2026-10-02T16:12:44.0240011Z # false for 'create' @ L55, false for 'update' @ L55
2026-10-02T16:12:44.0410431Z # [2026-10-02T16:12:44.040Z]  @firebase/firestore: Firestore (11.10.0): GrpcConnection RPC 'Write' stream 0x3e976a71 error. Code: 7 Message: 7 PERMISSION_DENIED: 
2026-10-02T16:12:44.0430099Z # false for 'create' @ L55, false for 'update' @ L55
2026-10-02T16:12:44.0620172Z # [2026-10-02T16:12:44.061Z]  @firebase/firestore: Firestore (11.10.0): GrpcConnection RPC 'Write' stream 0x3e976a72 error. Code: 7 Message: 7 PERMISSION_DENIED: 
2026-10-02T16:12:44.0630230Z # evaluation error at L55:32 for 'create' @ L55, evaluation error at L55:32 for 'update' @ L55, false for 'update' @ L55
2026-10-02T16:12:44.0828093Z # [2026-10-02T16:12:44.082Z]  @firebase/firestore: Firestore (11.10.0): GrpcConnection RPC 'Write' stream 0x3e976a73 error. Code: 7 Message: 7 PERMISSION_DENIED: 
2026-10-02T16:12:44.0829930Z # evaluation error at L55:32 for 'create' @ L55, evaluation error at L55:32 for 'update' @ L55, false for 'update' @ L55
2026-10-02T16:12:44.1454111Z # Subtest: presence: heartbeat by its own player; only the owner reads it
2026-10-02T16:12:44.1455655Z ok 8 - presence: heartbeat by its own player; only the owner reads it
2026-10-02T16:12:44.1456537Z   ---
2026-10-02T16:12:44.1457107Z   duration_ms: 203.936829
2026-10-02T16:12:44.1457682Z   type: 'test'
2026-10-02T16:12:44.1458181Z   ...
2026-10-02T16:12:44.2950264Z # Subtest: usernames: claim, re-save, and rename all work through the game's transaction
2026-10-02T16:12:44.2953074Z ok 9 - usernames: claim, re-save, and rename all work through the game's transaction
2026-10-02T16:12:44.2955009Z   ---
2026-10-02T16:12:44.2955703Z   duration_ms: 146.027503
2026-10-02T16:12:44.2956426Z   type: 'test'
2026-10-02T16:12:44.2956977Z   ...
2026-10-02T16:12:44.3678112Z # [2026-10-02T16:12:44.366Z]  @firebase/firestore: Firestore (11.10.0): GrpcConnection RPC 'Write' stream 0x3e976a8a error. Code: 7 Message: 7 PERMISSION_DENIED: 
2026-10-02T16:12:44.3700375Z # evaluation error at L87:24 for 'create' @ L87, evaluation error at L92:24 for 'update' @ L92, false for 'update' @ L92
2026-10-02T16:12:44.3753668Z # [2026-10-02T16:12:44.374Z]  @firebase/firestore: Firestore (11.10.0): GrpcConnection RPC 'Write' stream 0x3e976a8b error. Code: 7 Message: 7 PERMISSION_DENIED: 
2026-10-02T16:12:44.3755435Z # evaluation error at L97:24 for 'delete' @ L97, false for 'delete' @ L97
2026-10-02T16:12:44.3851190Z # [2026-10-02T16:12:44.384Z]  @firebase/firestore: Firestore (11.10.0): GrpcConnection RPC 'Write' stream 0x3e976a8c error. Code: 7 Message: 7 PERMISSION_DENIED: 
2026-10-02T16:12:44.3853004Z # evaluation error at L92:24 for 'update' @ L92, false for 'update' @ L92
2026-10-02T16:12:44.4094300Z # [2026-10-02T16:12:44.408Z]  @firebase/firestore: Firestore (11.10.0): GrpcConnection RPC 'Write' stream 0x3e976a8d error. Code: 7 Message: 7 PERMISSION_DENIED: 
2026-10-02T16:12:44.4124109Z # false for 'create' @ L87, false for 'update' @ L92
2026-10-02T16:12:44.4376946Z # [2026-10-02T16:12:44.437Z]  @firebase/firestore: Firestore (11.10.0): GrpcConnection RPC 'Write' stream 0x3e976a8e error. Code: 7 Message: 7 PERMISSION_DENIED: 
2026-10-02T16:12:44.4390315Z # evaluation error at L97:24 for 'delete' @ L97, false for 'delete' @ L97
2026-10-02T16:12:44.4410464Z # Subtest: usernames: a name somebody else has can't be taken or deleted
2026-10-02T16:12:44.4411686Z ok 10 - usernames: a name somebody else has can't be taken or deleted
2026-10-02T16:12:44.4412658Z   ---
2026-10-02T16:12:44.4413304Z   duration_ms: 147.699655
2026-10-02T16:12:44.4413913Z   type: 'test'
2026-10-02T16:12:44.4414482Z   ...
2026-10-02T16:12:44.4865878Z # [2026-10-02T16:12:44.482Z]  @firebase/firestore: Firestore (11.10.0): GrpcConnection RPC 'Write' stream 0x3e976a8f error. Code: 7 Message: 7 PERMISSION_DENIED: 
2026-10-02T16:12:44.4873785Z # evaluation error at L87:24 for 'create' @ L87, evaluation error at L92:24 for 'update' @ L92, Service call error. Function: [getAfter], Argument: [path_value {
2026-10-02T16:12:44.4875089Z #   segments {
2026-10-02T16:12:44.4875850Z #     simple: "databases"
2026-10-02T16:12:44.4876501Z #   }
2026-10-02T16:12:44.4877004Z #   segments {
2026-10-02T16:12:44.4879330Z #     simple: "(default)"
2026-10-02T16:12:44.4879942Z #   }
2026-10-02T16:12:44.4880442Z #   segments {
2026-10-02T16:12:44.4881018Z #     simple: "documents"
2026-10-02T16:12:44.4885551Z #   }
2026-10-02T16:12:44.4886118Z #   segments {
2026-10-02T16:12:44.4886714Z #     simple: "players"
2026-10-02T16:12:44.4887295Z #   }
2026-10-02T16:12:44.4887798Z #   segments {
2026-10-02T16:12:44.4888361Z #     simple: "alice"
2026-10-02T16:12:44.4889143Z #   }
2026-10-02T16:12:44.4889638Z # }
2026-10-02T16:12:44.4890164Z # ]. for 'create' @ L87
2026-10-02T16:12:44.4998482Z # [2026-10-02T16:12:44.497Z]  @firebase/firestore: Firestore (11.10.0): GrpcConnection RPC 'Write' stream 0x3e976a90 error. Code: 7 Message: 7 PERMISSION_DENIED: 
2026-10-02T16:12:44.5030511Z # evaluation error at L67:32 for 'create' @ L67, evaluation error at L67:32 for 'update' @ L67, Service call error. Function: [getAfter], Argument: [path_value {
2026-10-02T16:12:44.5036756Z #   segments {
2026-10-02T16:12:44.5045927Z #     simple: "databases"
2026-10-02T16:12:44.5046643Z #   }
2026-10-02T16:12:44.5047176Z #   segments {
2026-10-02T16:12:44.5047761Z #     simple: "(default)"
2026-10-02T16:12:44.5048321Z #   }
2026-10-02T16:12:44.5048953Z #   segments {
2026-10-02T16:12:44.5049507Z #     simple: "documents"
2026-10-02T16:12:44.5050056Z #   }
2026-10-02T16:12:44.5050553Z #   segments {
2026-10-02T16:12:44.5051115Z #     simple: "usernames"
2026-10-02T16:12:44.5052159Z #   }
2026-10-02T16:12:44.5052658Z #   segments {
2026-10-02T16:12:44.5053195Z #     simple: "ghost"
2026-10-02T16:12:44.5053769Z #   }
2026-10-02T16:12:44.5054279Z # }
2026-10-02T16:12:44.5054812Z # ]. for 'create' @ L67
2026-10-02T16:12:44.5486330Z # Subtest: usernames + players: both halves must agree, with a valid name
2026-10-02T16:12:44.5487933Z ok 11 - usernames + players: both halves must agree, with a valid name
2026-10-02T16:12:44.5489025Z   ---
2026-10-02T16:12:44.5489568Z   duration_ms: 108.794955
2026-10-02T16:12:44.5490124Z   type: 'test'
2026-10-02T16:12:44.5490864Z   ...
2026-10-02T16:12:44.6827535Z # [2026-10-02T16:12:44.681Z]  @firebase/firestore: Firestore (11.10.0): GrpcConnection RPC 'Write' stream 0x3e976a9c error. Code: 7 Message: 7 PERMISSION_DENIED: 
2026-10-02T16:12:44.6841865Z # false for 'create' @ L67, false for 'update' @ L67
2026-10-02T16:12:44.7004534Z # [2026-10-02T16:12:44.698Z]  @firebase/firestore: Firestore (11.10.0): GrpcConnection RPC 'Write' stream 0x3e976a9d error. Code: 7 Message: 7 PERMISSION_DENIED: 
2026-10-02T16:12:44.7005803Z # false for 'delete' @ L71
2026-10-02T16:12:44.7060174Z # [2026-10-02T16:12:44.705Z]  @firebase/firestore: Firestore (11.10.0): GrpcConnection RPC 'Write' stream 0x3e976a9e error. Code: 7 Message: 7 PERMISSION_DENIED: 
2026-10-02T16:12:44.7061704Z # false for 'update' @ L67
2026-10-02T16:12:44.7080204Z # Subtest: players: profiles are readable and searchable by signed-in players only, writable by their owner only
2026-10-02T16:12:44.7090189Z ok 12 - players: profiles are readable and searchable by signed-in players only, writable by their owner only
2026-10-02T16:12:44.7091254Z   ---
2026-10-02T16:12:44.7091795Z   duration_ms: 158.683119
2026-10-02T16:12:44.7092400Z   type: 'test'
2026-10-02T16:12:44.7092931Z   ...
2026-10-02T16:12:44.7811200Z # [2026-10-02T16:12:44.777Z]  @firebase/firestore: Firestore (11.10.0): GrpcConnection RPC 'Write' stream 0x3e976aa2 error. Code: 7 Message: 7 PERMISSION_DENIED: 
2026-10-02T16:12:44.7818139Z # false for 'create' @ L76, false for 'update' @ L76
2026-10-02T16:12:44.8112292Z # [2026-10-02T16:12:44.810Z]  @firebase/firestore: Firestore (11.10.0): GrpcConnection RPC 'Write' stream 0x3e976aa4 error. Code: 7 Message: 7 PERMISSION_DENIED: 
2026-10-02T16:12:44.8115950Z # false for 'delete' @ L75
2026-10-02T16:12:44.8159210Z # [2026-10-02T16:12:44.815Z]  @firebase/firestore: Firestore (11.10.0): GrpcConnection RPC 'Write' stream 0x3e976a9f error. Code: 7 Message: 7 PERMISSION_DENIED: 
2026-10-02T16:12:44.8162689Z # false for 'create' @ L76, false for 'update' @ L76
2026-10-02T16:12:44.8239094Z # [2026-10-02T16:12:44.823Z]  @firebase/firestore: Firestore (11.10.0): GrpcConnection RPC 'Write' stream 0x3e976aa5 error. Code: 7 Message: 7 PERMISSION_DENIED: 
2026-10-02T16:12:44.8243213Z # false for 'create' @ L76, false for 'update' @ L76
2026-10-02T16:12:44.8325642Z # [2026-10-02T16:12:44.831Z]  @firebase/firestore: Firestore (11.10.0): GrpcConnection RPC 'Write' stream 0x3e976aa6 error. Code: 7 Message: 7 PERMISSION_DENIED: 
2026-10-02T16:12:44.8327178Z # false for 'create' @ L76, false for 'update' @ L76
2026-10-02T16:12:44.8332153Z # Subtest: friends: your own list only
2026-10-02T16:12:44.8342709Z ok 13 - friends: your own list only
2026-10-02T16:12:44.8361235Z   ---
2026-10-02T16:12:44.8368878Z   duration_ms: 126.366531
2026-10-02T16:12:44.8369530Z   type: 'test'
2026-10-02T16:12:44.8370035Z   ...
2026-10-02T16:12:44.9050026Z # [2026-10-02T16:12:44.904Z]  @firebase/firestore: Firestore (11.10.0): GrpcConnection RPC 'Write' stream 0x3e976aaa error. Code: 7 Message: 7 PERMISSION_DENIED: 
2026-10-02T16:12:44.9053607Z # false for 'create' @ L106, false for 'update' @ L106
2026-10-02T16:12:44.9252375Z # [2026-10-02T16:12:44.924Z]  @firebase/firestore: Firestore (11.10.0): GrpcConnection RPC 'Write' stream 0x3e976aab error. Code: 7 Message: 7 PERMISSION_DENIED: 
2026-10-02T16:12:44.9279509Z # false for 'delete' @ L114
2026-10-02T16:12:44.9553681Z # [2026-10-02T16:12:44.953Z]  @firebase/firestore: Firestore (11.10.0): GrpcConnection RPC 'Write' stream 0x3e976aac error. Code: 7 Message: 7 PERMISSION_DENIED: 
2026-10-02T16:12:44.9560733Z # false for 'create' @ L106, false for 'update' @ L106
2026-10-02T16:12:44.9736995Z # [2026-10-02T16:12:44.972Z]  @firebase/firestore: Firestore (11.10.0): GrpcConnection RPC 'Write' stream 0x3e976aad error. Code: 7 Message: 7 PERMISSION_DENIED: 
2026-10-02T16:12:44.9738290Z # false for 'create' @ L106, false for 'update' @ L106
2026-10-02T16:12:44.9910407Z # [2026-10-02T16:12:44.990Z]  @firebase/firestore: Firestore (11.10.0): GrpcConnection RPC 'Write' stream 0x3e976aae error. Code: 7 Message: 7 PERMISSION_DENIED: 
2026-10-02T16:12:44.9939833Z # false for 'create' @ L106, false for 'update' @ L106
2026-10-02T16:12:45.0468571Z # [2026-10-02T16:12:45.046Z]  @firebase/firestore: Firestore (11.10.0): GrpcConnection RPC 'Write' stream 0x3e976aaf error. Code: 7 Message: 7 PERMISSION_DENIED: 
2026-10-02T16:12:45.0472307Z # false for 'create' @ L106, false for 'update' @ L106
2026-10-02T16:12:45.0645789Z # [2026-10-02T16:12:45.064Z]  @firebase/firestore: Firestore (11.10.0): GrpcConnection RPC 'Write' stream 0x3e976ab0 error. Code: 7 Message: 7 PERMISSION_DENIED: 
2026-10-02T16:12:45.0649523Z # false for 'create' @ L106, false for 'update' @ L106
2026-10-02T16:12:45.0657658Z # Subtest: showcase: publish your own, friends can visit, nobody can overwrite yours
2026-10-02T16:12:45.0659139Z ok 14 - showcase: publish your own, friends can visit, nobody can overwrite yours
2026-10-02T16:12:45.0659958Z   ---
2026-10-02T16:12:45.0660443Z   duration_ms: 232.12623
2026-10-02T16:12:45.0661003Z   type: 'test'
2026-10-02T16:12:45.0661478Z   ...
2026-10-02T16:12:45.1793378Z # [2026-10-02T16:12:45.178Z]  @firebase/firestore: Firestore (11.10.0): GrpcConnection RPC 'Write' stream 0x3e976ab6 error. Code: 7 Message: 7 PERMISSION_DENIED: 
2026-10-02T16:12:45.1794834Z # false for 'delete' @ L120
2026-10-02T16:12:45.1984799Z # [2026-10-02T16:12:45.197Z]  @firebase/firestore: Firestore (11.10.0): GrpcConnection RPC 'Write' stream 0x3e976ab7 error. Code: 7 Message: 7 PERMISSION_DENIED: 
2026-10-02T16:12:45.1986981Z # false for 'update' @ L129
2026-10-02T16:12:45.2175706Z # [2026-10-02T16:12:45.216Z]  @firebase/firestore: Firestore (11.10.0): GrpcConnection RPC 'Write' stream 0x3e976ab8 error. Code: 7 Message: 7 PERMISSION_DENIED: 
2026-10-02T16:12:45.2176906Z # false for 'create' @ L121, false for 'update' @ L129
2026-10-02T16:12:45.2191454Z # Subtest: help: a friend waters your crops; only you read and clear the notes
2026-10-02T16:12:45.2192481Z ok 15 - help: a friend waters your crops; only you read and clear the notes
2026-10-02T16:12:45.2193203Z   ---
2026-10-02T16:12:45.2193548Z   duration_ms: 152.759037
2026-10-02T16:12:45.2193888Z   type: 'test'
2026-10-02T16:12:45.2194245Z   ...
2026-10-02T16:12:45.2400318Z # [2026-10-02T16:12:45.239Z]  @firebase/firestore: Firestore (11.10.0): GrpcConnection RPC 'Write' stream 0x3e976ab9 error. Code: 7 Message: 7 PERMISSION_DENIED: 
2026-10-02T16:12:45.2401362Z # false for 'create' @ L121, false for 'update' @ L129
2026-10-02T16:12:45.2474138Z # [2026-10-02T16:12:45.246Z]  @firebase/firestore: Firestore (11.10.0): GrpcConnection RPC 'Write' stream 0x3e976aba error. Code: 7 Message: 7 PERMISSION_DENIED: 
2026-10-02T16:12:45.2475322Z # false for 'create' @ L121, false for 'update' @ L129
2026-10-02T16:12:45.2638634Z # [2026-10-02T16:12:45.263Z]  @firebase/firestore: Firestore (11.10.0): GrpcConnection RPC 'Write' stream 0x3e976abb error. Code: 7 Message: 7 PERMISSION_DENIED: 
2026-10-02T16:12:45.2640337Z # false for 'create' @ L121, false for 'update' @ L129
2026-10-02T16:12:45.2741026Z # [2026-10-02T16:12:45.271Z]  @firebase/firestore: Firestore (11.10.0): GrpcConnection RPC 'Write' stream 0x3e976abc error. Code: 7 Message: 7 PERMISSION_DENIED: 
2026-10-02T16:12:45.2742341Z # false for 'create' @ L121, false for 'update' @ L129
2026-10-02T16:12:45.2788483Z # [2026-10-02T16:12:45.278Z]  @firebase/firestore: Firestore (11.10.0): GrpcConnection RPC 'Write' stream 0x3e976abd error. Code: 7 Message: 7 PERMISSION_DENIED: 
2026-10-02T16:12:45.2790642Z # false for 'create' @ L121, false for 'update' @ L129
2026-10-02T16:12:45.2858513Z # [2026-10-02T16:12:45.285Z]  @firebase/firestore: Firestore (11.10.0): GrpcConnection RPC 'Write' stream 0x3e976abe error. Code: 7 Message: 7 PERMISSION_DENIED: 
2026-10-02T16:12:45.2860417Z # false for 'create' @ L121, false for 'update' @ L129
2026-10-02T16:12:45.2937719Z # [2026-10-02T16:12:45.293Z]  @firebase/firestore: Firestore (11.10.0): GrpcConnection RPC 'Write' stream 0x3e976abf error. Code: 7 Message: 7 PERMISSION_DENIED: 
2026-10-02T16:12:45.2941162Z # false for 'create' @ L121, false for 'update' @ L129
2026-10-02T16:12:45.2950799Z # Subtest: help: no forged senders, self-help or oversized notes
2026-10-02T16:12:45.2952484Z ok 16 - help: no forged senders, self-help or oversized notes
2026-10-02T16:12:45.2953223Z   ---
2026-10-02T16:12:45.2953730Z   duration_ms: 76.515002
2026-10-02T16:12:45.2954286Z   type: 'test'
2026-10-02T16:12:45.2954780Z   ...
2026-10-02T16:12:45.3919886Z # Subtest: market (7I-C): signed-in players can read listings; signed-out visitors can't
2026-10-02T16:12:45.3923202Z ok 17 - market (7I-C): signed-in players can read listings; signed-out visitors can't
2026-10-02T16:12:45.3923906Z   ---
2026-10-02T16:12:45.3924251Z   duration_ms: 96.600392
2026-10-02T16:12:45.3924636Z   type: 'test'
2026-10-02T16:12:45.3924973Z   ...
2026-10-02T16:12:45.4102024Z # [2026-10-02T16:12:45.409Z]  @firebase/firestore: Firestore (11.10.0): GrpcConnection RPC 'Write' stream 0x3e976ac5 error. Code: 7 Message: 7 PERMISSION_DENIED: 
2026-10-02T16:12:45.4103052Z # false for 'create' @ L157, false for 'update' @ L157
2026-10-02T16:12:45.4154615Z # [2026-10-02T16:12:45.415Z]  @firebase/firestore: Firestore (11.10.0): GrpcConnection RPC 'Write' stream 0x3e976ac6 error. Code: 7 Message: 7 PERMISSION_DENIED: 
2026-10-02T16:12:45.4155618Z # false for 'create' @ L157, false for 'update' @ L157
2026-10-02T16:12:45.4218500Z # [2026-10-02T16:12:45.421Z]  @firebase/firestore: Firestore (11.10.0): GrpcConnection RPC 'Write' stream 0x3e976ac7 error. Code: 7 Message: 7 PERMISSION_DENIED: 
2026-10-02T16:12:45.4220655Z # false for 'create' @ L157, false for 'update' @ L157
2026-10-02T16:12:45.4269792Z # [2026-10-02T16:12:45.426Z]  @firebase/firestore: Firestore (11.10.0): GrpcConnection RPC 'Write' stream 0x3e976ac8 error. Code: 7 Message: 7 PERMISSION_DENIED: 
2026-10-02T16:12:45.4271411Z # false for 'create' @ L157, false for 'update' @ L157
2026-10-02T16:12:45.4440287Z # [2026-10-02T16:12:45.443Z]  @firebase/firestore: Firestore (11.10.0): GrpcConnection RPC 'Write' stream 0x3e976ac9 error. Code: 7 Message: 7 PERMISSION_DENIED: 
2026-10-02T16:12:45.4441448Z # false for 'create' @ L157, false for 'update' @ L157
2026-10-02T16:12:45.4488482Z # [2026-10-02T16:12:45.448Z]  @firebase/firestore: Firestore (11.10.0): GrpcConnection RPC 'Write' stream 0x3e976aca error. Code: 7 Message: 7 PERMISSION_DENIED: 
2026-10-02T16:12:45.4489845Z # false for 'create' @ L157, false for 'update' @ L157
2026-10-02T16:12:45.4539444Z # [2026-10-02T16:12:45.453Z]  @firebase/firestore: Firestore (11.10.0): GrpcConnection RPC 'Write' stream 0x3e976acb error. Code: 7 Message: 7 PERMISSION_DENIED: 
2026-10-02T16:12:45.4540542Z # false for 'create' @ L157, false for 'update' @ L157
2026-10-02T16:12:45.4603583Z # [2026-10-02T16:12:45.458Z]  @firebase/firestore: Firestore (11.10.0): GrpcConnection RPC 'Write' stream 0x3e976acc error. Code: 7 Message: 7 PERMISSION_DENIED: 
2026-10-02T16:12:45.4604857Z # false for 'create' @ L157, false for 'update' @ L157
2026-10-02T16:12:45.4663512Z # [2026-10-02T16:12:45.465Z]  @firebase/firestore: Firestore (11.10.0): GrpcConnection RPC 'Write' stream 0x3e976acd error. Code: 7 Message: 7 PERMISSION_DENIED: 
2026-10-02T16:12:45.4665231Z # false for 'create' @ L157, false for 'update' @ L157
2026-10-02T16:12:45.4750750Z # [2026-10-02T16:12:45.474Z]  @firebase/firestore: Firestore (11.10.0): GrpcConnection RPC 'Write' stream 0x3e976ace error. Code: 7 Message: 7 PERMISSION_DENIED: 
2026-10-02T16:12:45.4755134Z # false for 'create' @ L157, false for 'update' @ L157
2026-10-02T16:12:45.4810323Z # [2026-10-02T16:12:45.480Z]  @firebase/firestore: Firestore (11.10.0): GrpcConnection RPC 'Write' stream 0x3e976acf error. Code: 7 Message: 7 PERMISSION_DENIED: 
2026-10-02T16:12:45.4813917Z # false for 'create' @ L157, false for 'update' @ L157
2026-10-02T16:12:45.4874522Z # [2026-10-02T16:12:45.486Z]  @firebase/firestore: Firestore (11.10.0): GrpcConnection RPC 'Write' stream 0x3e976ad0 error. Code: 7 Message: 7 PERMISSION_DENIED: 
2026-10-02T16:12:45.4877673Z # false for 'create' @ L157, false for 'update' @ L157
2026-10-02T16:12:45.4933217Z # [2026-10-02T16:12:45.492Z]  @firebase/firestore: Firestore (11.10.0): GrpcConnection RPC 'Write' stream 0x3e976ad1 error. Code: 7 Message: 7 PERMISSION_DENIED: 
2026-10-02T16:12:45.4934573Z # false for 'create' @ L157, false for 'update' @ L157
2026-10-02T16:12:45.4990541Z # [2026-10-02T16:12:45.498Z]  @firebase/firestore: Firestore (11.10.0): GrpcConnection RPC 'Write' stream 0x3e976ad2 error. Code: 7 Message: 7 PERMISSION_DENIED: 
2026-10-02T16:12:45.4991930Z # false for 'create' @ L157, false for 'update' @ L157
2026-10-02T16:12:45.5060699Z # [2026-10-02T16:12:45.504Z]  @firebase/firestore: Firestore (11.10.0): GrpcConnection RPC 'Write' stream 0x3e976ad3 error. Code: 7 Message: 7 PERMISSION_DENIED: 
2026-10-02T16:12:45.5062470Z # false for 'create' @ L157, false for 'update' @ L157
2026-10-02T16:12:45.5116539Z # [2026-10-02T16:12:45.511Z]  @firebase/firestore: Firestore (11.10.0): GrpcConnection RPC 'Write' stream 0x3e976ad4 error. Code: 7 Message: 7 PERMISSION_DENIED: 
2026-10-02T16:12:45.5139890Z # false for 'create' @ L157, false for 'update' @ L157
2026-10-02T16:12:45.5169007Z # [2026-10-02T16:12:45.516Z]  @firebase/firestore: Firestore (11.10.0): GrpcConnection RPC 'Write' stream 0x3e976ad5 error. Code: 7 Message: 7 PERMISSION_DENIED: 
2026-10-02T16:12:45.5170622Z # false for 'create' @ L157, false for 'update' @ L157
2026-10-02T16:12:45.5247624Z # [2026-10-02T16:12:45.522Z]  @firebase/firestore: Firestore (11.10.0): GrpcConnection RPC 'Write' stream 0x3e976ad6 error. Code: 7 Message: 7 PERMISSION_DENIED: 
2026-10-02T16:12:45.5249594Z # false for 'create' @ L157, false for 'update' @ L157
2026-10-02T16:12:45.5286148Z # [2026-10-02T16:12:45.528Z]  @firebase/firestore: Firestore (11.10.0): GrpcConnection RPC 'Write' stream 0x3e976ad7 error. Code: 7 Message: 7 PERMISSION_DENIED: 
2026-10-02T16:12:45.5289735Z # false for 'create' @ L157, false for 'update' @ L157
2026-10-02T16:12:45.5297543Z # Subtest: market (7I-C): no client can create a listing, not even a well-formed one in their own name
2026-10-02T16:12:45.5299240Z ok 18 - market (7I-C): no client can create a listing, not even a well-formed one in their own name
2026-10-02T16:12:45.5300161Z   ---
2026-10-02T16:12:45.5302249Z   duration_ms: 137.922959
2026-10-02T16:12:45.5302865Z   type: 'test'
2026-10-02T16:12:45.5303382Z   ...
2026-10-02T16:12:45.5936828Z # [2026-10-02T16:12:45.592Z]  @firebase/firestore: Firestore (11.10.0): GrpcConnection RPC 'Write' stream 0x3e976adb error. Code: 7 Message: 7 PERMISSION_DENIED: 
2026-10-02T16:12:45.5960102Z # false for 'update' @ L157
2026-10-02T16:12:45.6146986Z # [2026-10-02T16:12:45.613Z]  @firebase/firestore: Firestore (11.10.0): GrpcConnection RPC 'Write' stream 0x3e976adc error. Code: 7 Message: 7 PERMISSION_DENIED: 
2026-10-02T16:12:45.6148907Z # false for 'update' @ L157
2026-10-02T16:12:45.6198225Z # [2026-10-02T16:12:45.618Z]  @firebase/firestore: Firestore (11.10.0): GrpcConnection RPC 'Write' stream 0x3e976add error. Code: 7 Message: 7 PERMISSION_DENIED: 
2026-10-02T16:12:45.6200019Z # false for 'update' @ L157
2026-10-02T16:12:45.6244404Z # [2026-10-02T16:12:45.623Z]  @firebase/firestore: Firestore (11.10.0): GrpcConnection RPC 'Write' stream 0x3e976ade error. Code: 7 Message: 7 PERMISSION_DENIED: 
2026-10-02T16:12:45.6253618Z # false for 'update' @ L157
2026-10-02T16:12:45.6297651Z # [2026-10-02T16:12:45.629Z]  @firebase/firestore: Firestore (11.10.0): GrpcConnection RPC 'Write' stream 0x3e976adf error. Code: 7 Message: 7 PERMISSION_DENIED: 
2026-10-02T16:12:45.6301681Z # false for 'update' @ L157
2026-10-02T16:12:45.6356926Z # [2026-10-02T16:12:45.635Z]  @firebase/firestore: Firestore (11.10.0): GrpcConnection RPC 'Write' stream 0x3e976ae0 error. Code: 7 Message: 7 PERMISSION_DENIED: 
2026-10-02T16:12:45.6360177Z # false for 'update' @ L157
2026-10-02T16:12:45.6419487Z # [2026-10-02T16:12:45.641Z]  @firebase/firestore: Firestore (11.10.0): GrpcConnection RPC 'Write' stream 0x3e976ae1 error. Code: 7 Message: 7 PERMISSION_DENIED: 
2026-10-02T16:12:45.6449671Z # false for 'update' @ L157
2026-10-02T16:12:45.6516995Z # [2026-10-02T16:12:45.651Z]  @firebase/firestore: Firestore (11.10.0): GrpcConnection RPC 'Write' stream 0x3e976ae2 error. Code: 7 Message: 7 PERMISSION_DENIED: 
2026-10-02T16:12:45.6520216Z # false for 'update' @ L157
2026-10-02T16:12:45.6574515Z # [2026-10-02T16:12:45.657Z]  @firebase/firestore: Firestore (11.10.0): GrpcConnection RPC 'Write' stream 0x3e976ae3 error. Code: 7 Message: 7 PERMISSION_DENIED: 
2026-10-02T16:12:45.6577465Z # false for 'update' @ L157
2026-10-02T16:12:45.6781406Z # [2026-10-02T16:12:45.677Z]  @firebase/firestore: Firestore (11.10.0): GrpcConnection RPC 'Write' stream 0x3e976ae4 error. Code: 7 Message: 7 PERMISSION_DENIED: 
2026-10-02T16:12:45.6806028Z # false for 'update' @ L157
2026-10-02T16:12:45.6846239Z # [2026-10-02T16:12:45.684Z]  @firebase/firestore: Firestore (11.10.0): GrpcConnection RPC 'Write' stream 0x3e976ae5 error. Code: 7 Message: 7 PERMISSION_DENIED: 
2026-10-02T16:12:45.6849792Z # false for 'delete' @ L157
2026-10-02T16:12:45.6905038Z # [2026-10-02T16:12:45.690Z]  @firebase/firestore: Firestore (11.10.0): GrpcConnection RPC 'Write' stream 0x3e976ae6 error. Code: 7 Message: 7 PERMISSION_DENIED: 
2026-10-02T16:12:45.6908461Z # false for 'delete' @ L157
2026-10-02T16:12:45.7100924Z # [2026-10-02T16:12:45.709Z]  @firebase/firestore: Firestore (11.10.0): GrpcConnection RPC 'Write' stream 0x3e976ae7 error. Code: 7 Message: 7 PERMISSION_DENIED: 
2026-10-02T16:12:45.7102657Z # false for 'delete' @ L157
2026-10-02T16:12:45.7377573Z # [2026-10-02T16:12:45.737Z]  @firebase/firestore: Firestore (11.10.0): GrpcConnection RPC 'Write' stream 0x3e976aeb error. Code: 7 Message: 7 PERMISSION_DENIED: 
2026-10-02T16:12:45.7430933Z # false for 'delete' @ L157
2026-10-02T16:12:45.7589837Z # [2026-10-02T16:12:45.756Z]  @firebase/firestore: Firestore (11.10.0): GrpcConnection RPC 'Write' stream 0x3e976aec error. Code: 7 Message: 7 PERMISSION_DENIED: 
2026-10-02T16:12:45.7591367Z # false for 'update' @ L157
2026-10-02T16:12:45.7625808Z # [2026-10-02T16:12:45.761Z]  @firebase/firestore: Firestore (11.10.0): GrpcConnection RPC 'Write' stream 0x3e976aed error. Code: 7 Message: 7 PERMISSION_DENIED: 
2026-10-02T16:12:45.7649578Z # false for 'update' @ L157
2026-10-02T16:12:45.7701016Z # [2026-10-02T16:12:45.769Z]  @firebase/firestore: Firestore (11.10.0): GrpcConnection RPC 'Write' stream 0x3e976aee error. Code: 7 Message: 7 PERMISSION_DENIED: 
2026-10-02T16:12:45.7702149Z # false for 'update' @ L157
2026-10-02T16:12:45.7715338Z # Subtest: market (7I-C): no client can buy, take back, collect, reprice or delete a listing
2026-10-02T16:12:45.7716103Z ok 19 - market (7I-C): no client can buy, take back, collect, reprice or delete a listing
2026-10-02T16:12:45.7716550Z   ---
2026-10-02T16:12:45.7716806Z   duration_ms: 241.372463
2026-10-02T16:12:45.7717072Z   type: 'test'
2026-10-02T16:12:45.7717294Z   ...
2026-10-02T16:12:45.8087281Z # [2026-10-02T16:12:45.808Z]  @firebase/firestore: Firestore (11.10.0): GrpcConnection RPC 'Write' stream 0x3e976af0 error. Code: 7 Message: 7 PERMISSION_DENIED: 
2026-10-02T16:12:45.8088605Z # false for 'create' @ L137, false for 'update' @ L137
2026-10-02T16:12:45.8130571Z # [2026-10-02T16:12:45.812Z]  @firebase/firestore: Firestore (11.10.0): GrpcConnection RPC 'Write' stream 0x3e976af1 error. Code: 7 Message: 7 PERMISSION_DENIED: 
2026-10-02T16:12:45.8131632Z # false for 'update' @ L137
2026-10-02T16:12:45.8171720Z # [2026-10-02T16:12:45.816Z]  @firebase/firestore: Firestore (11.10.0): GrpcConnection RPC 'Write' stream 0x3e976af2 error. Code: 7 Message: 7 PERMISSION_DENIED: 
2026-10-02T16:12:45.8172913Z # false for 'delete' @ L137
2026-10-02T16:12:45.8227112Z # [2026-10-02T16:12:45.822Z]  @firebase/firestore: Firestore (11.10.0): GrpcConnection RPC 'Write' stream 0x3e976af3 error. Code: 7 Message: 7 PERMISSION_DENIED: 
2026-10-02T16:12:45.8228031Z # false for 'create' @ L137, false for 'update' @ L137
2026-10-02T16:12:45.8277002Z # [2026-10-02T16:12:45.827Z]  @firebase/firestore: Firestore (11.10.0): GrpcConnection RPC 'Write' stream 0x3e976af4 error. Code: 7 Message: 7 PERMISSION_DENIED: 
2026-10-02T16:12:45.8278303Z # false for 'create' @ L142, false for 'update' @ L142
2026-10-02T16:12:45.8335324Z # [2026-10-02T16:12:45.833Z]  @firebase/firestore: Firestore (11.10.0): GrpcConnection RPC 'Write' stream 0x3e976af5 error. Code: 7 Message: 7 PERMISSION_DENIED: 
2026-10-02T16:12:45.8336497Z # false for 'delete' @ L142
2026-10-02T16:12:45.8390787Z # [2026-10-02T16:12:45.837Z]  @firebase/firestore: Firestore (11.10.0): GrpcConnection RPC 'Write' stream 0x3e976af6 error. Code: 7 Message: 7 PERMISSION_DENIED: No matching allow statements
2026-10-02T16:12:45.8450407Z # [2026-10-02T16:12:45.843Z]  @firebase/firestore: Firestore (11.10.0): GrpcConnection RPC 'Write' stream 0x3e976af7 error. Code: 7 Message: 7 PERMISSION_DENIED: 
2026-10-02T16:12:45.8451157Z # false for 'update' @ L147
2026-10-02T16:12:45.8490989Z # [2026-10-02T16:12:45.848Z]  @firebase/firestore: Firestore (11.10.0): GrpcConnection RPC 'Write' stream 0x3e976af8 error. Code: 7 Message: 7 PERMISSION_DENIED: 
2026-10-02T16:12:45.8492570Z # false for 'create' @ L147, false for 'update' @ L147
2026-10-02T16:12:45.8534214Z # [2026-10-02T16:12:45.852Z]  @firebase/firestore: Firestore (11.10.0): GrpcConnection RPC 'Write' stream 0x3e976af9 error. Code: 7 Message: 7 PERMISSION_DENIED: 
2026-10-02T16:12:45.8535773Z # false for 'delete' @ L147
2026-10-02T16:12:45.8876894Z # [2026-10-02T16:12:45.887Z]  @firebase/firestore: Firestore (11.10.0): GrpcConnection RPC 'Write' stream 0x3e976afb error. Code: 7 Message: 7 PERMISSION_DENIED: 
2026-10-02T16:12:45.8877773Z # false for 'create' @ L137, false for 'update' @ L137
2026-10-02T16:12:45.8927076Z # [2026-10-02T16:12:45.892Z]  @firebase/firestore: Firestore (11.10.0): GrpcConnection RPC 'Write' stream 0x3e976afc error. Code: 7 Message: 7 PERMISSION_DENIED: 
2026-10-02T16:12:45.8928589Z # false for 'update' @ L137
2026-10-02T16:12:45.8972104Z # [2026-10-02T16:12:45.896Z]  @firebase/firestore: Firestore (11.10.0): GrpcConnection RPC 'Write' stream 0x3e976afd error. Code: 7 Message: 7 PERMISSION_DENIED: 
2026-10-02T16:12:45.8973112Z # false for 'delete' @ L137
2026-10-02T16:12:45.9017823Z # [2026-10-02T16:12:45.901Z]  @firebase/firestore: Firestore (11.10.0): GrpcConnection RPC 'Write' stream 0x3e976afe error. Code: 7 Message: 7 PERMISSION_DENIED: 
2026-10-02T16:12:45.9019564Z # false for 'create' @ L137, false for 'update' @ L137
2026-10-02T16:12:45.9086168Z # [2026-10-02T16:12:45.908Z]  @firebase/firestore: Firestore (11.10.0): GrpcConnection RPC 'Write' stream 0x3e976aff error. Code: 7 Message: 7 PERMISSION_DENIED: 
2026-10-02T16:12:45.9087421Z # false for 'create' @ L142, false for 'update' @ L142
2026-10-02T16:12:45.9125407Z # [2026-10-02T16:12:45.912Z]  @firebase/firestore: Firestore (11.10.0): GrpcConnection RPC 'Write' stream 0x3e976b00 error. Code: 7 Message: 7 PERMISSION_DENIED: 
2026-10-02T16:12:45.9126591Z # false for 'delete' @ L142
2026-10-02T16:12:45.9165415Z # [2026-10-02T16:12:45.916Z]  @firebase/firestore: Firestore (11.10.0): GrpcConnection RPC 'Write' stream 0x3e976b01 error. Code: 7 Message: 7 PERMISSION_DENIED: No matching allow statements
2026-10-02T16:12:45.9233775Z # [2026-10-02T16:12:45.922Z]  @firebase/firestore: Firestore (11.10.0): GrpcConnection RPC 'Write' stream 0x3e976b02 error. Code: 7 Message: 7 PERMISSION_DENIED: 
2026-10-02T16:12:45.9235377Z # false for 'update' @ L147
2026-10-02T16:12:45.9295073Z # [2026-10-02T16:12:45.929Z]  @firebase/firestore: Firestore (11.10.0): GrpcConnection RPC 'Write' stream 0x3e976b03 error. Code: 7 Message: 7 PERMISSION_DENIED: 
2026-10-02T16:12:45.9296771Z # false for 'create' @ L147, false for 'update' @ L147
2026-10-02T16:12:45.9336377Z # [2026-10-02T16:12:45.933Z]  @firebase/firestore: Firestore (11.10.0): GrpcConnection RPC 'Write' stream 0x3e976b04 error. Code: 7 Message: 7 PERMISSION_DENIED: 
2026-10-02T16:12:45.9339469Z # false for 'delete' @ L147
2026-10-02T16:12:45.9721034Z # [2026-10-02T16:12:45.969Z]  @firebase/firestore: Firestore (11.10.0): GrpcConnection RPC 'Write' stream 0x3e976b06 error. Code: 7 Message: 7 PERMISSION_DENIED: 
2026-10-02T16:12:45.9722407Z # false for 'create' @ L137, false for 'update' @ L137
2026-10-02T16:12:45.9764410Z # [2026-10-02T16:12:45.975Z]  @firebase/firestore: Firestore (11.10.0): GrpcConnection RPC 'Write' stream 0x3e976b07 error. Code: 7 Message: 7 PERMISSION_DENIED: 
2026-10-02T16:12:45.9765707Z # false for 'update' @ L137
2026-10-02T16:12:45.9809770Z # [2026-10-02T16:12:45.979Z]  @firebase/firestore: Firestore (11.10.0): GrpcConnection RPC 'Write' stream 0x3e976b08 error. Code: 7 Message: 7 PERMISSION_DENIED: 
2026-10-02T16:12:45.9811233Z # false for 'delete' @ L137
2026-10-02T16:12:45.9876810Z # [2026-10-02T16:12:45.986Z]  @firebase/firestore: Firestore (11.10.0): GrpcConnection RPC 'Write' stream 0x3e976b09 error. Code: 7 Message: 7 PERMISSION_DENIED: 
2026-10-02T16:12:45.9881636Z # false for 'create' @ L137, false for 'update' @ L137
2026-10-02T16:12:45.9922026Z # [2026-10-02T16:12:45.991Z]  @firebase/firestore: Firestore (11.10.0): GrpcConnection RPC 'Write' stream 0x3e976b0a error. Code: 7 Message: 7 PERMISSION_DENIED: 
2026-10-02T16:12:45.9924929Z # false for 'create' @ L142, false for 'update' @ L142
2026-10-02T16:12:45.9980695Z # [2026-10-02T16:12:45.996Z]  @firebase/firestore: Firestore (11.10.0): GrpcConnection RPC 'Write' stream 0x3e976b0b error. Code: 7 Message: 7 PERMISSION_DENIED: 
2026-10-02T16:12:45.9986375Z # false for 'delete' @ L142
2026-10-02T16:12:46.0046870Z # [2026-10-02T16:12:46.004Z]  @firebase/firestore: Firestore (11.10.0): GrpcConnection RPC 'Write' stream 0x3e976b0c error. Code: 7 Message: 7 PERMISSION_DENIED: No matching allow statements
2026-10-02T16:12:46.0115029Z # [2026-10-02T16:12:46.011Z]  @firebase/firestore: Firestore (11.10.0): GrpcConnection RPC 'Write' stream 0x3e976b0d error. Code: 7 Message: 7 PERMISSION_DENIED: 
2026-10-02T16:12:46.0118391Z # false for 'update' @ L147
2026-10-02T16:12:46.0167580Z # [2026-10-02T16:12:46.015Z]  @firebase/firestore: Firestore (11.10.0): GrpcConnection RPC 'Write' stream 0x3e976b0e error. Code: 7 Message: 7 PERMISSION_DENIED: 
2026-10-02T16:12:46.0169339Z # false for 'create' @ L147, false for 'update' @ L147
2026-10-02T16:12:46.0205472Z # [2026-10-02T16:12:46.020Z]  @firebase/firestore: Firestore (11.10.0): GrpcConnection RPC 'Write' stream 0x3e976b0f error. Code: 7 Message: 7 PERMISSION_DENIED: 
2026-10-02T16:12:46.0208190Z # false for 'delete' @ L147
2026-10-02T16:12:46.0560986Z # [2026-10-02T16:12:46.055Z]  @firebase/firestore: Firestore (11.10.0): GrpcConnection RPC 'Write' stream 0x3e976b11 error. Code: 7 Message: 7 PERMISSION_DENIED: 
2026-10-02T16:12:46.0565228Z # false for 'create' @ L137, false for 'update' @ L137
2026-10-02T16:12:46.0630324Z # [2026-10-02T16:12:46.062Z]  @firebase/firestore: Firestore (11.10.0): GrpcConnection RPC 'Write' stream 0x3e976b12 error. Code: 7 Message: 7 PERMISSION_DENIED: 
2026-10-02T16:12:46.0631788Z # false for 'update' @ L137
2026-10-02T16:12:46.0672208Z # [2026-10-02T16:12:46.066Z]  @firebase/firestore: Firestore (11.10.0): GrpcConnection RPC 'Write' stream 0x3e976b13 error. Code: 7 Message: 7 PERMISSION_DENIED: 
2026-10-02T16:12:46.0673163Z # false for 'delete' @ L137
2026-10-02T16:12:46.0740461Z # [2026-10-02T16:12:46.071Z]  @firebase/firestore: Firestore (11.10.0): GrpcConnection RPC 'Write' stream 0x3e976b14 error. Code: 7 Message: 7 PERMISSION_DENIED: 
2026-10-02T16:12:46.0741788Z # false for 'create' @ L137, false for 'update' @ L137
2026-10-02T16:12:46.0774168Z # [2026-10-02T16:12:46.077Z]  @firebase/firestore: Firestore (11.10.0): GrpcConnection RPC 'Write' stream 0x3e976b15 error. Code: 7 Message: 7 PERMISSION_DENIED: 
2026-10-02T16:12:46.0775405Z # false for 'create' @ L142, false for 'update' @ L142
2026-10-02T16:12:46.0826251Z # [2026-10-02T16:12:46.082Z]  @firebase/firestore: Firestore (11.10.0): GrpcConnection RPC 'Write' stream 0x3e976b16 error. Code: 7 Message: 7 PERMISSION_DENIED: 
2026-10-02T16:12:46.0827564Z # false for 'delete' @ L142
2026-10-02T16:12:46.0905657Z # [2026-10-02T16:12:46.090Z]  @firebase/firestore: Firestore (11.10.0): GrpcConnection RPC 'Write' stream 0x3e976b17 error. Code: 7 Message: 7 PERMISSION_DENIED: No matching allow statements
2026-10-02T16:12:46.0970576Z # [2026-10-02T16:12:46.095Z]  @firebase/firestore: Firestore (11.10.0): GrpcConnection RPC 'Write' stream 0x3e976b18 error. Code: 7 Message: 7 PERMISSION_DENIED: 
2026-10-02T16:12:46.0972040Z # false for 'update' @ L147
2026-10-02T16:12:46.1020477Z # [2026-10-02T16:12:46.101Z]  @firebase/firestore: Firestore (11.10.0): GrpcConnection RPC 'Write' stream 0x3e976b19 error. Code: 7 Message: 7 PERMISSION_DENIED: 
2026-10-02T16:12:46.1025029Z # false for 'create' @ L147, false for 'update' @ L147
2026-10-02T16:12:46.1079776Z # [2026-10-02T16:12:46.107Z]  @firebase/firestore: Firestore (11.10.0): GrpcConnection RPC 'Write' stream 0x3e976b1a error. Code: 7 Message: 7 PERMISSION_DENIED: 
2026-10-02T16:12:46.1083864Z # false for 'delete' @ L147
2026-10-02T16:12:46.1389861Z # Subtest: economy, ledger, plots (7I): no client can create, change or delete them, not even for their own account
2026-10-02T16:12:46.1398281Z ok 20 - economy, ledger, plots (7I): no client can create, change or delete them, not even for their own account
2026-10-02T16:12:46.1399663Z   ---
2026-10-02T16:12:46.1400212Z   duration_ms: 367.459615
2026-10-02T16:12:46.1400803Z   type: 'test'
2026-10-02T16:12:46.1401336Z   ...
2026-10-02T16:12:46.2130923Z # [2026-10-02T16:12:46.212Z]  @firebase/firestore: Firestore (11.10.0): GrpcConnection RPC 'Write' stream 0x3e976b21 error. Code: 7 Message: 7 PERMISSION_DENIED: 
2026-10-02T16:12:46.2134325Z # false for 'create' @ L163
2026-10-02T16:12:46.2350648Z # [2026-10-02T16:12:46.234Z]  @firebase/firestore: Firestore (11.10.0): GrpcConnection RPC 'Write' stream 0x3e976b22 error. Code: 7 Message: 7 PERMISSION_DENIED: 
2026-10-02T16:12:46.2353858Z # false for 'create' @ L163
2026-10-02T16:12:46.2533364Z # [2026-10-02T16:12:46.252Z]  @firebase/firestore: Firestore (11.10.0): GrpcConnection RPC 'Write' stream 0x3e976b23 error. Code: 7 Message: 7 PERMISSION_DENIED: 
2026-10-02T16:12:46.2569109Z # false for 'create' @ L163
2026-10-02T16:12:46.2693343Z # [2026-10-02T16:12:46.268Z]  @firebase/firestore: Firestore (11.10.0): GrpcConnection RPC 'Write' stream 0x3e976b24 error. Code: 7 Message: 7 PERMISSION_DENIED: 
2026-10-02T16:12:46.2695054Z # false for 'create' @ L163
2026-10-02T16:12:46.2902896Z # [2026-10-02T16:12:46.289Z]  @firebase/firestore: Firestore (11.10.0): GrpcConnection RPC 'Write' stream 0x3e976b25 error. Code: 7 Message: 7 PERMISSION_DENIED: 
2026-10-02T16:12:46.2904343Z # false for 'create' @ L163
2026-10-02T16:12:46.3056497Z # [2026-10-02T16:12:46.305Z]  @firebase/firestore: Firestore (11.10.0): GrpcConnection RPC 'Write' stream 0x3e976b26 error. Code: 7 Message: 7 PERMISSION_DENIED: 
2026-10-02T16:12:46.3058269Z # false for 'create' @ L163
2026-10-02T16:12:46.3657791Z # [2026-10-02T16:12:46.365Z]  @firebase/firestore: Firestore (11.10.0): GrpcConnection RPC 'Write' stream 0x3e976b2a error. Code: 7 Message: 7 PERMISSION_DENIED: 
2026-10-02T16:12:46.3659561Z # false for 'update' @ L167
2026-10-02T16:12:46.3825585Z # [2026-10-02T16:12:46.381Z]  @firebase/firestore: Firestore (11.10.0): GrpcConnection RPC 'Write' stream 0x3e976b2b error. Code: 7 Message: 7 PERMISSION_DENIED: 
2026-10-02T16:12:46.3828929Z # false for 'delete' @ L167
2026-10-02T16:12:46.4053481Z # Subtest: events: guests and players can add a milestone; nothing else, and only the owner reads
2026-10-02T16:12:46.4059386Z ok 21 - events: guests and players can add a milestone; nothing else, and only the owner reads
2026-10-02T16:12:46.4060336Z   ---
2026-10-02T16:12:46.4060857Z   duration_ms: 266.330829
2026-10-02T16:12:46.4061428Z   type: 'test'
2026-10-02T16:12:46.4061914Z   ...
2026-10-02T16:12:46.4292321Z # [2026-10-02T16:12:46.428Z]  @firebase/firestore: Firestore (11.10.0): GrpcConnection RPC 'Write' stream 0x3e976b2d error. Code: 7 Message: 7 PERMISSION_DENIED: No matching allow statements
2026-10-02T16:12:46.4619221Z # [2026-10-02T16:12:46.461Z]  @firebase/firestore: Firestore (11.10.0): GrpcConnection RPC 'Write' stream 0x3e976b2f error. Code: 7 Message: 7 PERMISSION_DENIED: No matching allow statements
2026-10-02T16:12:46.4758418Z # [2026-10-02T16:12:46.475Z]  @firebase/firestore: Firestore (11.10.0): GrpcConnection RPC 'Write' stream 0x3e976b30 error. Code: 7 Message: 7 PERMISSION_DENIED: No matching allow statements
2026-10-02T16:12:46.4764821Z # RULES CHECKS: 77 allow + 262 deny = 339
2026-10-02T16:12:46.5086056Z # Subtest: unknown collections are closed
2026-10-02T16:12:46.5107108Z ok 22 - unknown collections are closed
2026-10-02T16:12:46.5108362Z   ---
2026-10-02T16:12:46.5109252Z   duration_ms: 71.747344
2026-10-02T16:12:46.5109855Z   type: 'test'
2026-10-02T16:12:46.5110346Z   ...
2026-10-02T16:12:46.5460152Z 1..22
2026-10-02T16:12:46.5460563Z # tests 22
2026-10-02T16:12:46.5460895Z # suites 0
2026-10-02T16:12:46.5461220Z # pass 22
2026-10-02T16:12:46.5461555Z # fail 0
2026-10-02T16:12:46.5461881Z # cancelled 0
2026-10-02T16:12:46.5462245Z # skipped 0
2026-10-02T16:12:46.5462575Z # todo 0
2026-10-02T16:12:46.5462943Z # duration_ms 6538.014632
2026-10-02T16:12:46.5912549Z TAP version 13
2026-10-02T16:12:47.1528893Z # Subtest: core: an accepted action writes its effect and its ledger row together; a replay returns the stored result and changes nothing
2026-10-02T16:12:47.1534737Z ok 1 - core: an accepted action writes its effect and its ledger row together; a replay returns the stored result and changes nothing
2026-10-02T16:12:47.1535489Z   ---
2026-10-02T16:12:47.1535734Z   duration_ms: 444.131457
2026-10-02T16:12:47.1536421Z   type: 'test'
2026-10-02T16:12:47.1536643Z   ...
2026-10-02T16:12:47.2142240Z # Subtest: core: a refused action (NOT_MATURE_YET) writes nothing and does NOT use up its key; the same key succeeds later
2026-10-02T16:12:47.2144395Z ok 2 - core: a refused action (NOT_MATURE_YET) writes nothing and does NOT use up its key; the same key succeeds later
2026-10-02T16:12:47.2150512Z   ---
2026-10-02T16:12:47.2151021Z   duration_ms: 56.86047
2026-10-02T16:12:47.2151547Z   type: 'test'
2026-10-02T16:12:47.2151985Z   ...
2026-10-02T16:12:50.7429539Z # Subtest: core: ten simultaneous calls with one key apply exactly once
2026-10-02T16:12:50.7430608Z ok 3 - core: ten simultaneous calls with one key apply exactly once
2026-10-02T16:12:50.7431916Z   ---
2026-10-02T16:12:50.7432301Z   duration_ms: 3533.414208
2026-10-02T16:12:50.7432665Z   type: 'test'
2026-10-02T16:12:50.7433004Z   ...
2026-10-02T16:12:50.8077105Z # Subtest: core: balances never go negative, fractional or unknown; a refused spend changes nothing
2026-10-02T16:12:50.8078428Z ok 4 - core: balances never go negative, fractional or unknown; a refused spend changes nothing
2026-10-02T16:12:50.8079357Z   ---
2026-10-02T16:12:50.8079702Z   duration_ms: 47.97051
2026-10-02T16:12:50.8080097Z   type: 'test'
2026-10-02T16:12:50.8080415Z   ...
2026-10-02T16:12:51.6328408Z [36m[1mi  functions:[22m[39m Beginning execution of "us-central1-economyAct"
2026-10-02T16:12:51.6443472Z [90m> [39m {"verifications":{"app":"MISSING","auth":"MISSING"},"logging.googleapis.com/labels":{"firebase-log-type":"callable-request-verification"},"severity":"DEBUG","message":"Callable request verification passed"}
2026-10-02T16:12:51.6470457Z [36m[1mi  functions:[22m[39m Finished "us-central1-economyAct" in 13.936029ms
2026-10-02T16:12:51.6755913Z [36m[1mi  functions:[22m[39m Beginning execution of "us-central1-economyAct"
2026-10-02T16:12:51.6781185Z [90m> [39m {"verifications":{"app":"MISSING","auth":"VALID"},"logging.googleapis.com/labels":{"firebase-log-type":"callable-request-verification"},"severity":"DEBUG","message":"Callable request verification passed"}
2026-10-02T16:12:51.6801753Z [36m[1mi  functions:[22m[39m Finished "us-central1-economyAct" in 3.98677ms
2026-10-02T16:12:51.6828024Z [36m[1mi  functions:[22m[39m Beginning execution of "us-central1-economyAct"
2026-10-02T16:12:51.6849107Z [90m> [39m {"verifications":{"app":"MISSING","auth":"VALID"},"logging.googleapis.com/labels":{"firebase-log-type":"callable-request-verification"},"severity":"DEBUG","message":"Callable request verification passed"}
2026-10-02T16:12:51.6869939Z [36m[1mi  functions:[22m[39m Finished "us-central1-economyAct" in 2.480077ms
2026-10-02T16:12:51.6897715Z [36m[1mi  functions:[22m[39m Beginning execution of "us-central1-economyAct"
2026-10-02T16:12:51.6971292Z [90m> [39m {"verifications":{"app":"MISSING","auth":"VALID"},"logging.googleapis.com/labels":{"firebase-log-type":"callable-request-verification"},"severity":"DEBUG","message":"Callable request verification passed"}
2026-10-02T16:12:51.7000307Z [36m[1mi  functions:[22m[39m Finished "us-central1-economyAct" in 2.114818ms
2026-10-02T16:12:51.7029976Z [36m[1mi  functions:[22m[39m Beginning execution of "us-central1-economyAct"
2026-10-02T16:12:51.7041211Z [90m> [39m {"verifications":{"app":"MISSING","auth":"VALID"},"logging.googleapis.com/labels":{"firebase-log-type":"callable-request-verification"},"severity":"DEBUG","message":"Callable request verification passed"}
2026-10-02T16:12:51.7043192Z [36m[1mi  functions:[22m[39m Finished "us-central1-economyAct" in 2.629641ms
2026-10-02T16:12:51.7044323Z [36m[1mi  functions:[22m[39m Beginning execution of "us-central1-economyAct"
2026-10-02T16:12:51.7046566Z [90m> [39m {"verifications":{"app":"MISSING","auth":"VALID"},"logging.googleapis.com/labels":{"firebase-log-type":"callable-request-verification"},"severity":"DEBUG","message":"Callable request verification passed"}
2026-10-02T16:12:51.7050117Z [36m[1mi  functions:[22m[39m Finished "us-central1-economyAct" in 2.745595ms
2026-10-02T16:12:51.7076475Z [36m[1mi  functions:[22m[39m Beginning execution of "us-central1-economyAct"
2026-10-02T16:12:51.7093306Z [90m> [39m {"verifications":{"app":"MISSING","auth":"VALID"},"logging.googleapis.com/labels":{"firebase-log-type":"callable-request-verification"},"severity":"DEBUG","message":"Callable request verification passed"}
2026-10-02T16:12:51.7097891Z [36m[1mi  functions:[22m[39m Finished "us-central1-economyAct" in 2.111993ms
2026-10-02T16:12:51.7131612Z # Subtest: callable economyAct: signed out is refused; unknown and test-only actions are refused
2026-10-02T16:12:51.7133021Z ok 5 - callable economyAct: signed out is refused; unknown and test-only actions are refused
2026-10-02T16:12:51.7133833Z   ---
2026-10-02T16:12:51.7134199Z   duration_ms: 920.828914
2026-10-02T16:12:51.7134665Z   type: 'test'
2026-10-02T16:12:51.7135080Z   ...
2026-10-02T16:12:51.7353517Z [36m[1mi  functions:[22m[39m Beginning execution of "us-central1-economyAct"
2026-10-02T16:12:51.7383235Z [90m> [39m {"verifications":{"app":"MISSING","auth":"VALID"},"logging.googleapis.com/labels":{"firebase-log-type":"callable-request-verification"},"severity":"DEBUG","message":"Callable request verification passed"}
2026-10-02T16:12:51.9786665Z [36m[1mi  functions:[22m[39m Finished "us-central1-economyAct" in 243.148278ms
2026-10-02T16:12:52.0014453Z [36m[1mi  functions:[22m[39m Beginning execution of "us-central1-economyAct"
2026-10-02T16:12:52.0040487Z [90m> [39m {"verifications":{"app":"MISSING","auth":"VALID"},"logging.googleapis.com/labels":{"firebase-log-type":"callable-request-verification"},"severity":"DEBUG","message":"Callable request verification passed"}
2026-10-02T16:12:52.0150886Z [36m[1mi  functions:[22m[39m Finished "us-central1-economyAct" in 13.507095ms
2026-10-02T16:12:52.0228210Z # Subtest: cutover is zero: a hacked legacy save (1e9 coins, 999999 wheat) is not copied; nothing is granted; no starter document
2026-10-02T16:12:52.0230483Z ok 6 - cutover is zero: a hacked legacy save (1e9 coins, 999999 wheat) is not copied; nothing is granted; no starter document
2026-10-02T16:12:52.0233341Z   ---
2026-10-02T16:12:52.0233666Z   duration_ms: 308.753117
2026-10-02T16:12:52.0233954Z   type: 'test'
2026-10-02T16:12:52.0234175Z   ...
2026-10-02T16:12:52.0234729Z # Subtest: catalog: the server's crop rules match game.js exactly (grow time, seed price, sale price)
2026-10-02T16:12:52.0235470Z ok 7 - catalog: the server's crop rules match game.js exactly (grow time, seed price, sale price)
2026-10-02T16:12:52.0235914Z   ---
2026-10-02T16:12:52.0236133Z   duration_ms: 1.957531
2026-10-02T16:12:52.0236381Z   type: 'test'
2026-10-02T16:12:52.0236695Z   ...
2026-10-02T16:12:52.0863933Z # Subtest: bootstrap: a new canonical account plants ONE wheat free; it costs 0; a retry returns the original; a second is refused
2026-10-02T16:12:52.0865607Z ok 8 - bootstrap: a new canonical account plants ONE wheat free; it costs 0; a retry returns the original; a second is refused
2026-10-02T16:12:52.0866195Z   ---
2026-10-02T16:12:52.0866432Z   duration_ms: 63.386543
2026-10-02T16:12:52.0866703Z   type: 'test'
2026-10-02T16:12:52.0866923Z   ...
2026-10-02T16:12:52.1712764Z # Subtest: bootstrap: only wheat; a refused attempt (other crop, busy plot) does not use it up
2026-10-02T16:12:52.1713918Z ok 9 - bootstrap: only wheat; a refused attempt (other crop, busy plot) does not use it up
2026-10-02T16:12:52.1716924Z   ---
2026-10-02T16:12:52.1717304Z   duration_ms: 84.49331
2026-10-02T16:12:52.1717589Z   type: 'test'
2026-10-02T16:12:52.1717815Z   ...
2026-10-02T16:12:55.4405956Z # Subtest: bootstrap: two devices at the same moment (different requests, different plots): exactly one free planting
2026-10-02T16:12:55.4407874Z ok 10 - bootstrap: two devices at the same moment (different requests, different plots): exactly one free planting
2026-10-02T16:12:55.4411109Z   ---
2026-10-02T16:12:55.4411696Z   duration_ms: 3268.557086
2026-10-02T16:12:55.4412303Z   type: 'test'
2026-10-02T16:12:55.4413455Z   ...
2026-10-02T16:12:55.5568069Z # Subtest: economy bootstraps itself: free wheat -> harvest 2 -> replant with 1 wheat -> harvest -> 3 wheat, 0 coins, no more free plants
2026-10-02T16:12:55.5569718Z ok 11 - economy bootstraps itself: free wheat -> harvest 2 -> replant with 1 wheat -> harvest -> 3 wheat, 0 coins, no more free plants
2026-10-02T16:12:55.5570612Z   ---
2026-10-02T16:12:55.5570940Z   duration_ms: 117.033978
2026-10-02T16:12:55.5571322Z   type: 'test'
2026-10-02T16:12:55.5571631Z   ...
2026-10-02T16:12:55.6481554Z # Subtest: harvest: server time only; early, wrong crop, wrong or unknown generation are refused and use nothing up
2026-10-02T16:12:55.6482832Z ok 12 - harvest: server time only; early, wrong crop, wrong or unknown generation are refused and use nothing up
2026-10-02T16:12:55.6483479Z   ---
2026-10-02T16:12:55.6483877Z   duration_ms: 91.369231
2026-10-02T16:12:55.6484477Z   type: 'test'
2026-10-02T16:12:55.6484888Z   ...
2026-10-02T16:12:59.1414161Z # Subtest: harvest: replays and an old generation never grant twice; two devices harvesting one generation get one grant
2026-10-02T16:12:59.1415646Z ok 13 - harvest: replays and an old generation never grant twice; two devices harvesting one generation get one grant
2026-10-02T16:12:59.1416373Z   ---
2026-10-02T16:12:59.1416898Z   duration_ms: 3492.00277
2026-10-02T16:12:59.1417489Z   type: 'test'
2026-10-02T16:12:59.1418011Z   ...
2026-10-02T16:12:59.1474030Z [36m[1mi  functions:[22m[39m Beginning execution of "us-central1-economyAct"
2026-10-02T16:12:59.1496719Z [90m> [39m {"verifications":{"app":"MISSING","auth":"VALID"},"logging.googleapis.com/labels":{"firebase-log-type":"callable-request-verification"},"severity":"DEBUG","message":"Callable request verification passed"}
2026-10-02T16:12:59.1771248Z [36m[1mi  functions:[22m[39m Finished "us-central1-economyAct" in 29.546124ms
2026-10-02T16:12:59.1814502Z [36m[1mi  functions:[22m[39m Beginning execution of "us-central1-economyAct"
2026-10-02T16:12:59.1826833Z [90m> [39m {"verifications":{"app":"MISSING","auth":"VALID"},"logging.googleapis.com/labels":{"firebase-log-type":"callable-request-verification"},"severity":"DEBUG","message":"Callable request verification passed"}
2026-10-02T16:12:59.2004965Z [36m[1mi  functions:[22m[39m Finished "us-central1-economyAct" in 18.66847ms
2026-10-02T16:13:20.6627375Z [36m[1mi  functions:[22m[39m Beginning execution of "us-central1-economyAct"
2026-10-02T16:13:20.6651763Z [90m> [39m {"verifications":{"app":"MISSING","auth":"VALID"},"logging.googleapis.com/labels":{"firebase-log-type":"callable-request-verification"},"severity":"DEBUG","message":"Callable request verification passed"}
2026-10-02T16:13:20.6835965Z [36m[1mi  functions:[22m[39m Finished "us-central1-economyAct" in 20.736137ms
2026-10-02T16:13:20.6856771Z [36m[1mi  functions:[22m[39m Beginning execution of "us-central1-economyAct"
2026-10-02T16:13:20.6870423Z [90m> [39m {"verifications":{"app":"MISSING","auth":"VALID"},"logging.googleapis.com/labels":{"firebase-log-type":"callable-request-verification"},"severity":"DEBUG","message":"Callable request verification passed"}
2026-10-02T16:13:20.6949712Z [36m[1mi  functions:[22m[39m Finished "us-central1-economyAct" in 8.785456ms
2026-10-02T16:13:20.7000215Z # Subtest: callable, real time: plant online, wait offline past maturity (nothing sent), harvest later: granted once
2026-10-02T16:13:20.7002463Z ok 14 - callable, real time: plant online, wait offline past maturity (nothing sent), harvest later: granted once
2026-10-02T16:13:20.7003694Z   ---
2026-10-02T16:13:20.7004694Z   duration_ms: 21559.180468
2026-10-02T16:13:20.7005561Z   type: 'test'
2026-10-02T16:13:20.7006352Z   ...
2026-10-02T16:13:20.7064227Z [36m[1mi  functions:[22m[39m Beginning execution of "us-central1-economyAct"
2026-10-02T16:13:20.7094442Z [90m> [39m {"verifications":{"app":"MISSING","auth":"VALID"},"logging.googleapis.com/labels":{"firebase-log-type":"callable-request-verification"},"severity":"DEBUG","message":"Callable request verification passed"}
2026-10-02T16:13:20.7290689Z [36m[1mi  functions:[22m[39m Finished "us-central1-economyAct" in 21.739494ms
2026-10-02T16:13:21.8386001Z [36m[1mi  functions:[22m[39m Beginning execution of "us-central1-economyAct"
2026-10-02T16:13:21.8399828Z [90m> [39m {"verifications":{"app":"MISSING","auth":"VALID"},"logging.googleapis.com/labels":{"firebase-log-type":"callable-request-verification"},"severity":"DEBUG","message":"Callable request verification passed"}
2026-10-02T16:13:21.8545321Z [36m[1mi  functions:[22m[39m Finished "us-central1-economyAct" in 15.782853ms
2026-10-02T16:13:21.8595251Z # Subtest: callable: sign out and back in, a new device, or an edited legacy save cannot bring the bootstrap back
2026-10-02T16:13:21.8596657Z ok 15 - callable: sign out and back in, a new device, or an edited legacy save cannot bring the bootstrap back
2026-10-02T16:13:21.8597444Z   ---
2026-10-02T16:13:21.8597681Z   duration_ms: 1159.39248
2026-10-02T16:13:21.8597962Z   type: 'test'
2026-10-02T16:13:21.8598179Z   ...
2026-10-02T16:13:22.0348059Z # Subtest: market: the server creates the listing and holds the goods; refusals change nothing
2026-10-02T16:13:22.0349416Z ok 16 - market: the server creates the listing and holds the goods; refusals change nothing
2026-10-02T16:13:22.0355727Z   ---
2026-10-02T16:13:22.0356168Z   duration_ms: 175.179666
2026-10-02T16:13:22.0356587Z   type: 'test'
2026-10-02T16:13:22.0356840Z   ...
2026-10-02T16:13:22.1049955Z # Subtest: market: buying is one atomic step: buyer pays, seller is paid at once (no collect), goods move, listing is gone
2026-10-02T16:13:22.1054824Z ok 17 - market: buying is one atomic step: buyer pays, seller is paid at once (no collect), goods move, listing is gone
2026-10-02T16:13:22.1056037Z   ---
2026-10-02T16:13:22.1056594Z   duration_ms: 70.200633
2026-10-02T16:13:22.1057190Z   type: 'test'
2026-10-02T16:13:22.1058209Z   ...
2026-10-02T16:13:22.2048037Z # Subtest: market: self-buy, not enough canonical coins, legacy wealth and legacy listings are refused without side effects
2026-10-02T16:13:22.2050219Z ok 18 - market: self-buy, not enough canonical coins, legacy wealth and legacy listings are refused without side effects
2026-10-02T16:13:22.2051502Z   ---
2026-10-02T16:13:22.2052085Z   duration_ms: 99.933591
2026-10-02T16:13:22.2052751Z   type: 'test'
2026-10-02T16:13:22.2053097Z   ...
2026-10-02T16:13:25.4402482Z # Subtest: market: two buyers at the same moment: exactly one gets it; the seller is paid once
2026-10-02T16:13:25.4404019Z ok 19 - market: two buyers at the same moment: exactly one gets it; the seller is paid once
2026-10-02T16:13:25.4405082Z   ---
2026-10-02T16:13:25.4405752Z   duration_ms: 3235.304193
2026-10-02T16:13:25.4406168Z   type: 'test'
2026-10-02T16:13:25.4406474Z   ...
2026-10-02T16:13:25.5505843Z # Subtest: market: the seller takes back an unsold listing (goods return); nobody else can; a sold one is gone
2026-10-02T16:13:25.5507681Z ok 20 - market: the seller takes back an unsold listing (goods return); nobody else can; a sold one is gone
2026-10-02T16:13:25.5508862Z   ---
2026-10-02T16:13:25.5509475Z   duration_ms: 109.951122
2026-10-02T16:13:25.5509839Z   type: 'test'
2026-10-02T16:13:25.5510074Z   ...
2026-10-02T16:13:25.5638867Z [36m[1mi  functions:[22m[39m Beginning execution of "us-central1-economyAct"
2026-10-02T16:13:25.5663532Z [90m> [39m {"verifications":{"app":"MISSING","auth":"VALID"},"logging.googleapis.com/labels":{"firebase-log-type":"callable-request-verification"},"severity":"DEBUG","message":"Callable request verification passed"}
2026-10-02T16:13:25.5957558Z [36m[1mi  functions:[22m[39m Finished "us-central1-economyAct" in 31.676139ms
2026-10-02T16:13:25.5988437Z [36m[1mi  functions:[22m[39m Beginning execution of "us-central1-economyAct"
2026-10-02T16:13:25.6001436Z [90m> [39m {"verifications":{"app":"MISSING","auth":"VALID"},"logging.googleapis.com/labels":{"firebase-log-type":"callable-request-verification"},"severity":"DEBUG","message":"Callable request verification passed"}
2026-10-02T16:13:25.6243636Z [36m[1mi  functions:[22m[39m Finished "us-central1-economyAct" in 24.664909ms
2026-10-02T16:13:25.6386240Z [36m[1mi  functions:[22m[39m Beginning execution of "us-central1-economyAct"
2026-10-02T16:13:25.6389178Z [90m> [39m {"verifications":{"app":"MISSING","auth":"VALID"},"logging.googleapis.com/labels":{"firebase-log-type":"callable-request-verification"},"severity":"DEBUG","message":"Callable request verification passed"}
2026-10-02T16:13:25.6507518Z [36m[1mi  functions:[22m[39m Finished "us-central1-economyAct" in 13.912689ms
2026-10-02T16:13:25.6529792Z # Subtest: market end to end through the callable: one player lists canonical wheat, another buys it, self-buy refused
2026-10-02T16:13:25.6531563Z ok 21 - market end to end through the callable: one player lists canonical wheat, another buys it, self-buy refused
2026-10-02T16:13:25.6532963Z   ---
2026-10-02T16:13:25.6533609Z   duration_ms: 103.08823
2026-10-02T16:13:25.6534035Z   type: 'test'
2026-10-02T16:13:25.6534381Z   ...
2026-10-02T16:13:25.6574789Z [36m[1mi  functions:[22m[39m Beginning execution of "us-central1-economyAct"
2026-10-02T16:13:25.6587888Z [90m> [39m {"verifications":{"app":"MISSING","auth":"VALID"},"logging.googleapis.com/labels":{"firebase-log-type":"callable-request-verification"},"severity":"DEBUG","message":"Callable request verification passed"}
2026-10-02T16:13:25.6702843Z [36m[1mi  functions:[22m[39m Finished "us-central1-economyAct" in 12.588349ms
2026-10-02T16:13:25.6804484Z # Subtest: the server writes to the game's database (named "default"), not to the admin SDK's unnamed "(default)" one
2026-10-02T16:13:25.6805968Z ok 22 - the server writes to the game's database (named "default"), not to the admin SDK's unnamed "(default)" one
2026-10-02T16:13:25.6806553Z   ---
2026-10-02T16:13:25.6806823Z   duration_ms: 27.177119
2026-10-02T16:13:25.6807403Z   type: 'test'
2026-10-02T16:13:25.6807689Z   ...
2026-10-02T16:13:25.7344036Z # Subtest: sell: verified crops sell at the base price for verified coins; legacy goods can't be sold; replays pay once
2026-10-02T16:13:25.7346621Z ok 23 - sell: verified crops sell at the base price for verified coins; legacy goods can't be sold; replays pay once
2026-10-02T16:13:25.7347277Z   ---
2026-10-02T16:13:25.7347515Z   duration_ms: 54.167557
2026-10-02T16:13:25.7347770Z   type: 'test'
2026-10-02T16:13:25.7347987Z   ...
2026-10-02T16:13:25.7919028Z # Subtest: the bootstrap path B: free wheat -> harvest 2 -> sell 2 (4 coins) -> buy a wheat seed (1 coin) -> 3 coins left
2026-10-02T16:13:25.7920881Z ok 24 - the bootstrap path B: free wheat -> harvest 2 -> sell 2 (4 coins) -> buy a wheat seed (1 coin) -> 3 coins left
2026-10-02T16:13:25.7921809Z   ---
2026-10-02T16:13:25.7922421Z   duration_ms: 56.787428
2026-10-02T16:13:25.7922863Z   type: 'test'
2026-10-02T16:13:25.7923207Z   ...
2026-10-02T16:13:25.8807505Z # Subtest: legacy close-out: a 7G listing goes back to the PHONE farm only; nothing canonical moves; it can't be closed twice
2026-10-02T16:13:25.8809331Z ok 25 - legacy close-out: a 7G listing goes back to the PHONE farm only; nothing canonical moves; it can't be closed twice
2026-10-02T16:13:25.8810203Z   ---
2026-10-02T16:13:25.8810544Z   duration_ms: 89.917576
2026-10-02T16:13:25.8810932Z   type: 'test'
2026-10-02T16:13:25.8811270Z   ...
2026-10-02T16:13:25.9006717Z 1..25
2026-10-02T16:13:25.9007144Z # tests 25
2026-10-02T16:13:25.9007540Z # suites 0
2026-10-02T16:13:25.9007924Z # pass 25
2026-10-02T16:13:25.9008269Z # fail 0
2026-10-02T16:13:25.9008628Z # cancelled 0
2026-10-02T16:13:25.9009241Z # skipped 0
2026-10-02T16:13:25.9009575Z # todo 0
2026-10-02T16:13:25.9010090Z # duration_ms 39320.660037
2026-10-02T16:13:25.9497444Z TAP version 13
2026-10-02T16:13:26.3502303Z # Subtest: planting needs a connection: offline it is refused on the device and nothing reaches the server
2026-10-02T16:13:26.3506927Z ok 1 - planting needs a connection: offline it is refused on the device and nothing reaches the server
2026-10-02T16:13:26.3509644Z   ---
2026-10-02T16:13:26.3510035Z   duration_ms: 276.175225
2026-10-02T16:13:26.3510450Z   type: 'test'
2026-10-02T16:13:26.3510786Z   ...
2026-10-02T16:13:26.3823441Z # Subtest: a planting whose answer was lost is re-sent with the same request id: one plot, one generation, one free bootstrap
2026-10-02T16:13:26.3825012Z ok 2 - a planting whose answer was lost is re-sent with the same request id: one plot, one generation, one free bootstrap
2026-10-02T16:13:26.3825808Z   ---
2026-10-02T16:13:26.3826042Z   duration_ms: 32.377457
2026-10-02T16:13:26.3826299Z   type: 'test'
2026-10-02T16:13:26.3826513Z   ...
2026-10-02T16:13:26.4220925Z # Subtest: offline harvest: queued and shown as provisional; confirmed once on reconnect; the queue empties
2026-10-02T16:13:26.4222324Z ok 3 - offline harvest: queued and shown as provisional; confirmed once on reconnect; the queue empties
2026-10-02T16:13:26.4223099Z   ---
2026-10-02T16:13:26.4223419Z   duration_ms: 39.399532
2026-10-02T16:13:26.4223789Z   type: 'test'
2026-10-02T16:13:26.4224105Z   ...
2026-10-02T16:13:26.4762922Z # Subtest: a harvest sent too early stays queued (NOT_MATURE_YET is temporary) and succeeds later
2026-10-02T16:13:26.4770307Z ok 4 - a harvest sent too early stays queued (NOT_MATURE_YET is temporary) and succeeds later
2026-10-02T16:13:26.4792116Z   ---
2026-10-02T16:13:26.4792583Z   duration_ms: 51.165847
2026-10-02T16:13:26.4793041Z   type: 'test'
2026-10-02T16:13:26.4793401Z   ...
2026-10-02T16:13:29.2351979Z # Subtest: two devices harvest the same crop offline: on reconnect there is ONE grant, and both queues clear
2026-10-02T16:13:29.2353341Z ok 5 - two devices harvest the same crop offline: on reconnect there is ONE grant, and both queues clear
2026-10-02T16:13:29.2354093Z   ---
2026-10-02T16:13:29.2354417Z   duration_ms: 2761.829704
2026-10-02T16:13:29.2354785Z   type: 'test'
2026-10-02T16:13:29.2355088Z   ...
2026-10-02T16:13:29.2986443Z # Subtest: a stale device: its old queued harvest replays after the crop was harvested and replanted elsewhere; no second grant
2026-10-02T16:13:29.2988067Z ok 6 - a stale device: its old queued harvest replays after the crop was harvested and replanted elsewhere; no second grant
2026-10-02T16:13:29.2988982Z   ---
2026-10-02T16:13:29.2989215Z   duration_ms: 63.637862
2026-10-02T16:13:29.2989489Z   type: 'test'
2026-10-02T16:13:29.2989702Z   ...
2026-10-02T16:13:29.3353695Z # Subtest: a provisional harvest the server refuses for good is dropped, and its provisional grant disappears
2026-10-02T16:13:29.3354758Z ok 7 - a provisional harvest the server refuses for good is dropped, and its provisional grant disappears
2026-10-02T16:13:29.3355321Z   ---
2026-10-02T16:13:29.3355580Z   duration_ms: 36.644132
2026-10-02T16:13:29.3355878Z   type: 'test'
2026-10-02T16:13:29.3356105Z   ...
2026-10-02T16:13:29.3664745Z # Subtest: the queue survives an app restart (it lives in storage) and is per account
2026-10-02T16:13:29.3665904Z ok 8 - the queue survives an app restart (it lives in storage) and is per account
2026-10-02T16:13:29.3666539Z   ---
2026-10-02T16:13:29.3666867Z   duration_ms: 30.841484
2026-10-02T16:13:29.3667212Z   type: 'test'
2026-10-02T16:13:29.3667433Z   ...
2026-10-02T16:13:29.4120717Z # Subtest: offline sale does nothing: refused on the device, nothing queued, no coins; a provisional harvest can't be sold
2026-10-02T16:13:29.4122262Z ok 9 - offline sale does nothing: refused on the device, nothing queued, no coins; a provisional harvest can't be sold
2026-10-02T16:13:29.4123072Z   ---
2026-10-02T16:13:29.4123402Z   duration_ms: 44.348001
2026-10-02T16:13:29.4123731Z   type: 'test'
2026-10-02T16:13:29.4123948Z   ...
2026-10-02T16:13:29.4345537Z 1..9
2026-10-02T16:13:29.4346027Z # tests 9
2026-10-02T16:13:29.4346427Z # suites 0
2026-10-02T16:13:29.4346773Z # pass 9
2026-10-02T16:13:29.4347070Z # fail 0
2026-10-02T16:13:29.4347503Z # cancelled 0
2026-10-02T16:13:29.4347918Z # skipped 0
2026-10-02T16:13:29.4359465Z # todo 0
2026-10-02T16:13:29.4359942Z # duration_ms 3497.010151
2026-10-02T16:14:02.0275167Z PASS cloud save written through the revision transaction — rev 1
2026-10-02T16:14:02.0379836Z PASS presence heartbeat written — ["level","joined","seen"]
2026-10-02T16:14:03.0872731Z PASS showcase published
2026-10-02T16:14:03.4050959Z PASS trading post offers only verified goods — the select shows verified wheat (3), not the phone barn (5)
2026-10-02T16:14:03.4486643Z [36m[1mi  functions:[22m[39m Beginning execution of "us-central1-economyAct"
2026-10-02T16:14:03.4510517Z [90m> [39m {"verifications":{"app":"MISSING","auth":"VALID"},"logging.googleapis.com/labels":{"firebase-log-type":"callable-request-verification"},"severity":"DEBUG","message":"Callable request verification passed"}
2026-10-02T16:14:03.5007797Z [36m[1mi  functions:[22m[39m Finished "us-central1-economyAct" in 49.124883ms
2026-10-02T16:14:03.6681429Z PASS HUD shows verified coins separately; phone coins labelled LEGACY_UNVERIFIED — {"v":true,"vc":"0","legacy":"LEGACY_UNVERIFIED"}
2026-10-02T16:14:03.6973920Z PASS listing created by the server — 1 listing(s)
2026-10-02T16:14:03.7118475Z PASS seller's verified goods held by the server; phone barn untouched — {"coins":0,"items":{"wheat":2}} phone wheat 8
2026-10-02T16:14:25.5960051Z PASS sign up (two accounts)
2026-10-02T16:14:26.1402435Z PASS usernames claimed
2026-10-02T16:14:26.7031114Z PASS friend added to own list
2026-10-02T16:14:26.9725136Z PASS leaderboard shows the friend
2026-10-02T16:14:27.2866131Z [36m[1mi  functions:[22m[39m Beginning execution of "us-central1-economyAct"
2026-10-02T16:14:27.2904466Z [90m> [39m {"verifications":{"app":"MISSING","auth":"VALID"},"logging.googleapis.com/labels":{"firebase-log-type":"callable-request-verification"},"severity":"DEBUG","message":"Callable request verification passed"}
2026-10-02T16:14:27.3535679Z [36m[1mi  functions:[22m[39m Finished "us-central1-economyAct" in 64.694567ms
2026-10-02T16:14:27.5303504Z PASS buyer paid with verified coins and got verified goods (one server transaction) — {"coins":18,"items":{"wheat":1}}
2026-10-02T16:14:27.5322225Z PASS seller paid at once while away (no collect step) — grandma verified coins 2, price 2
2026-10-02T16:14:27.5354396Z PASS the sold listing is gone
2026-10-02T16:14:27.5413608Z PASS phone coins and barn untouched by trading
2026-10-02T16:14:47.7919670Z PASS seller's phone farm was not paid in phone coins — legacy coins 67 -> 67
2026-10-02T16:14:47.7983011Z PASS seller sees the sale in the verified counter after waking
2026-10-02T16:14:48.3758036Z [36m[1mi  functions:[22m[39m Beginning execution of "us-central1-economyAct"
2026-10-02T16:14:48.3764923Z [90m> [39m {"verifications":{"app":"MISSING","auth":"VALID"},"logging.googleapis.com/labels":{"firebase-log-type":"callable-request-verification"},"severity":"DEBUG","message":"Callable request verification passed"}
2026-10-02T16:14:48.4053289Z [36m[1mi  functions:[22m[39m Finished "us-central1-economyAct" in 28.468059ms
2026-10-02T16:14:48.6196620Z PASS a 7G listing goes back to the PHONE barn only (nothing verified moves) — phone wheat 8 -> 10
2026-10-02T16:15:30.5920619Z PASS damaged phone save: the cloud farm comes back and is not overwritten — coins 67 -> 67, cloud rev 2 -> 2
2026-10-02T16:15:51.8454736Z PASS visited the friend's farm
2026-10-02T16:16:22.2380246Z PASS guest play still reports milestones (open, guest) — open,open,guest,friend,account,account,open
2026-10-02T16:16:45.0571380Z PASS verified field: a separate area with six plots, online status shown
2026-10-02T16:16:45.0874923Z [36m[1mi  functions:[22m[39m Beginning execution of "us-central1-economyAct"
2026-10-02T16:16:45.0906662Z [90m> [39m {"verifications":{"app":"MISSING","auth":"VALID"},"logging.googleapis.com/labels":{"firebase-log-type":"callable-request-verification"},"severity":"DEBUG","message":"Callable request verification passed"}
2026-10-02T16:16:45.1226038Z [36m[1mi  functions:[22m[39m Finished "us-central1-economyAct" in 31.914357ms
2026-10-02T16:16:45.8368428Z PASS first wheat is free (server bootstrap), shown as such, planted on the SERVER with server times — label "🌾 Wheat · free (first planting) · 20s", plot {"state":"growing","gen":1}, economy {"coins":0,"items":{}}
2026-10-02T16:16:45.8417386Z PASS a growing verified crop shows its time left
2026-10-02T16:17:06.1370738Z [36m[1mi  functions:[22m[39m Beginning execution of "us-central1-economyAct"
2026-10-02T16:17:06.1416901Z [90m> [39m {"verifications":{"app":"MISSING","auth":"VALID"},"logging.googleapis.com/labels":{"firebase-log-type":"callable-request-verification"},"severity":"DEBUG","message":"Callable request verification passed"}
2026-10-02T16:17:06.1731380Z [36m[1mi  functions:[22m[39m Finished "us-central1-economyAct" in 35.386695ms
2026-10-02T16:17:06.6660322Z PASS harvest goes to VERIFIED goods only; the phone barn and normal fields are unchanged — {"coins":0,"items":{"wheat":2}}
2026-10-02T16:17:06.6871771Z [36m[1mi  functions:[22m[39m Beginning execution of "us-central1-economyAct"
2026-10-02T16:17:06.6877191Z [90m> [39m {"verifications":{"app":"MISSING","auth":"VALID"},"logging.googleapis.com/labels":{"firebase-log-type":"callable-request-verification"},"severity":"DEBUG","message":"Callable request verification passed"}
2026-10-02T16:17:06.7279217Z [36m[1mi  functions:[22m[39m Finished "us-central1-economyAct" in 40.56685ms
2026-10-02T16:17:06.9430421Z PASS the second planting is paid with 1 verified wheat — label "🌾 Wheat · 1 🌾 · 20s", {"coins":0,"items":{"wheat":1}}
2026-10-02T16:17:06.9571934Z PASS offline: the field says so and planting is switched off
2026-10-02T16:17:26.9980728Z PASS offline harvest is kept on the phone as "checking", nothing verified yet — {"coins":0,"items":{"wheat":1}}
2026-10-02T16:17:27.0159154Z [36m[1mi  functions:[22m[39m Beginning execution of "us-central1-economyAct"
2026-10-02T16:17:27.0222033Z [90m> [39m {"verifications":{"app":"MISSING","auth":"VALID"},"logging.googleapis.com/labels":{"firebase-log-type":"callable-request-verification"},"severity":"DEBUG","message":"Callable request verification passed"}
2026-10-02T16:17:27.0619772Z [36m[1mi  functions:[22m[39m Finished "us-central1-economyAct" in 45.354749ms
2026-10-02T16:17:27.5290164Z PASS back online: the harvest is checked and granted once; the queue is empty; phone farm still untouched — {"coins":0,"items":{"wheat":3}} queue []
2026-10-02T16:17:35.4268973Z PASS owner dashboard loads presence, farm count and funnel — total 3
2026-10-02T16:17:35.9708265Z PASS dashboard refuses a non-owner
2026-10-02T16:17:35.9854157Z PASS no permission errors in the game
2026-10-02T16:17:36.1148176Z 
2026-10-02T16:17:36.1148945Z GAME FLOWS: 32/32 passed
2026-10-02T16:19:03.1073821Z PASS 0 race (sign-in before the game reads the save): the cloud farm still comes back — restored true after 57s, page loads +2, recover null, cloud rev 1->1, bad samples 0, stand-in writes 0
2026-10-02T16:20:08.3945727Z PASS 1.1 corrupt local + good cloud: the cloud farm is restored (same progress + sentinel), exactly one recovery reload — restored true in 49.8s, same progress true, page loads +2, recover null
2026-10-02T16:20:08.4009197Z PASS 1.1 cloud untouched until recovery, and never without the sentinel for 40 s (> 15 s upload delay) — rev 2->2, bad samples 0, stand-in writes sent 0
2026-10-02T16:20:13.4462988Z PASS 1.1 a normal save after recovery uploads the restored farm — rev 2->3
2026-10-02T16:21:18.4337509Z PASS 1.2 corrupt local + good cloud: the cloud farm is restored (same progress + sentinel), exactly one recovery reload — restored true in 49.4s, same progress true, page loads +2, recover null
2026-10-02T16:21:18.4340165Z PASS 1.2 cloud untouched until recovery, and never without the sentinel for 40 s (> 15 s upload delay) — rev 4->4, bad samples 0, stand-in writes sent 0
2026-10-02T16:21:33.5528515Z PASS 1.2 a normal save after recovery uploads the restored farm — rev 4->5
2026-10-02T16:22:29.1081318Z PASS 2 good local + corrupt cloud: phone farm kept, one page load, cloud repaired with it — page loads +1, cloud rev 8 (corrupt was 7), cloud has sentinel true
2026-10-02T16:23:17.4957446Z PASS 3 corrupt local + missing cloud: no recovery reload, copy kept, the farm starts a new cloud save — page loads +1, recover null, sync-rev 0, kept first copy true, new cloud rev 1
2026-10-02T16:24:23.3454276Z PASS 11 cloud unreachable at start (no recovery): the same visit syncs when it comes back, no reload — recover null, cloud rev 2->3, page loads +1
2026-10-02T16:25:35.3171143Z PASS 12a slow cloud read (held 30 s): gave up after 20 s, retried, real farm restored, nothing uploaded meanwhile — timeout logged true, restored true after 57s, page loads +2, bad samples 0, stand-in writes 0
2026-10-02T16:27:04.2296079Z PASS 12b late answer of the timed-out read is ignored; the newer read stands; sync keeps working; no reload — {"timeout":true,"lateIgnored":true,"retried":true,"notRecovering":true,"synced":true,"sentinel":true,"oneLoad":true} cloud rev 5->7
2026-10-02T16:28:55.6594595Z PASS 4/9/10/8 reload during recovery: still pending after a reload, same coins/different state, nothing uploaded through 25 s online (> 15 s delay) — pending 1/1/1, stand-in coins 75 = good 75, farm reads refused 4, bad samples 0, stand-in writes 0
2026-10-02T16:29:15.8343093Z PASS 6 sign-out during recovery: nothing uploaded, recovery still pending — pending 1, bad samples 0, stand-in writes 0
2026-10-02T16:29:40.7713374Z PASS 5 sign-in during recovery: cloud farm restored, cloud copy byte-identical — restored true, page loads +1, cloud rev 8
2026-10-02T16:29:49.4506546Z 
2026-10-02T16:29:49.4507453Z RECOVERY: 15/15 passed (console logs: artifacts/console-*.log)
2026-10-02T16:29:49.4632770Z [32m[1m✔ [22m[39m Script exited successfully (code 0)
2026-10-02T16:29:49.9646502Z [36m[1mi  emulators:[22m[39m Shutting down emulators.
2026-10-02T16:29:49.9649783Z [36m[1mi  functions:[22m[39m Stopping Functions Emulator
2026-10-02T16:29:49.9659748Z [36m[1mi  firestore:[22m[39m Stopping Firestore Emulator
2026-10-02T16:29:50.3010198Z [36m[1mi  auth:[22m[39m Stopping Authentication Emulator
2026-10-02T16:29:50.3012392Z [36m[1mi  eventarc:[22m[39m Stopping Eventarc Emulator
2026-10-02T16:29:50.3014839Z [36m[1mi  tasks:[22m[39m Stopping Cloud Tasks Emulator
2026-10-02T16:29:50.3017511Z [36m[1mi  hub:[22m[39m Stopping emulator hub
2026-10-02T16:29:50.3024848Z [36m[1mi  logging:[22m[39m Stopping Logging Emulator
2026-10-02T16:29:50.3560468Z ##[group]Run actions/upload-artifact@v5
2026-10-02T16:29:50.3560808Z with:
2026-10-02T16:29:50.3561033Z   name: farm3d-firebase-1
2026-10-02T16:29:50.3561298Z   path: farm3d/firebase/artifacts/
2026-10-02T16:29:50.3561600Z   if-no-files-found: ignore
2026-10-02T16:29:50.3561848Z   retention-days: 7
2026-10-02T16:29:50.3562082Z   compression-level: 6
2026-10-02T16:29:50.3562326Z   overwrite: false
2026-10-02T16:29:50.3562561Z   include-hidden-files: false
2026-10-02T16:29:50.3562808Z env:
2026-10-02T16:29:50.3563131Z   JAVA_HOME: /opt/hostedtoolcache/Java_Temurin-Hotspot_jdk/21.0.12-1/x64
2026-10-02T16:29:50.3563645Z   JAVA_HOME_21_X64: /opt/hostedtoolcache/Java_Temurin-Hotspot_jdk/21.0.12-1/x64
2026-10-02T16:29:50.3564026Z   MAVEN_ARGS: -ntp
2026-10-02T16:29:50.3564248Z ##[endgroup]
2026-10-02T16:29:50.5252469Z (node:4282) [DEP0040] DeprecationWarning: The `punycode` module is deprecated. Please use a userland alternative instead.
2026-10-02T16:29:50.5254172Z (Use `node --trace-deprecation ...` to show where the warning was created)
2026-10-02T16:29:50.5388072Z With the provided path, there will be 3 files uploaded
2026-10-02T16:29:50.5389606Z Artifact name is valid!
2026-10-02T16:29:50.5390436Z Root directory input is valid!
2026-10-02T16:29:50.8028101Z Beginning upload of artifact content to blob storage
2026-10-02T16:29:50.8242618Z (node:4282) [DEP0169] DeprecationWarning: `url.parse()` behavior is not standardized and prone to errors that have security implications. Use the WHATWG URL API instead. CVEs are not issued for `url.parse()` vulnerabilities.
2026-10-02T16:29:50.9415700Z Uploaded bytes 4798
2026-10-02T16:29:50.9730700Z Finished uploading artifact content to blob storage!
2026-10-02T16:29:50.9732091Z SHA256 digest of uploaded artifact zip is ba89317b29840b2cb67d04cf26dddaea8b9f94ccf2aa35b5f2d5625a2a3dd34e
2026-10-02T16:29:50.9733058Z Finalizing artifact upload
2026-10-02T16:29:51.1875647Z Artifact farm3d-firebase-1.zip successfully finalized. Artifact ID 11237794736
2026-10-02T16:29:51.1876986Z Artifact farm3d-firebase-1 has been successfully uploaded! Final size is 4798 bytes. Artifact ID is 11237794736
2026-10-02T16:29:51.1883146Z Artifact download URL: https://github.com/pederaus9-ux/Bugsy/actions/runs/37032184217/artifacts/11237794736
2026-10-02T16:29:51.2083217Z Post job cleanup.
2026-10-02T16:29:51.3313756Z Cache hit occurred on the primary key node-cache-Linux-x64-npm-b660949991950745c13b9e79ac4e4a31392c8aad5e11947b2d3a07bda91b5807, not saving cache.
2026-10-02T16:29:51.3450487Z Post job cleanup.
2026-10-02T16:29:51.4857683Z Post job cleanup.
2026-10-02T16:29:51.5783267Z [command]/usr/bin/git version
2026-10-02T16:29:51.5825103Z git version 2.55.0
2026-10-02T16:29:51.5895112Z Temporarily overriding HOME='/home/runner/work/_temp/0536d295-c17b-4555-87f5-317f39478edb' before making global git config changes
2026-10-02T16:29:51.5896598Z Adding repository directory to the temporary git global config as a safe directory
2026-10-02T16:29:51.5903760Z [command]/usr/bin/git config --global --add safe.directory /home/runner/work/Bugsy/Bugsy
2026-10-02T16:29:51.5933663Z Removing SSH command configuration
2026-10-02T16:29:51.5941528Z [command]/usr/bin/git config --local --name-only --get-regexp core\.sshCommand
2026-10-02T16:29:51.5982351Z [command]/usr/bin/git submodule foreach --recursive sh -c "git config --local --name-only --get-regexp 'core\.sshCommand' && git config --local --unset-all 'core.sshCommand' || :"
2026-10-02T16:29:51.6313524Z Removing HTTP extra header
2026-10-02T16:29:51.6320724Z [command]/usr/bin/git config --local --name-only --get-regexp http\.https\:\/\/github\.com\/\.extraheader
2026-10-02T16:29:51.6367640Z [command]/usr/bin/git submodule foreach --recursive sh -c "git config --local --name-only --get-regexp 'http\.https\:\/\/github\.com\/\.extraheader' && git config --local --unset-all 'http.https://github.com/.extraheader' || :"
2026-10-02T16:29:51.6658662Z Removing includeIf entries pointing to credentials config files
2026-10-02T16:29:51.6666990Z [command]/usr/bin/git config --local --name-only --get-regexp ^includeIf\.gitdir:
2026-10-02T16:29:51.6710963Z [command]/usr/bin/git submodule foreach --recursive git config --local --show-origin --name-only --get-regexp remote.origin.url
2026-10-02T16:29:51.7124286Z Cleaning up orphan processes
2026-10-02T16:29:51.7454240Z ##[warning]Node.js 20 is deprecated. The following actions target Node.js 20 but are being forced to run on Node.js 24: actions/upload-artifact@v5. For more information see: https://github.blog/changelog/2025-09-19-deprecation-of-node-20-on-github-actions-runners/
